kelas_id,kelas,poligon_id,lon,lat,B2,B3,B4,B5,B6,B7,B8,B8A,B11,B12,NDVI,NDWI,MNDWI,NDBI,NDRE,EVI,SAVI,BSI
1,Sawah,32,112.62224465,-7.41102105,0.05833040342762864,0.08464087355235418,0.08472219623962174,0.1125275785530844,0.2601313307927771,0.255608583702872,0.28123834390801283,0.2646897845837997,0.19604602969094923,0.14274552970088003,0.5369872583861799,-0.5373288791392633,-0.3969018662945082,-0.1784938262197383,0.4284544581004011,0.36335532324927355,0.340401447682976,-0.09478803270532893
1,Sawah,7,112.69548802473085,-7.96921,0.04608650265498725,0.09259883907699197,0.0735543308307887,0.1284256276599974,0.25045775487399036,0.26645011763022153,0.24328892838654798,0.2779513986207244,0.2182678759305254,0.12593263659543763,0.5357052488329114,-0.4486322618976617,-0.40425375372284783,-0.05421012574786755,0.3090094228194771,0.31691353509001624,0.31169002554735803,0.00420988585710487
1,Sawah,39,112.63073519308062,-7.42120455,0.02649412624646843,0.06913486220887699,0.06127417976196631,0.12451795608828663,0.20936129617097674,0.26057443337820785,0.2590708427211071,0.30157299889642875,0.22213681966485366,0.11781284312866776,0.6174488394060914,-0.5787101719454841,-0.5252895027296719,-0.07675277404431083,0.35077376268462507,0.3462802545131018,0.36167098758112237,-0.0037856951024630506
1,Sawah,18,112.57472482897808,-7.2106924999999995,0.04411940306193903,0.0820988646805867,0.05775137338816638,0.11279751876748839,0.21589668186611427,0.2604778025404282,0.252547893003116,0.2924308933859431,0.2209457351067556,0.09619352548802637,0.6277698341108692,-0.5093401441955462,-0.4581730546112019,-0.06674251975843852,0.3825157490710716,0.3840138978107997,0.3606010662254846,-0.031232706431749753
1,Sawah,4,112.60818113105105,-7.4320077,0.050376930668240505,0.07670096307100496,0.07512263028305205,0.1298059184784462,0.20819601080102554,0.25106416051714253,0.2704413536337746,0.3054317137961826,0.17678718943435495,0.1251858986970237,0.5652172444930381,-0.5581007577633689,-0.39483591236634924,-0.20941007778151258,0.3513713761540037,0.3634918315548087,0.3464883682355402,-0.12031619189051548
1,Sawah,37,112.62723040354808,-7.420092,0.06784433007931465,0.0777046118569068,0.07825303744039662,0.11945396378653297,0.22820950701084686,0.24568629722537774,0.2348348503737169,0.3041414870183791,0.19522507608413336,0.11316708232494854,0.5001209517442753,-0.5027532743948666,-0.43058878894122066,-0.09210291812985912,0.3256690068948282,0.3274343683603676,0.28886510661400555,-0.050682456306725736
1,Sawah,16,112.39343338266778,-7.3197831,0.029203366200947104,0.05885045445374187,0.06739243449858076,0.11905634208796531,0.23566956496992048,0.2767880762846939,0.2748127446948691,0.29357901186392665,0.23366652307397828,0.1039860934643267,0.6061284930842744,-0.647246355441473,-0.5976270830503949,-0.0809201557430569,0.39545221353543336,0.35513719770930263,0.36942359531960034,-0.004887250314007016
1,Sawah,5,112.59636835989481,-7.4253547,0.04917597700695624,0.09699034730779384,0.08896809714007055,0.10867354525983142,0.22531466837516195,0.2903718164380089,0.277621186577986,0.29292894547219656,0.20673472959848013,0.11424298611438381,0.5146170313816139,-0.48218173347296167,-0.3613280241697794,-0.14635199956415462,0.4373542452340033,0.32693017697123267,0.3265441189657501,-0.04995074261813581
1,Sawah,25,112.60687424244526,-7.41271785,0.05432328594635487,0.07621438812523275,0.06936132068433334,0.13117898059172556,0.21982892707259752,0.27798194060822157,0.3137136697262313,0.26334520041010884,0.2148601878628497,0.10859714867071642,0.6378707942853172,-0.609084871451812,-0.4763239757050082,-0.18701924103331677,0.4102892879748905,0.4619287402575329,0.4150593409880607,-0.1285003592819033
1,Sawah,28,112.61526984657937,-7.4145312,0.05866103866278875,0.08069836209991792,0.08142782161063696,0.1476325986476317,0.23288631676652272,0.2869807843262127,0.23483553159316986,0.3138567844687403,0.21562593227838509,0.13616765033617773,0.48506318529611775,-0.4884963932105534,-0.45533752136729666,-0.042644267740554055,0.2280005203639706,0.2988202635739854,0.28190848464606305,0.006023506349251713
1,Sawah,21,112.61628036887629,-7.1931285,0.03170186382737718,0.06753845177591997,0.07218907441217162,0.12974443165993807,0.23424602882014986,0.2862677274139495,0.24352169527045728,0.3046072860757596,0.2101242286493689,0.11694327208313178,0.5426885515746921,-0.5657531014493674,-0.5135215728002493,-0.07362011821662631,0.30481539871128027,0.29768148242694625,0.31506134384791784,0.012716188708188428
1,Sawah,20,112.59068907253172,-7.2069578499999984,0.027933271484226647,0.08754573002565298,0.03378838223453445,0.13972591016858069,0.20761841246790513,0.27080186868926215,0.2682124674400812,0.30754307220940824,0.20732017246479165,0.10958792158281501,0.7762365062279971,-0.5078357665222707,-0.40619970305593517,-0.12805071563419904,0.3149656026719627,0.4645949984360202,0.43844857265548337,-0.10244159009196432
1,Sawah,35,112.62479346918238,-7.416207549999999,0.04240095956043196,0.09909324153131996,0.07804445453771341,0.12421555027715259,0.22645330370053232,0.2464923436412183,0.27582711301277313,0.263602764384568,0.22127694698753184,0.12192932388736899,0.5589108480379152,-0.4713904403109105,-0.3813828797233399,-0.10973590904783984,0.37898848365268867,0.34672272433721296,0.34744568034237566,-0.030615637791523872
1,Sawah,24,112.03798337195488,-7.765235799999999,0.08580427699360885,0.06349796669413542,0.06846006863439051,0.15697431551384594,0.24787084460437123,0.2595568192263015,0.2733595114256017,0.2900299903462263,0.21422933801091235,0.10951979346022755,0.5994374054166592,-0.6229980265834331,-0.5427315507710891,-0.12127056096904815,0.27045328151179493,0.4922684894460961,0.3651009925011646,-0.11914621948259524
1,Sawah,10,112.36742554143146,-7.4511258,0.048660193959488986,0.056029214370849297,0.07202685177802123,0.1367503101013275,0.22658870881034174,0.24577423664122822,0.2848279779427719,0.295467875569892,0.19910977353448533,0.11579099329742903,0.5963240731109745,-0.671245225449609,-0.5607945683939504,-0.17712650846002126,0.3512459528625173,0.3934822537975509,0.372527151829369,-0.1031243620404841
1,Sawah,27,112.61261163607088,-7.4138023,0.02748995895827242,0.06461884808333143,0.06193282980464292,0.14842631218420227,0.2204074491366879,0.2796032048899314,0.2619252569570763,0.2937192134127781,0.20787906746784296,0.13309584900139115,0.61753105668795,-0.6042259076920208,-0.5257295952852088,-0.11503978691628843,0.2765895223303224,0.3502868450810443,0.36412659601096375,-0.03505430646246964
1,Sawah,31,112.62234025862317,-7.41343885,0.04197782992672164,0.05641207624996339,0.04927076452954551,0.12202183759085865,0.2112641004398292,0.2761531802351933,0.26301347752712884,0.3256190982503965,0.18393428107294302,0.12305449768064701,0.6844492405554787,-0.6467904592709873,-0.5305768130326859,-0.1769316318420429,0.3661784621675215,0.42961482381130833,0.3947067453685815,-0.13338303262427398
1,Sawah,30,112.61123185991968,-7.4186645,0.03308070464741497,0.07259897989425983,0.07212129210010818,0.0951194293768857,0.2335523917518204,0.29854361193411255,0.26319842552447115,0.2938971178520826,0.22537382539688097,0.11754069749959505,0.5698356607482754,-0.5676024947987196,-0.5127140540246118,-0.07741864172359707,0.4690779244723344,0.32993917671830847,0.34312095607128856,0.0020478950170524125
1,Sawah,26,112.61007802615555,-7.41234455,0.04128559717202775,0.04586395394417372,0.07961486079092461,0.12830247385406654,0.2148097422291776,0.2718989506541654,0.2612447946479073,0.2820736080332671,0.21909436734163062,0.09992426383014233,0.5328584079282982,-0.7013178263068519,-0.6538024995893403,-0.087751386008046,0.3412739125698508,0.3176921446454978,0.32400757846241196,-0.006355475511288248
1,Sawah,6,112.60586164251079,-7.4207596,0.06570972929110638,0.059034707553223945,0.06005947887467105,0.15884419291099866,0.24691032142463634,0.2714640598874316,0.2558920467674818,0.28206091539950157,0.21109912971878544,0.12056284848509397,0.6198183942140307,-0.6250892815181363,-0.5629225243985955,-0.09591812267162919,0.2339989717265108,0.4357932265916163,0.3600077242432216,-0.08509874931949703
1,Sawah,29,112.61359210789858,-7.4173312,0.04863693605561056,0.07953751228873723,0.06678437335442329,0.10837031896539981,0.22225233886758752,0.2837193608098027,0.24947498553673325,0.2871566673269108,0.19770369106843733,0.12167025644097167,0.5776607283502521,-0.5165076520030378,-0.4262215605854337,-0.1157731731431224,0.39431750089143575,0.3553174391305947,0.3357216248591963,-0.059765122548028946
1,Sawah,11,112.34425977075793,-7.4489127,0.04417050228399773,0.10216090497462003,0.07759874731285381,0.11032295251334184,0.2400684201742055,0.2583802221560691,0.26134505442933703,0.2947072853016068,0.20262378870404796,0.13339283724484433,0.5421143730314646,-0.43791345065654147,-0.32961918850730054,-0.12656295022345826,0.40633602755308124,0.3291390254395661,0.32853149412673444,-0.043181450834716834
1,Sawah,23,112.18674006635058,-8.1273892,0.03838234907729907,0.07071580171112955,0.060154436596778375,0.12151541877467442,0.2464878733332172,0.2794319444041546,0.2956491593101811,0.3240146630584888,0.1945392445210149,0.12105628690990933,0.6618671782988838,-0.613959796695754,-0.4668089979887101,-0.20626745511041814,0.4174221620577381,0.43014049571722895,0.41276069154131895,-0.1347620732885495
1,Sawah,9,112.3201666900811,-7.441549950000001,0.032356995250348505,0.068335911083776,0.060548762346164964,0.1141426768879259,0.21422169090652382,0.2678357343221962,0.25174922372420394,0.30263190438706444,0.19623369693873727,0.16214353455144587,0.612237251900559,-0.5730141519300607,-0.48341828196933195,-0.12392331069092878,0.3760852487578429,0.34830485010685747,0.35307325265510764,-0.050516419990634547
1,Sawah,36,112.6267239471589,-7.41485645,0.04322923323553408,0.08108026462875578,0.05056988223300948,0.15559137637191459,0.24679251021204376,0.27445373806104173,0.24979796176830654,0.29316000316586927,0.19317853430974116,0.1419353289521004,0.6632803172870391,-0.5099087312780034,-0.40873171510312023,-0.12781587247187437,0.23238545344135603,0.4052652619835307,0.3733809666926776,-0.09180517391112408
1,Sawah,22,112.82036538985469,-7.425402500000001,0.06213792097779759,0.08143158557731604,0.03345436505129017,0.11524876032011455,0.24031641697399808,0.28819325537584733,0.286637547172382,0.26611980496637816,0.21452328460219355,0.13523272824724394,0.7909702546723627,-0.5575201579782952,-0.44970268100149474,-0.14389445035228,0.4264608752041309,0.6197393305172685,0.46308806064418034,-0.1689104175924033
1,Sawah,19,112.54703340139203,-7.2070052,0.025124966516266327,0.07988143226940146,0.07410763597462686,0.12548853122729897,0.20221757216898198,0.2651145283488941,0.26509041854617466,0.2877789139317837,0.20154792861862394,0.11335481770137798,0.5630420913773064,-0.5368814449701448,-0.4323162854543618,-0.1361707415977522,0.3574229667072904,0.3138482053644834,0.3413665848175781,-0.02572993091855888
1,Sawah,3,112.73279335081111,-7.140221,0.04940440576479534,0.08663681907454567,0.06543359855715,0.12385526607447997,0.2313853105738169,0.2411862611115723,0.2771555269083969,0.2899915535431556,0.21059540289896342,0.13441101461391697,0.6180053947875053,-0.5237018024537614,-0.4170428851365338,-0.1364633459525303,0.3822846245890898,0.40740071790300764,0.3769131156913515,-0.08385638744965622
1,Sawah,0,112.7155369630735,-7.1405499,0.020707767049276283,0.05039249195211555,0.0741070576798528,0.12989324717307227,0.23255265414787898,0.2630680938724133,0.27996530511359896,0.30398958264486675,0.2172597344092729,0.11608757312393125,0.5814016243126888,-0.6949217318485001,-0.623447987346096,-0.1261110475015219,0.366155730402826,0.3279461007467943,0.3615470826624747,-0.01571900917481014
1,Sawah,15,112.3863333456237,-7.319099700000001,0.018384659185783962,0.09153854312055693,0.0883259299932639,0.1396683761797597,0.2168053635894874,0.2801069159050164,0.2829079456194217,0.31338224371698625,0.19685835113658062,0.11660318123183792,0.524149405225667,-0.5110727640463517,-0.36519050568182954,-0.17935731393663634,0.33896733373708904,0.2904246325202841,0.335011105065193,-0.027466254909965557
1,Sawah,17,112.38894023453446,-7.3278500000000015,0.06120908076715183,0.08086115107157237,0.05324008596923088,0.13621924427540055,0.2386799245072275,0.27131944344496506,0.27329377390769916,0.28611941147471404,0.2321741840357409,0.10648961724430984,0.6739077146471067,-0.5433571827471623,-0.4833736499073578,-0.08134954776937582,0.33472569420561066,0.4852700271255492,0.3993551237657112,-0.07918572118175787
1,Sawah,34,112.62168740211162,-7.41832315,0.04119018855854332,0.08016478270291288,0.0831843104155134,0.10753940244858196,0.2103455487535184,0.23943407238397926,0.27049042837879905,0.2732254127419018,0.20423174834973123,0.1299206728483756,0.5295999314856858,-0.542771472142086,-0.4362464083206631,-0.13957359301413935,0.4310533513784306,0.32058256446805705,0.32911736071954195,-0.04050190748119199
1,Sawah,12,112.22156229883507,-7.3854763000000005,0.04037685918825731,0.08346923034115047,0.06550993138372417,0.14008171472644657,0.23712692101022015,0.25962099455738086,0.2674702236989932,0.3056561509658074,0.21590065305381145,0.09904556913373302,0.6065235078606275,-0.5243097939409377,-0.4423672173315294,-0.10668737613016556,0.3125699981998292,0.3718785285910283,0.36368265993422216,-0.044864071985472445
1,Sawah,14,112.385337186938,-7.326662349999999,0.059834270917570744,0.06373084066345643,0.0911876960494151,0.1453614825976154,0.234348282138776,0.27235849265154294,0.2668645161595887,0.3001778592710004,0.20443832745806906,0.1235335480595984,0.4906458154124766,-0.6144480576913057,-0.5246967324974208,-0.13245451287730423,0.2947485933287495,0.3216973496615105,0.3071086192841999,-0.04993013775323194
1,Sawah,38,112.62858534765076,-7.416173771184244,0.06307901549779177,0.07157290184711615,0.06075710890013959,0.11208451778913311,0.21403290880810744,0.2425740703283775,0.28094743183523296,0.3171337181312415,0.23137993415205457,0.09560873267060224,0.6443880488589354,-0.593936035425534,-0.5274980551028009,-0.09674965827934841,0.42964169650290807,0.4695300202294257,0.3924007397109672,-0.0815661460984559
1,Sawah,2,112.72536229437314,-7.138644449999999,0.060872820073343006,0.10133159524885335,0.06314785028892005,0.13152171145975075,0.19988160423792994,0.27400104251964963,0.25404660405847923,0.2929945252686727,0.18658195616716677,0.12814287336716393,0.6018350905928733,-0.4297253142639511,-0.2960970756775321,-0.15311002015768965,0.3177773882075069,0.4056884844601667,0.35040390831214413,-0.11545152995676425
1,Sawah,33,112.62570185301402,-7.4131722,0.06536769013140034,0.06825230207427249,0.052946161278843495,0.09765965436175028,0.22600379698887235,0.2612760909857759,0.24673470881477919,0.2967952813446826,0.20325044427203026,0.10386396062032151,0.6466497071659759,-0.5666341785653491,-0.49722569483087814,-0.0966348870575408,0.4328614807895523,0.45102598753369805,0.3634985306949657,-0.09837390678945267
1,Sawah,1,112.72189266944075,-7.1415694,0.041681413915393296,0.09606956808394423,0.07904405415632834,0.12804960907752266,0.2392865752769728,0.25258632065419895,0.2704855515109055,0.292209834957297,0.20295245237251908,0.12653187503936125,0.5477118209812685,-0.4758247085565659,-0.35744151473518365,-0.14264401767875645,0.35739868438629274,0.3341879890565301,0.3380250012668175,-0.05077804387300148
1,Sawah,13,112.22688658274035,-7.38635395,0.03829349818033324,0.08764731061664177,0.07827788157296939,0.08624260178954402,0.24785458555265177,0.2242855115197087,0.26075926461665816,0.3053802205138663,0.20524069912121337,0.09800721026295686,0.5382341863017881,-0.4968676420277934,-0.40149608107319124,-0.1191385615805237,0.5029271575153341,0.3160999547427753,0.3262335592751817,-0.026664857874834837
1,Sawah,8,112.69468971061374,-7.981586999999999,0.03359394407424994,0.09540358619480929,0.041177432041770434,0.14693486651443027,0.22917346851436568,0.2521140700433635,0.26125327391545966,0.27474163488347536,0.2229933780128779,0.13098641714644257,0.7276901346688068,-0.4650119086574195,-0.4007255274397576,-0.07900910759262125,0.2800630292702039,0.43792238358623903,0.4113922365629526,-0.05487552519102572
1,Sawah,30,112.61076594377143,-7.418328332559274,0.024212582991859303,0.07394611822220999,0.05705221506483585,0.14940264952689056,0.2097485132281037,0.2940634365702752,0.26950057890724594,0.2725709839042987,0.19984088723986082,0.10797571738847324,0.6505789174475541,-0.5693880935530942,-0.4598274061449725,-0.14842006629163138,0.28669611724547034,0.37135622243514393,0.3855440911792246,-0.06687185003385311
1,Sawah,7,112.69349234194992,-7.969897916606007,0.030880723969767414,0.08142240289595563,0.05158126673962236,0.09729450686892718,0.22430485293727742,0.24295715705373178,0.2587175869789872,0.27636345667094964,0.1969317589196128,0.1500144465238523,0.6675381397304985,-0.5212418087828331,-0.4149726192533761,-0.13559950975442575,0.4534202136559959,0.38743146378494614,0.38344430444788075,-0.07635090067448058
1,Sawah,3,112.7331874614315,-7.1417604907716585,0.050846173507543564,0.08368056513492998,0.04335402555486559,0.12019055299544618,0.2332295394491227,0.2546320663063049,0.2836209426527698,0.2719595512114845,0.20570450796202236,0.11120922540036662,0.7348174622667526,-0.5443494587804846,-0.4216663323354778,-0.15923233593024916,0.40471950653672817,0.516748034750418,0.4358056646236572,-0.14636645800284165
1,Sawah,18,112.57560338009566,-7.210923431350655,0.05246480989072874,0.07039264892216861,0.06593659559393594,0.1264580486233302,0.2189841836391305,0.27727640802745673,0.2735758256225614,0.28867079082120245,0.20354312499807062,0.13194816045779995,0.6115806563808727,-0.5907029019988508,-0.48606457522633145,-0.1467824750758912,0.36776329731776153,0.4069093679073323,0.37099968645087833,-0.09497729883864034
1,Sawah,6,112.60932068984327,-7.417015827068049,0.04646248634278728,0.07539954068261094,0.0715703504483219,0.15544880024456276,0.20989465687968195,0.2815478533958303,0.24160243258142844,0.2932590973734293,0.23362624241413096,0.12733002786700962,0.5429337758703645,-0.5242960782331995,-0.5120177987542504,-0.016783899142003806,0.2169836660792817,0.32140812292768867,0.31364567103364155,0.028877103215016006
1,Sawah,33,112.6254588387752,-7.413215428345939,0.052559376178096896,0.07159325796795386,0.07046570800732832,0.12621905776894965,0.2182103508810297,0.26565186576787697,0.27297571740939663,0.27849174397204035,0.19790577268972973,0.09959634843611738,0.5896493370498255,-0.5844474495605816,-0.46869376095650467,-0.15942428432351305,0.3676317136346524,0.3889711787128301,0.36014950765907566,-0.09625017682797557
1,Sawah,1,112.72161221435285,-7.141268943732111,0.05586087539133344,0.08817984892950591,0.07347490666354776,0.14447755739093,0.23131801455621093,0.2758801640604864,0.27455756138456344,0.28862689970872685,0.20203767257805527,0.15321228923687866,0.5777698134630607,-0.5138089059517654,-0.3923189153597125,-0.15216242942965258,0.3104274507189909,0.38775615547662384,0.3556750401028414,-0.09061404019974124
1,Sawah,5,112.59689481689597,-7.424771744710626,0.043220735302197374,0.07001183433319345,0.07651014735175161,0.13377781622942508,0.2089281267858451,0.2868401738184561,0.2685870813697375,0.27333603357176417,0.2278317617153081,0.1293851335739423,0.556587875750268,-0.586461554485018,-0.5298751725604994,-0.08209865548022444,0.3350423101260876,0.34214101743173314,0.34092574349445703,-0.012117034676601928
1,Sawah,22,112.81863330609323,-7.437470407414465,0.03103187012078129,0.10665774260386587,0.0798819605254929,0.12984705826562432,0.2538532820843267,0.27238946675744463,0.26957875387343955,0.2800954982596702,0.21872775658960616,0.1271490445098597,0.5428272334742841,-0.43302819466471637,-0.3444222742534753,-0.10413745483646229,0.34983141051819383,0.3127973966290783,0.33497157101992703,-0.0033391838335767063
1,Sawah,22,112.8185960027416,-7.416055218689314,0.05022020209834567,0.06815020469198596,0.07194894781249112,0.12895301821356794,0.209997885218987,0.24792281473013722,0.27847730068214654,0.25097167527422465,0.2130811579044189,0.11282875413369263,0.5893632488076946,-0.6067813203581829,-0.5153442040000323,-0.13303838333436538,0.3669935082564565,0.38718660888367246,0.36427912456001355,-0.07115110415081796
1,Sawah,39,112.63050432189824,-7.419154896652284,0.06962369910319866,0.07259797686269187,0.07989226321377844,0.12404629238143314,0.23170622230229215,0.2810525479638008,0.26306166425513133,0.30494832326747606,0.19509453184340275,0.12441889263837569,0.5340933164378606,-0.5674310029967288,-0.45760172787502523,-0.14834925914384417,0.359112669040538,0.37527407779582284,0.3259420148702764,-0.09495015923824138
1,Sawah,26,112.60874449730996,-7.412249076870524,0.0638395958418178,0.08990056237685502,0.09874667315103117,0.1185484102403401,0.2093127612297712,0.25508497337257324,0.27990663849822656,0.29746884401404067,0.21153384989471122,0.10315564426339305,0.4784322737854978,-0.5137976631010943,-0.4035149344685975,-0.13912730041428673,0.40495967704200614,0.32498798647556604,0.3092686778938206,-0.05116871881037285
1,Sawah,27,112.61188642329196,-7.413735257930034,0.061503009399935915,0.0616294283352419,0.08738424373565351,0.17286157634709798,0.23549676719857326,0.27874662203486616,0.2626071034665666,0.2628468001836977,0.20095920955454666,0.10360657138351875,0.5006491178452553,-0.6198489522282595,-0.5306009498673819,-0.13298613822317595,0.20608951016128393,0.330449557084608,0.3092199590754648,-0.05839897339866598
1,Sawah,18,112.5744275220032,-7.21130441842787,0.02829493135377477,0.10583539912993474,0.0740929377703866,0.13569531370920976,0.22536466452205628,0.26740693376334845,0.28446826023359,0.2895149432195718,0.21796040907037098,0.11705993553232476,0.5867208249180085,-0.4576766227026375,-0.34628307950419995,-0.13237272292399813,0.35408339845888326,0.3467388488249293,0.367548620213027,-0.034241531764639184
1,Sawah,9,112.32440903594816,-7.444240345553517,0.044867706639019296,0.058896287515972076,0.040333764064493086,0.12607657148400397,0.2308474503798985,0.25070804944936814,0.26948287702448054,0.2908062884448575,0.1776598799091093,0.10627313010780748,0.7396281601108441,-0.6412909575487867,-0.5020524012703997,-0.20535499118831504,0.3625404619170919,0.4875605733735468,0.42444629067855466,-0.18100494850219134
1,Sawah,12,112.22105884722896,-7.38662854222155,0.05610895840603203,0.08580588094093616,0.0526948762540036,0.13237672075749604,0.2453361083804071,0.2816560943848635,0.268570713194791,0.2829803553001356,0.20055983273498243,0.12701729674364484,0.6719544307226238,-0.5157361822494384,-0.4007251773275786,-0.14497218504509246,0.33968041834087825,0.46368161220479087,0.3942862815286268,-0.12358663005194086
1,Sawah,13,112.22796782198104,-7.385995664060281,0.052926559597143326,0.089441060091533,0.07197810719681728,0.14228145925521163,0.23141888799436552,0.28177033074197533,0.2830623415554996,0.27793210054662776,0.1828778392969388,0.1431523928402183,0.5945357339028235,-0.5197839270408848,-0.3431152926664846,-0.21501580280167565,0.3309813889399028,0.4003929271241717,0.37030569957251447,-0.13731685203782185
1,Sawah,38,112.62840244390016,-7.416812915676305,0.05384988096068393,0.05428271156755818,0.05929270754171934,0.14157811438554743,0.22580484753300661,0.2623190787102131,0.2910132279046945,0.27429069280424284,0.19802769963367747,0.12317079712572401,0.6614804268337637,-0.6855873139237197,-0.5697148477228611,-0.19013854024228372,0.3454417566069633,0.46609016074712584,0.4087714386728132,-0.14537545318440506
1,Sawah,3,112.73892782364561,-7.140478011982289,0.05585682398080824,0.08744514551511097,0.08366857066853421,0.13297867931022275,0.23734075908407615,0.2661118611102738,0.27094047454855075,0.2916130127008045,0.21322647203728554,0.13158809711374142,0.5281080837553483,-0.51200527657566,-0.4183345509222224,-0.11920268989661525,0.3415579419266833,0.34576873484224757,0.3286974990402418,-0.04794392010069589
1,Sawah,3,112.72951191945741,-7.14131754146091,0.05832718522917247,0.08066325504350275,0.05786311022588441,0.13101506887094064,0.22957973322656386,0.272897723697198,0.30309787960710605,0.28214340832188145,0.2163343352868804,0.13602693100866448,0.6793941052059194,-0.5796173814904396,-0.45680868870231256,-0.16703535449933213,0.39640100794751276,0.5055041828017043,0.4272576323617039,-0.1372317968071679
1,Sawah,32,112.6216807960833,-7.40990431095617,0.05147002871149075,0.11506767678758248,0.06432941062402786,0.1348613383348007,0.2180179138266053,0.2647271289728506,0.2737340086559499,0.30269456093461594,0.2147864225103536,0.13888672274002103,0.6194240058817871,-0.4080906472390297,-0.3023116754731912,-0.12066554900108901,0.3398782462993015,0.411021084036561,0.37480086807481466,-0.07626458504255919
1,Sawah,23,112.18872232798552,-8.124584272382496,0.04857552034110993,0.07501747205241492,0.11055977660919081,0.13591356474163047,0.2192077768103218,0.259586043566279,0.2558598012820299,0.3040485403378518,0.20453434060660136,0.12191043713484728,0.39654001326161237,-0.5465540949990502,-0.4633018361031447,-0.11148156740960993,0.3061623036084418,0.23361604013877524,0.2515525301721914,0.01720466358374106
1,Sawah,26,112.6105552817167,-7.412905362170962,0.04904736988342597,0.09097238611911403,0.057298838606739705,0.11386641570785477,0.23336445960772392,0.2790143892704985,0.2749879846964646,0.27785819406354006,0.2201622726313709,0.10884208609356548,0.6551242185007263,-0.5028293027040728,-0.4152217776568543,-0.11072540333563556,0.41434935134263884,0.4350560923483058,0.39233315966559557,-0.07743061831794981
1,Sawah,17,112.38881962245071,-7.328807896571245,0.042176920328204255,0.06584069712916997,0.08951737522978047,0.13950132311541025,0.2390749006351831,0.2887081713171368,0.31218973872358086,0.26436160844134765,0.19892435128684338,0.11075737373738213,0.554315209277916,-0.6516645687192854,-0.5026481193466177,-0.22160490080174175,0.38231532526408823,0.3631395045742596,0.37041799945029197,-0.10255767334819203
1,Sawah,26,112.60878950936241,-7.412888527509244,0.03723770566425961,0.0638362512859443,0.06550520403916953,0.11175094427065893,0.23502563551306122,0.2707754748214292,0.2772154299714549,0.29761592677457377,0.21904510280140013,0.11439886594764176,0.6177341084983758,-0.6256505678938966,-0.5486711963308166,-0.1172173147193689,0.4253953458002684,0.38050993228142854,0.37683346779713994,-0.04992096309431108
1,Sawah,5,112.59583167528135,-7.427588313649608,0.08181715103950501,0.08351646674723147,0.042062728710628085,0.11496436381350675,0.20389245516458276,0.2702600194372696,0.26817292163920003,0.2829736145315081,0.2401638916860077,0.12823474311115365,0.7288336847966109,-0.5250555190593782,-0.48395715208999457,-0.05509935374319277,0.3998790074549553,0.6232909961844354,0.4186007974919637,-0.1071839021605999
1,Sawah,24,112.03768271060216,-7.760464916460724,0.06089147542169502,0.06603389768086845,0.055012826630034824,0.13055208248645433,0.2325951070947834,0.24215532649328317,0.267295394657257,0.2902110812431026,0.20677276251343304,0.10779914381479985,0.6586321829481673,-0.6037918088772088,-0.5158923327474249,-0.12766652031084638,0.3437078772217526,0.4652518622259445,0.3872317505744415,-0.11254979751165135
1,Sawah,23,112.18768520566522,-8.127413140445265,0.0419069722711829,0.07734711209640806,0.07136200035415072,0.13907187373825852,0.24621284307426308,0.26558478414709125,0.26315765705826966,0.29656483510301457,0.2191626737461628,0.11348699350111671,0.5733464443146691,-0.5456914594102611,-0.4782829031038034,-0.09121527833486728,0.30849495999408905,0.34820596394749026,0.3447414120216464,-0.02441272051226641
1,Sawah,32,112.62226635920315,-7.411182401844797,0.06185590215449259,0.0946937801173396,0.0893752969848801,0.15667481360079735,0.21700375792010843,0.2702084731399877,0.27016916544927994,0.28852889647201235,0.20026105620584794,0.09771656995153392,0.5028414753979569,-0.48093506612050746,-0.35790996698533983,-0.1486046301380632,0.26589188826129734,0.3366734488980576,0.3155052641821569,-0.06818617486458199
1,Sawah,10,112.37273247690423,-7.447840751799625,0.05139019169043506,0.06847466510678131,0.07128990221121438,0.1180893468745172,0.21350512481233488,0.2735144754056535,0.27226382290209744,0.298689229569814,0.24278795649626436,0.1241593429681627,0.5849854197901997,-0.5980808284619878,-0.5600199919017754,-0.057228937997331565,0.39496150555366905,0.38220269998976497,0.3573701022964842,-0.015015959325484218
1,Sawah,21,112.61713115769868,-7.194924914145121,0.057276226505961945,0.06383658006699013,0.050696388391954395,0.1537424417016,0.21614780330100045,0.2543408389279704,0.26941351618175174,0.28864711379933916,0.1964624024033506,0.11542540171930349,0.683256356587307,-0.6168848495828541,-0.509513408650988,-0.15658914898063328,0.2733532922126187,0.47795733366695314,0.4000386897597951,-0.1385922366501437
1,Sawah,5,112.59628459688625,-7.423868830398664,0.06844063576475157,0.06791009586752304,0.04909491273450743,0.14413890431349688,0.23738445367907057,0.2606922206902701,0.24626749475809626,0.2788306496534215,0.20917943344726092,0.1374850813482573,0.6675615323895435,-0.5676961172428481,-0.5098328234172206,-0.08143223487211754,0.2615955845648814,0.4797236073513022,0.3718542267640851,-0.09849129168339459
1,Sawah,37,112.6257404978809,-7.416880301664448,0.03445127037695515,0.0787322017773279,0.08012716989842347,0.09428098989817119,0.2455067925190835,0.2522632414169035,0.27497993240185403,0.29370024724416116,0.22626879587195767,0.1282638657134031,0.5487154739866288,-0.554823290202107,-0.48372495417393396,-0.0971795711092715,0.48935300515636904,0.3253275224301858,0.34180413537544185,-0.004928715650285409
1,Sawah,30,112.61087619373617,-7.41920065189535,0.014340642624050291,0.06822831129266013,0.07207307694029921,0.1270753017082032,0.23716416094635157,0.2818404983350456,0.2791267760464452,0.286785875861683,0.1823049448331928,0.11316778126717773,0.5895608917706469,-0.6071552478537336,-0.4553352910078017,-0.2098291613304121,0.37432470755543124,0.32271252228414604,0.36487382789063477,-0.07135114019379868
1,Sawah,5,112.5946170937085,-7.4228629903424235,0.05624552222208433,0.06364329121174284,0.07946912095182365,0.14362589945900958,0.23190300464443764,0.22404330200531408,0.25082867455932295,0.3182928373783412,0.2018019331045743,0.09023785165306505,0.518803199468866,-0.5952371057730886,-0.5204789113392229,-0.10831512610132304,0.27177470332377573,0.3280733904509505,0.309574867958081,-0.04385714449875892
1,Sawah,22,112.81787609331775,-7.439611488851891,0.06852871082465409,0.08020033387315509,0.08657410733436588,0.13415438012829048,0.23687838704318254,0.27544513871571774,0.28046232467881504,0.32416145672834146,0.22456509503938782,0.09629491023231697,0.528253328294214,-0.5552612268052189,-0.4736913934354707,-0.11068157360631113,0.3528751796571174,0.3769382133884622,0.3354326476701644,-0.0573399473323558
1,Sawah,39,112.63217760321405,-7.41953337913862,0.056699922729183554,0.09712221152154826,0.0880405120980422,0.12360092525411351,0.24747416667782193,0.2839161359932681,0.308587761554546,0.2787499739562723,0.2023889913539936,0.11540821427310069,0.5560552879133086,-0.5212234441969514,-0.3514619101734425,-0.2078348366891873,0.42802331832972607,0.39060313369117955,0.36896101082903965,-0.11416229758445362
1,Sawah,37,112.62781269278197,-7.418648292559721,0.042646667749418374,0.06664968875354596,0.028559867414893865,0.12347950789415299,0.23554037089549856,0.2626016723174114,0.29903071775293666,0.2902006371907379,0.22936543582776203,0.12392130619094952,0.8256368215644503,-0.6354757439261253,-0.5496872727522908,-0.13184290105301114,0.41549576504195823,0.5877041878736644,0.49022582274155446,-0.13967929712809635
1,Sawah,16,112.39082693687979,-7.318007969306784,0.06239610964839887,0.08418862330900344,0.09053176947855344,0.130839090251986,0.2374418106213318,0.2754949940047507,0.2656757181280902,0.29607473478387014,0.24351579369296522,0.11594404586856837,0.49169081013607335,-0.5187356149382915,-0.48619170701264275,-0.04351982285084281,0.3400544561927259,0.32654287190725095,0.30683675017684653,0.009025162935416399
1,Sawah,14,112.38400300329756,-7.324297952923033,0.056291973392798726,0.09886668426304164,0.08710379921416421,0.13017574626579048,0.19424916945563958,0.277750542279727,0.23670788612065424,0.31204905846411846,0.2125421080678989,0.13499511029807984,0.4620095358504161,-0.4107617609082931,-0.3650360113115111,-0.05379138188440674,0.2903703794893779,0.27970890920469255,0.2723997903337952,0.01121419932404416
1,Sawah,37,112.62578734337015,-7.4174704358160595,0.036468332927284235,0.05671238790049919,0.07391131576211751,0.12949594840065787,0.22262688760764252,0.2712699192109915,0.3115115383804839,0.30251788321053585,0.22574247908794978,0.13265905337330033,0.6164663549349128,-0.6919679347332401,-0.5984322111041227,-0.15964340208573696,0.4127267563995527,0.40095431231851303,0.4025199171899279,-0.07461946299021431
1,Sawah,9,112.31078491758544,-7.438215076546957,0.0721919321577829,0.07714892490648882,0.0391785803848706,0.12717120800490986,0.24217603564994752,0.25545299407327393,0.2673545107426601,0.2796234538549653,0.23253043877764695,0.13124185523109844,0.7443761741158396,-0.5521152058343077,-0.5017496533217279,-0.0696641735838744,0.35532107470064045,0.5935981668684508,0.424364355662333,-0.11098047843694783
1,Sawah,38,112.62859725238557,-7.415227425455534,0.059773109309659386,0.08932401969681457,0.0694412612117181,0.13296334423791256,0.21222223129201526,0.2372033703187415,0.2722512169551754,0.29485985384408214,0.22813896852638066,0.14357003724123552,0.5935452727491799,-0.505917380975146,-0.4372634087810814,-0.08815570253079032,0.3437385664607262,0.4086931320008954,0.36143240138931737,-0.05470750829806262
1,Sawah,4,112.60904067423438,-7.43424980737388,0.0735499772749842,0.06502964610059184,0.06471602447575346,0.1372050144382207,0.2679785701661327,0.2922014880557088,0.28679095742997573,0.2841831806667606,0.19675200553267314,0.13183361825074857,0.6317795769473535,-0.6303249681049207,-0.5031764377185506,-0.18620672537437155,0.3528003862391763,0.4941753229078205,0.3912033682751558,-0.1590084899838953
1,Sawah,34,112.622802366809,-7.416673981239669,0.0334900810364846,0.07642345473529547,0.06827833076497117,0.15389368133684211,0.22467954045560484,0.23341125542141078,0.27756666971493704,0.27951467220344106,0.2106394653665662,0.11869942948736814,0.6051506832667768,-0.568217022222899,-0.467549100789807,-0.1370880032060837,0.2866381297608848,0.3643444327375764,0.3711466146242308,-0.05447515445405306
1,Sawah,32,112.62215052871127,-7.41130448199946,0.04589444006273348,0.09185510872677057,0.0470070268247094,0.1222447866256846,0.24026056869676074,0.2607887283698345,0.24586789936095044,0.300028330148851,0.22684641945662307,0.1193250718853549,0.6789958923666373,-0.4560328627007354,-0.4235665610884881,-0.04023884851143922,0.33582953564367146,0.4199978391586964,0.3762148340840754,-0.03166264726569842
1,Sawah,20,112.59975414532224,-7.209865435950191,0.020587316022957016,0.09058954620048225,0.04510168177870469,0.13463198915272248,0.21668804262886762,0.25260241071349554,0.26337134974380466,0.28725053665359107,0.20033687624420327,0.12883054917322725,0.7075810361126875,-0.4881381108335197,-0.3772339712023013,-0.1359356376078088,0.3234630157238173,0.3955374291521174,0.40496650992932276,-0.07276220187810355
1,Sawah,26,112.61031223948186,-7.412668610337383,0.0433089593231175,0.09470286307507733,0.0742175974846522,0.11953664190105538,0.21701090174251572,0.24528755551428844,0.27436099766800237,0.2846811867912296,0.17441706707904728,0.11196427690845899,0.5741700792658551,-0.4867941654986321,-0.2962032713895045,-0.2227023516013096,0.3930573322126902,0.3587186580054031,0.3537858508215355,-0.12190487182671313
1,Sawah,33,112.62547902469075,-7.412289881001679,0.036484489561175726,0.1036351638825599,0.04445832082160037,0.1083797380039892,0.2466495446465855,0.29035144736195945,0.25882525591911537,0.2805187126578663,0.21924353094829968,0.08509350304582033,0.706820120939032,-0.4281573466512904,-0.3580551103511065,-0.08279504116422899,0.40970444300908965,0.42806899030927553,0.4002950041017242,-0.05654246496732731
1,Sawah,4,112.60308596156182,-7.435133456945934,0.022082094732416662,0.07578899898723933,0.0932483584919369,0.12346404867749891,0.23151405187602733,0.2870068390884602,0.3016032709991722,0.2813472729027753,0.2097474491439986,0.14733082832014263,0.5276789974200874,-0.5983542572870115,-0.46914658553868005,-0.1796336996451704,0.4190847276569998,0.307221544552338,0.34925607604758596,-0.033014487975539214
1,Sawah,11,112.34469223321727,-7.447466632439934,0.027167010872128576,0.09541371605830733,0.054725267014581136,0.13153708550654736,0.2263607142889959,0.2556298259894816,0.2552534710851259,0.2941462154638063,0.2249330899224402,0.11805395695217245,0.6469095417735837,-0.4558161140569541,-0.404309863690687,-0.06314291894367498,0.3198536860591705,0.36331456675021856,0.3713582739363094,-0.004914123827811583
1,Sawah,33,112.62643363676139,-7.413068187384382,0.05105169738099825,0.0885676109943657,0.05542571840480561,0.14109538762619384,0.24229014645589622,0.30905439448125616,0.2643584371416063,0.28312877297497807,0.22153448807360618,0.13228656253368207,0.6533554413490062,-0.49809535617336514,-0.42878418769203824,-0.08813453902605788,0.30401254515724835,0.4302479680699851,0.38229462717086876,-0.06490859740599025
1,Sawah,11,112.34128372600168,-7.4494131755864395,0.04197369269934932,0.07395255984604927,0.07811696257327061,0.11758623638898008,0.2238419901797748,0.2713438915105265,0.2849390802723339,0.28093102075730686,0.18236423306953992,0.09125103798722684,0.5696699482215967,-0.5878836290775831,-0.4229596959580924,-0.219503787057995,0.4157573115044778,0.3593561169380559,0.35945890086780125,-0.11309543639420008
1,Sawah,16,112.39216485617344,-7.318014452392889,0.031108803999408,0.06030248422700094,0.06768083862070137,0.11216679769603594,0.21945867560268195,0.2583887117252693,0.2633923820872801,0.3098375649728468,0.21992921384145775,0.12024194122914006,0.5911427763831753,-0.6274115482439688,-0.5696241008604136,-0.08992597997277302,0.40266778747314347,0.3406851515297095,0.3532388096319378,-0.01183817311253062
1,Sawah,33,112.62578196762787,-7.415025920735257,0.04308460579128743,0.07350151015065469,0.07491619704927925,0.13876253610028436,0.216385737408491,0.2705472113342135,0.2395257064700546,0.29317570676255894,0.22143223862938027,0.11579897059678687,0.5234973680508734,-0.5303826216178079,-0.5015727382473318,-0.03925188402495036,0.266366116532602,0.30128653997131083,0.3031698922467115,0.02372901945513429
1,Sawah,32,112.62413163969966,-7.411982631733055,0.07724790494210158,0.06678142328845925,0.07326160622954893,0.12946262880001067,0.22849553498834888,0.2682851674799288,0.2716065754501421,0.30271938115195546,0.23066604354412115,0.11996624633243763,0.5751327004985362,-0.6052967372362689,-0.5509699626957493,-0.08151057867038136,0.3544125173147466,0.4381118639993696,0.3521465955072332,-0.06882362196148231
1,Sawah,36,112.62619102572198,-7.416026340146317,0.0622297410825745,0.06947349580599826,0.0814893317908935,0.11857012714259516,0.246359899041322,0.3031596131608986,0.26816874168042915,0.25711184763788886,0.20177890600132764,0.13847812701433954,0.5338913170296206,-0.588478641668578,-0.48775756021342087,-0.14127070507817338,0.3868207367061186,0.3616747928279959,0.32956682644145385,-0.07680104414223343
1,Sawah,5,112.59279337992542,-7.429273550671041,0.05829615180537868,0.08373370398012545,0.0851300253393226,0.13726680158872634,0.24826587781176707,0.2837913551497048,0.2928255067910544,0.2953819412585938,0.2235788910224093,0.11539309390371322,0.5495235900676351,-0.5552693873227719,-0.455058428653313,-0.1340937759781912,0.36168678632420365,0.3800092111116715,0.3548507991306026,-0.06427823107941308
1,Sawah,33,112.62577412331514,-7.412735678609927,0.04097808782661491,0.1056015146062846,0.07324307014484033,0.1420732084879357,0.23185610021617087,0.26120226523620055,0.27016474338873603,0.3115399102665157,0.21832860111419136,0.09432790260404311,0.5734338734002277,-0.43794040801473905,-0.34799816592904387,-0.1061143263296184,0.3107223243443603,0.35107221675898953,0.3502250099252659,-0.03247169239084195
1,Sawah,2,112.7241733635152,-7.139326603598021,0.04677133315135768,0.10673440689057068,0.06679304707225067,0.10299281962398729,0.25839573328133814,0.28023588764719193,0.268949807117808,0.28442873395876894,0.22623527894687603,0.11187024899660711,0.6021178319077546,-0.43178657432711015,-0.3588941479668231,-0.08625972244869394,0.4461897484066521,0.38318526955415266,0.3628330634812421,-0.037277756235459834
2,Bangunan,48,112.71279944556571,-7.1457263,0.11722384636773983,0.12813292928586384,0.14367022888231026,0.16218272208003393,0.16737547944928735,0.19568460180313899,0.16701985751847248,0.17567112309754687,0.26921660184338714,0.2494685749210072,0.07515408306555256,-0.13175185815418317,-0.3550618816675269,0.23426914898434237,0.014693491860374868,0.05076613727927274,0.043203245656723385,0.18453233686940418
2,Bangunan,0,112.71408865875597,-7.1453112999999995,0.10720361728767651,0.1261159255442706,0.1351918943249368,0.17181224056578287,0.1693166280986819,0.17269329658777233,0.17532163031616899,0.23030959548163749,0.23397535876931852,0.24749682156443698,0.12923667627159813,-0.16323680859276532,-0.29953358391086154,0.14330359097167772,0.010109614862301703,0.08484476356271224,0.07426724188655871,0.13294921341683183
2,Bangunan,40,112.71261698888219,-7.1449076,0.07481334358564425,0.11837649992515539,0.1334955877226872,0.12872457554980182,0.17583556385650645,0.17429942906711707,0.14851190486158133,0.2125935213616138,0.28152509266983405,0.2623518651344486,0.053247936599269914,-0.11291387817163674,-0.4079718494693261,0.3093063812241628,0.07137346863964006,0.027039173764561584,0.028803401402083116,0.30030023375165843
2,Bangunan,9,112.71511815,-7.1452998,0.10538434660977207,0.12069087207865672,0.15992234931343696,0.1852357537801015,0.1870035305431344,0.16587693596655298,0.18302017279822383,0.20659274216437143,0.23285574546624158,0.2470404098943116,0.06735187947884289,-0.2052256628981297,-0.3172562471371525,0.11983279232940178,-0.006016416345141979,0.04270504998094249,0.0411021324922446,0.15322407390406811
2,Bangunan,24,112.71363702924332,-7.14550705,0.13409487738969084,0.12959904248701187,0.16210119622162636,0.16274372095193057,0.16890172514024268,0.1857190708512146,0.16776260028023351,0.18554337219148417,0.2789945683575405,0.26058513514299775,0.017162853582243242,-0.1283405529702193,-0.3656335330258797,0.24897634696605467,0.015185426089300142,0.0124738094534573,0.01023313238113009,0.18741191074195218
2,Bangunan,34,112.7130680748163,-7.1453107,0.08513340526618975,0.13451998206830795,0.1386956003659097,0.16509712861735645,0.17690327959152596,0.19491525702186477,0.18124077302794783,0.22115242992952905,0.2646411925963989,0.24936276408704297,0.13298010500570004,-0.14796262694974552,-0.32598664013704587,0.18704595792436587,0.046612410271262165,0.0773597071258332,0.07783257465320698,0.20451003543618998
2,Bangunan,46,112.71256713005698,-7.1447489,0.08750106112694131,0.1523798851605725,0.1470473738480745,0.17069496138017648,0.1458772128318269,0.16765946965381348,0.19856825531878095,0.2043033667743891,0.23129330397756612,0.2555743489347573,0.14906988276494704,-0.1316102429364931,-0.2056787412969393,0.07612927435573556,0.07548353749473152,0.09041323693464352,0.09139060294119827,0.1388771421812104
2,Bangunan,6,112.71462348945312,-7.14468995,0.09184325793470915,0.14116975478815066,0.1386824648209445,0.16307060029030795,0.18768431867887475,0.16653760543718005,0.1651072978824909,0.1970525236940284,0.27240759199431835,0.22003684121079764,0.08698394817325954,-0.07815650179292158,-0.31732356210958484,0.24524946773077927,0.006206077853861031,0.05049160121150371,0.04931295648628964,0.23073372763959832
2,Bangunan,30,112.71409710582492,-7.1443708,0.07497948100166356,0.13235581390565687,0.13095532531149495,0.15411660980619576,0.14214784397089752,0.16981531028472027,0.17988649055053274,0.2139556678643434,0.24843154750648042,0.26486064180348745,0.15741500205153122,-0.15222369235146724,-0.30483084539762473,0.16003308454357132,0.0771546151507549,0.08717332342028915,0.09051919427777246,0.1963269099614435
2,Bangunan,31,112.71378336499518,-7.1453337,0.089731659637303,0.10975362297622238,0.16306036327846704,0.16317190228545875,0.16171962906482637,0.17767300303229108,0.2002961036631309,0.22199304229438524,0.24774810231094618,0.23936349284881336,0.10247716407967924,-0.2920256739984194,-0.3859966797024015,0.10590918911392323,0.10213884212076782,0.0618258312059855,0.06469356831814177,0.1723379830234559
2,Bangunan,35,112.71302378669355,-7.14487835,0.1013523524150136,0.10520639834225104,0.1391647242102501,0.16007984290677552,0.18710314218405105,0.198111375424668,0.17506185902461488,0.19679070284208783,0.26996438453083454,0.23122217326609482,0.11423964939749934,-0.24924499509653478,-0.43915462842735253,0.2132515254263729,0.0447035268568366,0.07179957928381052,0.06613110322144232,0.19359082526379365
2,Bangunan,18,112.71332895703881,-7.1448909,0.10882960227606105,0.11868140268946177,0.1254590213339207,0.14564744930680532,0.19170588044046655,0.17765367781285052,0.20460531140847465,0.19229545608927637,0.26436807801697243,0.27589015084527363,0.2397904953169678,-0.2657823681155073,-0.3803338270515235,0.12743317175049462,0.16832947101669424,0.17339342423840337,0.1430243782666839,0.10862549681591213
2,Bangunan,23,112.71320597457384,-7.14530235,0.08413919883005082,0.09153278250150335,0.1592988519693085,0.14759786341910391,0.1696894045384065,0.17121122684322623,0.18402244171432974,0.18574195689221387,0.25730089868175043,0.246747229898348,0.07201298063320942,-0.33564835920052816,-0.47520673790085344,0.166042559035314,0.10983820237042334,0.04096642321925373,0.04397539217294325,0.21677348022026371
2,Bangunan,19,112.71330480586995,-7.1450141,0.08487536670588608,0.10949873955531167,0.13478925749602202,0.13856776848660582,0.16366158525801883,0.18178194809854353,0.17400676587617356,0.19592935260602415,0.2597014749364012,0.23016384806351528,0.12700133837501157,-0.2275371195883687,-0.40683274028170496,0.19758607468949202,0.11337774956119387,0.07283125958908208,0.07273312537437682,0.20755162466045496
2,Bangunan,14,112.7136415305024,-7.14507055,0.11036593848800316,0.14153967187202662,0.1330342941170683,0.1672779734721656,0.16640574266848032,0.18548231017557756,0.2034866929680488,0.2076298931452715,0.2333987819178548,0.24680993447170438,0.20935514082456216,-0.17954286173229872,-0.2449978359709909,0.06846665911507158,0.09765957405237873,0.15003305877139655,0.12633107824910772,0.07729170835516483
2,Bangunan,27,112.71297579359617,-7.14435415,0.11849295614963515,0.11667605745002846,0.1549345220917675,0.14964826688272082,0.1477169126071659,0.18211753528248958,0.15365284918880528,0.19640343480659614,0.2793026339396826,0.21135355641380577,-0.004153354991457324,-0.1367844529160705,-0.41069527127384325,0.2902140967305274,0.013203321981633478,-0.0026823053831302227,-0.0023776148660331112,0.2294666764741872
2,Bangunan,44,112.71361141814697,-7.146156599999999,0.08080754806129153,0.10451951632257633,0.1390502021043356,0.15451424821530688,0.1909870457254413,0.19431522493637546,0.18742909419102896,0.20218445471515828,0.2658984466547724,0.22707026467029937,0.1481836443764615,-0.2839868887836409,-0.4356671274778252,0.1730963712115128,0.09625818607209713,0.08543439814410655,0.08780418149047715,0.20308228377702978
2,Bangunan,47,112.71292678609038,-7.1452564,0.1128581553033492,0.10331933618461198,0.1525306549085335,0.17779213753178247,0.1731629690313213,0.17735680411557037,0.18600464862464508,0.15707722444848993,0.26453387327728195,0.2382996900324029,0.0988788857997259,-0.28578796261484224,-0.4382577955218641,0.174300799289767,0.02257444645692087,0.06669441987374936,0.05987939966582537,0.16510296337439997
2,Bangunan,4,112.7147104731383,-7.1456026999999995,0.09924057830414514,0.13059798769346742,0.1388784661765291,0.14289689715023263,0.16787895993761934,0.18101333226121236,0.1817240086737152,0.20242879050927604,0.27559053567377834,0.2237094817044878,0.13364070999002373,-0.16369651004806188,-0.35695875014238293,0.2052559402604132,0.11960755055292766,0.08429578949582571,0.07831844981640808,0.19197291707671796
2,Bangunan,29,112.71328524198654,-7.144178699999999,0.10263550684247276,0.13934894547927362,0.11398082754594209,0.1626947002117008,0.16121932247040435,0.17443934423290341,0.16642788745178366,0.19745673926449336,0.28761883421640355,0.22103354458234178,0.18703790900089903,-0.08855785974491272,-0.3472624760949113,0.26691294246646285,0.011342847220674706,0.1213438232657758,0.10080690841463966,0.1976197526814177
2,Bangunan,12,112.71507865593924,-7.14465445,0.0824558499628176,0.10047098144754743,0.16591127429942154,0.1530649044171807,0.1696154140947849,0.1739582558834064,0.16583365682395362,0.1964727403007835,0.2968736540860484,0.2608810638146138,-0.00023396732836615368,-0.2454432470842841,-0.49428796712069106,0.283202780438409,0.040040169253312136,-0.00012576699634461781,-0.00013997826598669802,0.30164974394711924
2,Bangunan,20,112.7136761257485,-7.144563,0.08720593273311592,0.12971361154592528,0.12752715841000437,0.13335448541730668,0.18529266376496945,0.19740139269965326,0.19569078376571847,0.1929520212617064,0.2574983639899702,0.2512464833048718,0.21089059810845898,-0.20275439719814367,-0.33001239679423755,0.13638362788243152,0.18944596381445752,0.13040087132781264,0.12420214963165367,0.1529052332747788
2,Bangunan,33,112.71372025093221,-7.1458955,0.10587244056022162,0.11409543793054433,0.11571392269822754,0.16170812791213018,0.1861851445885417,0.16203617566448764,0.18958139072513966,0.2049731254270054,0.271252223948485,0.2530796324957851,0.24195414910455082,-0.24857330366687205,-0.4078311643147977,0.1772241226455731,0.07934555759531482,0.16944852828997198,0.13759076973805354,0.13409970133723206
2,Bangunan,17,112.71360599583333,-7.14471965,0.08958302137111972,0.09574560899752581,0.13199720711475682,0.1733369097629051,0.16186994144711045,0.16958935014213536,0.15267974487113042,0.22628971331826409,0.2723857046213797,0.25154843971912144,0.07265265958287438,-0.22918005250996215,-0.47982904091360457,0.28161771231124444,-0.06336229924081865,0.040624400801020984,0.03953704330940815,0.2507093927388712
2,Bangunan,13,112.71552558654679,-7.145707099999999,0.11451588080169212,0.12865062542315103,0.1363350671723071,0.15754353843816699,0.16358653453111813,0.21952111131622498,0.18833868046949162,0.1930429933797285,0.26698245161249423,0.22483696623215524,0.16017190645911542,-0.1882967461314259,-0.3496467658269967,0.17272154843918014,0.08903360814425824,0.11329960939908551,0.09458943026722715,0.14226413109307412
2,Bangunan,28,112.7127792247008,-7.14442515,0.12256760077883841,0.11008396356289289,0.147516281489337,0.17598966444614703,0.1757715281630749,0.18141704987729457,0.18016203127284022,0.1991533835466934,0.25134952266608745,0.23325774855345444,0.09962743462845365,-0.24144370194725626,-0.3908480096469258,0.16497238736358397,0.01171513954624032,0.07121656295883845,0.05916383686777276,0.13702508170013583
2,Bangunan,38,112.71278778077253,-7.14524595,0.12219385560476403,0.11837195050972264,0.12821305595925842,0.15225553604707737,0.18650556021045836,0.19013409949746718,0.18840493767348385,0.19613718201635313,0.2686004370525942,0.23034658312574027,0.19010884641615008,-0.22828638542565588,-0.3882150018532373,0.17548042898116425,0.106115632158557,0.1445211886906527,0.11056310695493113,0.12187334215506661
2,Bangunan,16,112.71355293879641,-7.144913900000001,0.09610578952981338,0.13454706731087618,0.15311416518378598,0.14527135231073796,0.15716710320637137,0.18163053229220114,0.20589198562004263,0.1712665225329651,0.26417499409355755,0.21935935002640278,0.1470109082283804,-0.20956737332387138,-0.325108487854872,0.12398873110601501,0.17262802402403937,0.09399209058779916,0.09216084259734747,0.16028566410567927
2,Bangunan,15,112.71345455084119,-7.1450392,0.09048503509711682,0.11453357372903637,0.13369237484844665,0.1519930609051119,0.17010810590564557,0.1719711665005413,0.1580631392271877,0.21169804418784166,0.2712930825072332,0.25264761465034,0.08353146082747812,-0.15968485043859215,-0.40629517385109454,0.2637202800018206,0.019577348557804658,0.04754048032138321,0.04617100344516131,0.23937143432062344
2,Bangunan,3,112.71464031916229,-7.14559645,0.07688898255603878,0.12448377228876226,0.15013968283710385,0.14453196897340623,0.17013759872273196,0.1782560003203445,0.20763225987852396,0.2288674405551886,0.235034654100047,0.2774089050859198,0.16069615868794232,-0.2503597516711274,-0.30749712223158737,0.06190296427021109,0.17917859213483625,0.09383154606354929,0.10053822148706072,0.15029678775350552
2,Bangunan,36,112.71361743389554,-7.14403665,0.08627161418270014,0.13471009941491138,0.15455746971295597,0.1450646465973729,0.1773990169075865,0.17838699383600903,0.18831495006948584,0.2034600845357094,0.2779450922805537,0.24113099314719091,0.09845493049424801,-0.16594641986493142,-0.3471057565761644,0.19223208913009734,0.12973290439726406,0.057464523104742905,0.060075782937428164,0.22333252154003477
2,Bangunan,7,112.7148768252564,-7.14496775,0.09748188895860534,0.13644096349585771,0.14870593947287905,0.17097720091481333,0.16003119991612105,0.16432105827902288,0.17148416785120946,0.19068767921479118,0.2717929890297937,0.25463976075441075,0.07113970040347045,-0.11380430070207456,-0.33155504182096684,0.22628917235007165,0.0014803624033347057,0.042732500406273535,0.041657833058933474,0.21978327355434185
2,Bangunan,25,112.71332955034208,-7.14537125,0.097673045657014,0.14146378528236528,0.16052704090647696,0.1636509837460081,0.15767162342685442,0.2036306497415331,0.17908473973457387,0.20189247794646464,0.2549059246159015,0.22665314510554202,0.054643860523399854,-0.11736430336984464,-0.28620284601578083,0.17470694863931496,0.04503106879784921,0.03291074362141907,0.03315407058830442,0.20034243414455039
2,Bangunan,26,112.71372398251496,-7.1451708,0.07797040854527063,0.1294930248533593,0.1282489841915507,0.20589296843495236,0.15370889626081283,0.16113926287527944,0.18765208073420162,0.22293970218450943,0.26096884485414834,0.2485836363028091,0.188043355816383,-0.18338310972736105,-0.33671871663821606,0.16342698205699496,-0.04635018962355244,0.10821277515908137,0.10921010971113877,0.18874118791829247
2,Bangunan,45,112.7134601553407,-7.1454924,0.07234678873811937,0.10983732681462349,0.12389576406293651,0.13157431225078178,0.17175470351035832,0.1463575856758435,0.16016706050868826,0.19194209308979873,0.24753071246073385,0.24594612753310602,0.1276875859161168,-0.18640339146561702,-0.3852985441563705,0.21428532979578638,0.09800717632007908,0.06662908909902406,0.06939105255800519,0.23001051779351572
2,Bangunan,2,112.7146564692768,-7.1453583,0.1045837028785372,0.13340698118903185,0.1512857559906902,0.1771121918404207,0.1699712239998642,0.18455200351225004,0.18767270552878787,0.2021248504608654,0.2540420853512439,0.23501336198490344,0.10734928777890217,-0.16901014425879018,-0.3113573222102848,0.15025392185752684,0.028949975000551097,0.06938727441328098,0.06505736196794927,0.1620900024809356
2,Bangunan,32,112.71378965,-7.14552585,0.08773662402505053,0.12632425244864745,0.1385897723887227,0.15005239374044854,0.16006632771013113,0.16184401908325816,0.194682620118558,0.2011792650429768,0.24705799970640097,0.25212821624403026,0.1683093134103527,-0.2129498565257331,-0.32335159541612807,0.11856591202781161,0.12946241157534522,0.10249413129843925,0.10097451007776882,0.15451822240556248
2,Bangunan,10,112.71511987315418,-7.14568625,0.09159326785308441,0.09890249059481651,0.155318334338287,0.15194354515650832,0.16386651364686816,0.18061770030523766,0.19713883834185172,0.20030055936299468,0.24201324310782155,0.2481581550616827,0.1186541433300988,-0.3318332199360501,-0.4197833597731493,0.10218420123537138,0.12946884515610876,0.07249934691536879,0.07358816139480719,0.1582935719852199
2,Bangunan,21,112.7133222470255,-7.144331149999999,0.09272515413607414,0.148318859572942,0.13998320417003166,0.12647446753152,0.1753604745823351,0.2091689668839034,0.20363880432818082,0.2274643143313485,0.24470359721927806,0.2536822859396517,0.18524890256914786,-0.15717783776858538,-0.24523977125320398,0.09159248078649078,0.23375108831039307,0.11804693596328482,0.11318268048411882,0.12968613795300554
2,Bangunan,8,112.71512425690969,-7.1449531,0.08917008190394933,0.12336434099125386,0.12090571356890403,0.15033316352675927,0.15985629953954578,0.19347832920213923,0.19201078682504483,0.2041522959399623,0.23974367872916924,0.2353254084907542,0.22723337676149732,-0.21766600965473246,-0.3205088598897193,0.11055564123071034,0.12174195902604465,0.1423616815296983,0.13120364740108445,0.12381548248924372
2,Bangunan,22,112.7133518,-7.1452564,0.08880825275585912,0.13304513635041737,0.15767277279225778,0.17584578379046326,0.1586717087087447,0.1389070031656578,0.15349557152804919,0.22132440467123313,0.25398117591020264,0.2287391307260233,-0.01342424872912028,-0.07137008649722322,-0.3124749801658784,0.24660451122005758,-0.06786336375198122,-0.007285119941889826,-0.00772441619570734,0.25896186444307356
2,Bangunan,5,112.71482142559566,-7.14557345,0.12463990440154352,0.1389773991823249,0.1403667308287968,0.1555989536340404,0.16801848180780313,0.183407441975812,0.2040007092197941,0.20633701136355842,0.2708904354955871,0.25753905163605256,0.18478511846890433,-0.18958443193595684,-0.3218428596503091,0.14085275516145832,0.13459900119769702,0.14313900191366996,0.11304434901114024,0.1116594140848045
2,Bangunan,43,112.71300314740519,-7.146058399999999,0.08245485998463373,0.13132292838711063,0.13558146868007584,0.12225857206340851,0.13807745687021283,0.1647282358272197,0.1879683484288887,0.20170699348010446,0.262765500607635,0.26926415224030037,0.16191287034248958,-0.177409857322885,-0.33353573009559523,0.16594527385215319,0.2118119731498278,0.09469477282344245,0.09541659531790325,0.19128209502795007
2,Bangunan,1,112.71438849505952,-7.145326949999999,0.08096365577710282,0.11958849968724414,0.14456653284220725,0.14895590325192498,0.17042490117624412,0.1560007599887348,0.2011485932591254,0.1897757817120435,0.29047100247167756,0.23951288514123817,0.1636667185822429,-0.25428955712094503,-0.41672611283979094,0.1816900908884285,0.149077462238408,0.09679954769277295,0.10035659527178402,0.21324037098191187
2,Bangunan,41,112.71265655745832,-7.14515615,0.11542080348098775,0.11920045696513268,0.13953884251609205,0.15123956000166988,0.17178685894049417,0.1847699804162107,0.1682361223662723,0.19812433376210176,0.2508485170091433,0.27449496104422255,0.09324111130321343,-0.1705964680786388,-0.3557584777884121,0.19712579914374068,0.05320142736818993,0.06294294774554647,0.053289494780937065,0.15834335493349636
2,Bangunan,37,112.71367037939635,-7.14416615,0.09865403845132573,0.14317848227544838,0.1370656650378847,0.1638893146230236,0.150179538925321,0.17329391112198203,0.1831580200618387,0.223790057464398,0.26332974166514406,0.260755805417895,0.14393799404832286,-0.12251016168138944,-0.2955690734357336,0.17956084868630218,0.055521836526392795,0.09104506460263782,0.0842922897642551,0.1738229996918342
2,Bangunan,49,112.7124172778683,-7.14559055,0.1096109366530438,0.1444110200919703,0.13911436674042418,0.19585334065977705,0.16271905695628816,0.16850307248703497,0.16184920725466448,0.23496537007337107,0.27229171358926846,0.23498818899929536,0.07554017297479038,-0.05693911761522331,-0.3068870992534327,0.2543932183713987,-0.09506259742433644,0.04839451451885307,0.042576543901070775,0.20493902209518655
2,Bangunan,42,112.71261087345036,-7.1456532500000005,0.11873534045310243,0.13031538277676671,0.16949191207063385,0.13678250750890134,0.16601959837528618,0.17306217924085762,0.15039475985387096,0.21590490807169543,0.25594405166294965,0.2510944680747984,-0.059699743168950124,-0.07153064302344904,-0.3252442720089613,0.259756854520781,0.047400173497625715,-0.03739169385243877,-0.03493864372487572,0.22504103107525583
2,Bangunan,11,112.71541316315422,-7.1454251499999994,0.13539657901494417,0.11470134462258587,0.1336827052601427,0.16177996254585994,0.18480871029475116,0.17149930462034774,0.17053557604301803,0.2158578390536205,0.26567958985757056,0.20932907605492768,0.1211395663136069,-0.19574685876707482,-0.39691328127263853,0.2181125761641282,0.02634728880867274,0.09625602926053375,0.06873669432723915,0.13246969390445318
2,Bangunan,39,112.71281033054055,-7.144799000000001,0.08161912300796338,0.14251853795740815,0.1460289242461822,0.14856706103444126,0.16744385514147528,0.18019855009202504,0.19103600040420246,0.17962604907711816,0.24738576291994313,0.24409433632295083,0.13352642987453153,-0.14545586020100873,-0.26895631686444466,0.12852866144226968,0.12505464192459717,0.0773282317494957,0.0806515865722452,0.18130166186005736
2,Bangunan,41,112.71264494481585,-7.145134218059157,0.09850248129256825,0.12857788773955064,0.12155738903960604,0.16535693014406982,0.1863737542906621,0.18730227820723924,0.18208667609642387,0.19856174596151044,0.24747723270842747,0.23892002111340316,0.19934289455108675,-0.17223975442814,-0.31617531097851265,0.1522254433378963,0.0481509678224531,0.1290424401426049,0.11297779019852326,0.13614874803441696
2,Bangunan,23,112.71317355858733,-7.145343639912971,0.1188955877932061,0.11821457240099811,0.12665294015977385,0.1526162936685192,0.17301275445913897,0.1743972900422873,0.1872795492459471,0.20784265641123548,0.27333474770606975,0.26135339208397546,0.1931198934134548,-0.22607628666154833,-0.3961702062628644,0.1868270239172801,0.10198199300768976,0.14359957768546627,0.1117290620695804,0.13284832815500175
2,Bangunan,21,112.71331325521209,-7.144369812523208,0.11493788086558542,0.1059864140377806,0.12644698330135593,0.15886342785310265,0.1632323696414088,0.16292509909558586,0.1733746230874051,0.19288230599571443,0.24992228390358193,0.23526315770767492,0.15651853845610553,-0.24122264687256376,-0.40441795970127536,0.18083680596553453,0.04367710185376626,0.10964172120751724,0.08800894989183287,0.13247958186978093
2,Bangunan,23,112.7131841989936,-7.145312411120414,0.11767676275477497,0.12298857061873858,0.17707713614083204,0.16255762279029473,0.16564901339094124,0.180061993239823,0.1838473796766531,0.20652880935756596,0.29115066988788535,0.22732019302533646,0.018758059428932303,-0.19834314981990359,-0.40605207721291753,0.22590259072369148,0.06145914947325443,0.012411220174564166,0.011795883514931195,0.2165680304079835
2,Bangunan,36,112.71359241381154,-7.144029296236764,0.11288569087266603,0.12311625896421186,0.11643353386144076,0.17156048173142147,0.18901435341205858,0.16714235394333854,0.17986599198162043,0.17411968606988446,0.24111790310473497,0.2557204436642588,0.2140822119968402,-0.1873038194578948,-0.32397192824053206,0.14549704084298296,0.023633706757525436,0.1536900347001402,0.11948856440613013,0.09964546076625619
2,Bangunan,16,112.71364149125812,-7.1449262127750846,0.0930037524098885,0.10336795537592941,0.14344190546687646,0.15216381352853464,0.16293767513336696,0.19108989038512353,0.1625739996159848,0.18641952180977253,0.26231119988223306,0.2545411468612231,0.06251993366621879,-0.22262769339733476,-0.43465218562824715,0.23473917225005017,0.033075739932126674,0.03607930389332849,0.0356049316678338,0.22708051714424152
2,Bangunan,38,112.71281230667549,-7.145103537861026,0.11857240452234775,0.11002407419457565,0.15406065450379472,0.14823786559794389,0.19739314020360202,0.16299343461870408,0.19992718216187597,0.19015270839771914,0.290198696821919,0.24886981093278726,0.12957091396287065,-0.2900556324051608,-0.4501858345529566,0.18418026541064855,0.14846210654415726,0.09284736668144969,0.08056296417024547,0.16487484867070373
2,Bangunan,16,112.71358596963519,-7.14489379993884,0.08475975205887668,0.1121664228068624,0.15171771807835613,0.17578966626423342,0.16893926612413307,0.180669874214452,0.19137529548966098,0.20197697640516232,0.24059742710992438,0.2278053896303973,0.11558841400847832,-0.26094888329146326,-0.3640707628326619,0.11394731410377099,0.042448574364309336,0.06762964657890884,0.07055729932478935,0.17380516712885444
2,Bangunan,27,112.7129990580909,-7.144373781902786,0.10352679914727499,0.1382322362474654,0.16423973636243072,0.17169294131157176,0.17430936141554546,0.19123220828973714,0.16999873724689715,0.1977015355961268,0.24763803917990787,0.22126886083938432,0.017230215316168477,-0.10306070326495612,-0.28353000895894176,0.18590149653814378,-0.004958283054664485,0.010440642995428085,0.010354954368533521,0.20185522383225202
2,Bangunan,26,112.7137530569658,-7.145213119059769,0.10500323517454307,0.12278269959877115,0.1503147872676352,0.1681916774633867,0.17363966406985795,0.1883492499851633,0.17935975355658784,0.206193370928336,0.24910783395970462,0.24554558888458694,0.088101938743086,-0.18725291060462912,-0.33968365048847504,0.1627849626727708,0.032133592511163316,0.056126657422736675,0.05251149371191719,0.16826857812191812
2,Bangunan,29,112.7133447513237,-7.144214347514486,0.11002626527929014,0.10995477857891695,0.14077748148489272,0.1506459623555596,0.1621023995522583,0.16312605967346766,0.19898662387749833,0.21598527762080072,0.2680615078134101,0.2695829392791572,0.17132222416254872,-0.2881835982568189,-0.4182537486021095,0.14789671363834656,0.13826131569857308,0.11943232448287419,0.10397409585782323,0.13906225364665836
2,Bangunan,34,112.71308298258514,-7.145216864222925,0.09716131455147413,0.1654764362266595,0.1365870587695517,0.16382790027634025,0.1640333312908969,0.18558488340090457,0.19253422391829367,0.19829125410420376,0.2866507977067643,0.2435872392695019,0.16998950818934264,-0.07557816184886983,-0.2680094276956084,0.19640967339271972,0.08055380078978626,0.10898684741662795,0.10121649205657664,0.18731387639561142
2,Bangunan,49,112.71247220990438,-7.14565159234965,0.104057280791653,0.10636503458229424,0.14627748611825578,0.15798959168785953,0.16087640405994072,0.16835288387777453,0.22007645069635026,0.19604784124731447,0.23814521868828098,0.2295266781040114,0.20144171240064726,-0.3483362896375065,-0.3825145477454723,0.03943237336803341,0.16422225718217948,0.14005599649362102,0.12777508378868307,0.08508704479311915
2,Bangunan,39,112.71282508322311,-7.144890129957488,0.09922648240785681,0.12820000548924726,0.1483219478258797,0.1701492182766479,0.16032709540044007,0.18510660665252318,0.1668591080383413,0.19070535525478985,0.24623436538249613,0.22217416718102595,0.05881432214515147,-0.13102155007477104,-0.31523377328638963,0.1921484173901318,-0.009762697155051119,0.0353063970252961,0.034109895119206264,0.19446347840945763
2,Bangunan,26,112.7136842975391,-7.145176791948731,0.11596314233287014,0.13032917551468332,0.15464998054967197,0.16058969599036446,0.18165211548297722,0.15358065893036182,0.1929463127706803,0.20265679745007548,0.2694066440022375,0.2457003494857292,0.11017474250088986,-0.19369590127113911,-0.3479234568163176,0.1653722117402573,0.09152283186707262,0.07652393807454573,0.06777341852980608,0.15709754173806775
2,Bangunan,30,112.71411158820689,-7.144395822599458,0.0851941726819467,0.0975294033691343,0.12931918750725557,0.1684737592190937,0.18035137122763095,0.15948086583927204,0.16528350948797677,0.18915146471088742,0.2546404240959978,0.2195692375372102,0.12207736801277771,-0.2578035649940693,-0.44612288739101585,0.2127930971511504,-0.009558592488238284,0.0690430668934181,0.06789114003146339,0.21039420370306597
2,Bangunan,33,112.71375558352416,-7.145833455648915,0.07866922350789801,0.10767247055388669,0.1412938075433751,0.14229108490369766,0.16826294735042352,0.19587829224212722,0.16047330393879733,0.19690331362384192,0.2753713510062616,0.23372597414454285,0.06355727845112781,-0.19691092760233037,-0.4378059913132828,0.26362155758988565,0.06005402103120013,0.03380917159019288,0.03588229572044881,0.2706931233392729
2,Bangunan,26,112.7137234426923,-7.145173320737159,0.09139495463712372,0.1374524372145971,0.1354069688154268,0.1765674253780835,0.176434480866908,0.17485733020635244,0.18719535795896294,0.2048067427076906,0.2753132423150371,0.2317748169320247,0.16053321592816927,-0.15322118717778932,-0.33399289622031064,0.1905216121675351,0.02921665722415425,0.09851882113716362,0.09443516166543711,0.1916841449458401
2,Bangunan,6,112.71451258691854,-7.144655569730384,0.1006180910017243,0.11907726480593044,0.15056222212459677,0.14462231208333737,0.18525465572356786,0.18699493158255623,0.1602461238955058,0.2181239423822075,0.293511396211966,0.2550275095432411,0.031157148331935523,-0.14738779711065375,-0.422779750061259,0.2936927017566647,0.05124771841583807,0.01849507603206192,0.01791527273697229,0.25989441131141106
2,Bangunan,46,112.71255602838325,-7.14469669210622,0.12140477150839704,0.12128057072403882,0.11507742620392236,0.13233819323248713,0.1738262306580164,0.1711203178840503,0.16628135582508974,0.1990587997404699,0.2692337793179193,0.21820863679856778,0.1819880263552587,-0.15649076177987,-0.3788675325224704,0.23639229718763052,0.11366691358974326,0.1352868886476017,0.09829785778090766,0.14378788920784163
2,Bangunan,10,112.71518662089038,-7.145711758124073,0.09326683569579423,0.1426480602468047,0.12387067429667939,0.17304641780747435,0.1627290385767651,0.1881869063977493,0.196459912608043,0.21111922650477533,0.27363739403320814,0.22272609699888066,0.22660726465795453,-0.15868648486653394,-0.31466228792042217,0.16417341722803944,0.06336425876892403,0.1463277121537786,0.13273168062388946,0.15683332284758375
2,Bangunan,33,112.71370509745185,-7.145920526579555,0.11670489560111949,0.1072096032804777,0.14389312648357308,0.1638736928049584,0.17727683838304373,0.18505435014090285,0.16734285032212914,0.17975198881556426,0.27308523019942654,0.24278751866278372,0.07534387253004281,-0.21902279886256928,-0.43617638705453976,0.24009000405239167,0.010473986214407326,0.0507387519335112,0.04335925274953468,0.1896229114378533
2,Bangunan,15,112.71341318573012,-7.144995533370893,0.11724065261436728,0.11932900598718198,0.11892253458984561,0.1744919452150616,0.16444444085508342,0.18513005186131531,0.1702881085728072,0.22466452565350536,0.24685152763725204,0.23493855368840738,0.17760609790721762,-0.1759533530575127,-0.34825041090963793,0.18354385974088036,-0.012192806932642469,0.12783631659549063,0.09762711849105546,0.1197688087604321
2,Bangunan,7,112.71487244991384,-7.144973051580735,0.10161173054045976,0.10361726509369562,0.14495779292881394,0.18417865716201234,0.16264306758959435,0.18592714228547588,0.13875846920942167,0.1994160619927274,0.25530436571110693,0.22772253596384423,-0.021850434835213393,-0.14498647759346925,-0.42261899862281205,0.2957546002262169,-0.1406471542070464,-0.01243428661366868,-0.011865245150990899,0.24958458083874402
2,Bangunan,6,112.71468462689108,-7.144677934993616,0.11622175704442798,0.11510634477564258,0.1373378376935962,0.15434210687816394,0.14124776192352387,0.16302020339884557,0.19441640229180324,0.16835074029680044,0.24850526975576442,0.23400419915565354,0.1720507458432734,-0.2562333722201212,-0.36687201200974695,0.1221183580649762,0.11490557002927074,0.1244322191791744,0.10293647183429265,0.10797842180628589
2,Bangunan,36,112.71359199562109,-7.143990331214932,0.12615432800937348,0.13152905648244553,0.13164244209420353,0.17956770545673328,0.15889226269248322,0.19513649705601008,0.15961684131115475,0.21609886747683738,0.25390799531793523,0.22457243638588095,0.09604637762557303,-0.09647322852595379,-0.31750693906138333,0.22801811506024863,-0.058820085634418054,0.06970499333800367,0.053031414234833193,0.14863109863036691
2,Bangunan,0,112.71414118538867,-7.145311625779122,0.0967428458038553,0.12416016269580321,0.13257877354211434,0.16830930258992985,0.161255091745039,0.18930558590897037,0.18663333093054899,0.199086154179381,0.25337926531451077,0.242273111936479,0.16933742944489855,-0.20101182719365923,-0.34226650963965255,0.15169096249030442,0.05162532352692589,0.10754689157736169,0.09897538822970069,0.15325955192411667
2,Bangunan,35,112.71293251824756,-7.144819159678806,0.10825380614550549,0.15092698729097412,0.15409130632697274,0.17463984924723763,0.21632768292290427,0.18773937715151764,0.18726965266967552,0.21056022611482483,0.2448655103361762,0.23334147545371864,0.09719431988657563,-0.10746016067891695,-0.23734285862172264,0.133282043360213,0.0348976838702614,0.06380873611298545,0.05915121088266758,0.14893635046408038
2,Bangunan,1,112.71439016155237,-7.145333818235955,0.092407460999615,0.12971420965829342,0.13738738156668204,0.16207335138211454,0.18631181930222698,0.19294726108056207,0.1775741849543813,0.18995007354682666,0.2770291209747978,0.251608367713648,0.12759272092780566,-0.15574937413651488,-0.36218150332060506,0.2187730148560275,0.04563799783099784,0.07676019626140945,0.07396692992391672,0.2110392272304621
2,Bangunan,34,112.71309480543367,-7.145262801657106,0.07590614772556928,0.11530269091637578,0.14248273193025146,0.17168244575681546,0.18365152242409657,0.1842585900176321,0.18877871297038284,0.20096205203567233,0.2498922246772916,0.2360810341343812,0.13975662309346557,-0.24163273673827532,-0.36854164076622753,0.13931515932035116,0.04742887479612522,0.0785008148287765,0.0835404697116659,0.19433557243126237
2,Bangunan,31,112.71375937772248,-7.14537307797529,0.10028486779960163,0.11947981124972115,0.11171640643334796,0.15403774997605854,0.17084308479633728,0.17577945012141447,0.1762976430673262,0.20731987056206883,0.2438156421942705,0.21557936679073184,0.2242294656170848,-0.19209656042480092,-0.34224438930798096,0.1607137915769274,0.06738573429507874,0.14751855211723586,0.12293163429300569,0.12489751493609477
2,Bangunan,4,112.71473171658455,-7.14563044256317,0.09477745313744988,0.13146171608252685,0.1653132955922996,0.17173192358642111,0.1479760436019673,0.17651449140934844,0.18384951571622293,0.2026638667538539,0.2680895682941431,0.22624426580308857,0.05308761262795824,-0.16614631571699529,-0.34195322906498155,0.1863969180182501,0.03407824693968346,0.031633969019807716,0.03274322640559324,0.21737276684007828
2,Bangunan,0,112.71410204802842,-7.145294445150765,0.10097414631326114,0.12630484244664192,0.1523850642995549,0.14791422750080813,0.16482264699135654,0.1394427347988999,0.17067807048633338,0.19213377660543438,0.24470623237748837,0.24248418225348978,0.05662362603606455,-0.14941340379502724,-0.3191316854027615,0.17821607894800026,0.07145132841532999,0.03444537404538382,0.03333828004252169,0.1875742749828655
2,Bangunan,45,112.71342961576832,-7.145466124455012,0.09916081851932099,0.08611179183633583,0.14323261953952637,0.1460751380381646,0.17728533438785773,0.16077223128407,0.18045009807796408,0.19575255006670242,0.26454652827425496,0.2418704591647702,0.1149813579711655,-0.3539077019526327,-0.5088564157633216,0.1889821743069701,0.10527504808938863,0.0717852389204457,0.06777636171502346,0.18645633340634665
2,Bangunan,12,112.71513267479482,-7.144600271902005,0.0961725373746782,0.09695591528933632,0.11784188054808453,0.15124169591361672,0.1698758017410562,0.17087628079201322,0.18937817895869197,0.19581168621182476,0.24552480912830735,0.23582855560518134,0.23285034933136964,-0.32277771038512765,-0.4338022049497714,0.12910150442397542,0.11196200147572075,0.15218734893536018,0.1329308487223122,0.11991660649326838
2,Bangunan,2,112.71473354035828,-7.145322272446168,0.1033878975447483,0.12487327078236876,0.16817568697989696,0.14996635989994872,0.168897820076144,0.1863918592022914,0.17964865561198776,0.1924907278101702,0.23676114235483636,0.23233748161420475,0.032984950143548485,-0.17987336839190815,-0.3093949779072105,0.13715452154236848,0.09005140611051055,0.020294737539358735,0.020298370881313876,0.17718748879404692
2,Bangunan,40,112.7125768866458,-7.1449325137694295,0.08389446380923299,0.09410089978314332,0.12806481737494121,0.1442936241885032,0.17875679817939424,0.1890163775612144,0.16644181065628688,0.1960965705415532,0.23212636006831197,0.23258490074725957,0.13030943788119742,-0.27765470956174126,-0.42309603411107116,0.16480129140219343,0.07127666790744308,0.07348410630057854,0.07245438601898724,0.17993441974532828
2,Bangunan,41,112.71260768907088,-7.145153406146293,0.10598472851053518,0.13237406834421153,0.12930429377463032,0.1757778229079128,0.14726462117729794,0.1612855830128431,0.19064492798456814,0.22506681842844872,0.2674014798227554,0.2393948642019898,0.1917199038051868,-0.18039452825446842,-0.33775805388775654,0.16757374441172573,0.04057364069198896,0.13089238581751628,0.11221542611809245,0.14434011679540512
2,Bangunan,26,112.71374026144504,-7.145148116663804,0.06707224380216688,0.0896632941593478,0.14194114305343805,0.1546290599564324,0.15341247226771826,0.18098298871245075,0.18172697051261713,0.2141662380281041,0.2620490342451905,0.25842591552501576,0.12292167707814006,-0.33922983982243715,-0.4901327752077897,0.180996860331402,0.08056317717221673,0.06499541839767092,0.07245483976597158,0.23773511754310922
2,Bangunan,37,112.71363044771725,-7.14414334454741,0.10011991044323221,0.11826997507788996,0.15596468279370773,0.14532338679937848,0.21221671179899243,0.18562886217250102,0.18571243879256508,0.207876439609589,0.28815704712997464,0.25188761117508907,0.08706393853263059,-0.2218630434376158,-0.4180014180927064,0.2161873916016785,0.12200809927129967,0.054260414776238074,0.053015144232730876,0.21684840867428568
2,Bangunan,2,112.71460053229673,-7.145320501323998,0.07592416031494115,0.14105205577151256,0.13488655130832475,0.16160732609258985,0.150811190417371,0.18789303027185844,0.1702293856489867,0.20150254456990213,0.25573851491958827,0.26887519202603777,0.11583411400032059,-0.093732956422309,-0.28903524259482266,0.20074078106759827,0.025982838020431553,0.06265937867377201,0.06584672974099114,0.22687872562149097
2,Bangunan,9,112.71520713194664,-7.145291699142611,0.12973390450218386,0.12069769755322111,0.14095966567053284,0.15439835550475728,0.18659009437254181,0.17506620194499933,0.1736799408803145,0.21467889295497447,0.2519255135702503,0.23943367448327202,0.10399286810861501,-0.1799805291904845,-0.35217295044288827,0.18384532361574538,0.05877129188135857,0.07817092649454023,0.06024800711872709,0.12849556090961906
2,Bangunan,25,112.71335837021061,-7.14543420798431,0.07628033827733512,0.1305628551768475,0.16911300408772806,0.1708183805919969,0.19192698751320958,0.16730846795734003,0.18354486423042302,0.18585260113445917,0.2565835168162799,0.2515831721602876,0.040923119539621626,-0.1686746476173184,-0.32551166801624537,0.16594851767161561,0.03591366708725679,0.022187564604018252,0.025388600772244356,0.24196362053818354
2,Bangunan,2,112.71476326385722,-7.145320550383749,0.10152730919654948,0.09881038466098167,0.12027456341693371,0.1392825410276384,0.17737178884909385,0.21095841803485002,0.20043687366000318,0.17156022201280904,0.28131613907104674,0.25404600625521967,0.24995151630307294,-0.33960708355231006,-0.4801184409289069,0.16788533357509278,0.18001424060081905,0.1726699061146082,0.14651125832103165,0.14160447402910983
2,Bangunan,20,112.7135992310456,-7.144588409970466,0.07682050081706865,0.11545197574934253,0.15643283617243717,0.16825650266402178,0.15036357421418023,0.1891611323369429,0.14793749105879117,0.19665766736364185,0.27706935154100076,0.24027591323356978,-0.0279112131692158,-0.12333642487600431,-0.41174164088253523,0.30383477919665386,-0.06426121920197436,-0.014061595234498547,-0.01584222744060252,0.3171150283626498
2,Bangunan,8,112.71516209512369,-7.144965066374587,0.09251593675057082,0.13334019380658524,0.15462127722629873,0.17965059539300426,0.18311513642669583,0.1962206219090572,0.190993628361563,0.2039829297367471,0.2613426349964572,0.23644110421353895,0.10523953232907718,-0.17775955030471122,-0.3243172277186436,0.15552369371652586,0.03060356053320364,0.06381778091041951,0.06451935312678524,0.18936292970811744
2,Bangunan,43,112.71296172995116,-7.1459844378303,0.08181447560410413,0.10567032736770286,0.13576978277097188,0.16362178239403644,0.19161218897006396,0.17937304158186732,0.19505214436316495,0.21618973484648182,0.25652829803466815,0.24892035317055275,0.1791971950787861,-0.29722360348990123,-0.41650619210072665,0.13613555363234353,0.08762934670402026,0.1061599519914529,0.10703080826841592,0.17250082159525545
2,Bangunan,28,112.71274711173838,-7.144398346770553,0.09634707937412708,0.13983203841117714,0.149537650073989,0.14214274367967467,0.17242286978230772,0.2047216824273582,0.17728153448179948,0.20671572545142602,0.2681881825660872,0.224450656512531,0.08489062342111049,-0.11809490086116987,-0.3145828006584984,0.20406919797523815,0.11000663723611813,0.05130519148938706,0.050332439533407734,0.20842741274906276
2,Bangunan,26,112.71374260644494,-7.145139152440149,0.10766061923820272,0.09909247271948061,0.13061563840397908,0.17613584451241288,0.17535134435462538,0.1754328328838021,0.1866969153186778,0.19909861628367304,0.2601886775352775,0.24985227790080206,0.1767382855800202,-0.3065349728134948,-0.4483847935055385,0.1644531916609897,0.02910726909575128,0.12055966971118023,0.10292502542496566,0.1407649611136002
2,Bangunan,34,112.71305184244696,-7.145323805701488,0.08908948389011302,0.12060504608332036,0.1353159770809002,0.13621594938099618,0.15619316365626051,0.20352309670595747,0.1857708497187785,0.18014617547897918,0.23689468436227384,0.23831754149834122,0.15713778414278748,-0.2126988588712365,-0.3252859458347619,0.12095576856932892,0.153903515058464,0.09487596890497355,0.09217333232808242,0.15044767641918755
3,Mangrove,34,112.82984248658721,-7.3399911,0.05341779799764723,0.05719862797793471,0.04960499330106024,0.10527896156227987,0.26706875686768844,0.27996419236043146,0.31406284382624633,0.32497601944089594,0.12294638680416363,0.03778745027020831,0.7271961465908053,-0.691868762756842,-0.36497129016190366,-0.43732819169301856,0.49788473050675325,0.5459225787964064,0.4593047914198369,-0.3609587088213385
3,Mangrove,16,112.8337224874681,-7.32466865,0.032655740212648686,0.06528004430906446,0.027689500251362,0.10606817789629236,0.2560040438721124,0.2902641037043808,0.32408225074190944,0.34573429299542163,0.09858702882427735,0.0585266645839192,0.8425712093454755,-0.6646822485322602,-0.2032561128668859,-0.5335027462028229,0.506832163410805,0.5950222129686379,0.5219580541587286,-0.47713153920792906
3,Mangrove,11,112.80889399183896,-7.2511522,0.018859817179482704,0.042229730345065136,0.04550714162098464,0.07443850561528892,0.2739028387036481,0.2962091653114041,0.29682680095379205,0.33614626829434935,0.11871798217991379,0.03760485234756638,0.734135962996936,-0.7508985857978265,-0.4752366477264541,-0.4286152192842104,0.5990010130346572,0.43985571391655115,0.4475416102156485,-0.31560280939645907
3,Mangrove,19,112.8755929848478,-7.570725000000001,0.04076588413125095,0.06170055807037835,0.011159178106979428,0.09745188274630391,0.2807191852333839,0.32514892197368545,0.31076022686413013,0.31214484767747447,0.11735910353683833,0.06276291355788789,0.9306709791333244,-0.6686869549739528,-0.31083798917097233,-0.4517458314587434,0.5225429098584269,0.6987152702256921,0.5467708517619467,-0.4645566791457539
3,Mangrove,21,114.23321766296453,-8.597264299999999,0.04088561974978083,0.07177431433031876,0.035448946188712964,0.09891381491754185,0.2508744875614397,0.27153096722247755,0.30509462650070024,0.33279079265478284,0.11836363764237225,0.029936844600606593,0.7918096277391887,-0.6191019908321284,-0.24502905697499003,-0.4409666884060884,0.5103378789538106,0.5565919502888705,0.48119875472230256,-0.38449463551435786
3,Mangrove,32,112.83535095611735,-7.345647850000001,0.0396752503397259,0.09081817641931166,0.031176751961668667,0.0990750202119019,0.2646350353412855,0.33048505537065503,0.28464528357450164,0.33304810400090856,0.09800513866553534,0.04179492918732508,0.8025675927898838,-0.5162342738815369,-0.03806183682842564,-0.4877562745876979,0.48360814126293555,0.5396891033971443,0.46603644037314407,-0.43029239160970234
3,Mangrove,14,112.83278226046906,-7.263480899999999,0.029256145381770907,0.08020984862420338,0.05701485901033105,0.1067221321694006,0.2543510791546477,0.33739108299957776,0.2935866827800572,0.32143296128460397,0.0833758543313191,0.07094137353867115,0.6747597910918598,-0.5708368474779936,-0.019353804339629348,-0.5576438165498285,0.46680098755119526,0.4176011137083836,0.4171844491460327,-0.39386637209849273
3,Mangrove,9,112.77620294431046,-7.2079847,0.04452368388556941,0.09626708304174669,0.00915714971672811,0.12187256211218665,0.26105203277549194,0.312091503252002,0.2752833428834329,0.3520212273399795,0.12179775126997745,0.04941634947820674,0.9356128932218748,-0.4818087852116379,-0.11707833677875948,-0.3865346234983991,0.38627344691416543,0.6677872225006114,0.5088840944797185,-0.41896201461291976
3,Mangrove,17,112.83507699051755,-7.36932625,0.039676690314916815,0.04851757048436626,0.02130839871627451,0.09304833079561906,0.23220908207464583,0.3129263774130505,0.3178739042127385,0.3194798377535424,0.11522304523917229,0.04601689288056146,0.8743542987388039,-0.7351599357378299,-0.4073850220524837,-0.4679110734031078,0.5471243795445199,0.6457469255308992,0.5300972824284237,-0.44733289800097553
3,Mangrove,1,112.77387472906862,-7.203525750000001,0.034924109431215454,0.05058634138183456,0.01674862265868546,0.11578112329035614,0.2590419412231326,0.3303316342628021,0.3006946494719121,0.3161088293947426,0.12840411314653907,0.0594620024621903,0.8944780086627002,-0.7119893016989897,-0.43475933694335345,-0.401517205205866,0.44399587642547456,0.6230955450511957,0.5210380398748865,-0.3961674616696586
3,Mangrove,24,114.42760975925418,-7.7900133,0.04090309295544635,0.07785901018301877,0.020208055592313083,0.09809120036522069,0.2574282525276831,0.2806388019462657,0.29604614774762633,0.3500456918681524,0.1135600715569077,0.029809080082325187,0.8722037157767452,-0.5835360447783461,-0.18650732655737642,-0.44551588121646174,0.5022486395363875,0.6209653432486979,0.5068974059061053,-0.43164142009301587
3,Mangrove,5,112.7695341834413,-7.20058135,0.006662408825025976,0.08497164088122407,0.02864521484617305,0.09028884691447575,0.25589012352654494,0.27784038368524,0.32134642724267426,0.3241042059362096,0.13051102291607633,0.05077477571670973,0.8363091467363905,-0.5817481532906492,-0.21133663850727905,-0.4223354153776075,0.5613162774740033,0.5070176396192562,0.516536630308253,-0.34660242909324057
3,Mangrove,18,112.6807479748559,-7.035242,0.05144297961852659,0.06385041748564628,0.04279848994303614,0.11078639569132506,0.26934936599377957,0.30521901715774064,0.2965072392582662,0.3587315203735929,0.09639594522356149,0.0500646146351474,0.7477290441417256,-0.6456275224709032,-0.20309682531688633,-0.5093145116380333,0.45598759021593677,0.5432847995854169,0.45342610056408816,-0.4285293527270685
3,Mangrove,7,112.77185692651148,-7.20357125,0.03022328812811393,0.06603661130015281,0.023557910311582483,0.10472119458384382,0.2574673612219555,0.2762707122384315,0.3001432842938527,0.3134915200045477,0.08398421356326649,0.05205309981034078,0.854446562870916,-0.6393214787901392,-0.11963407186848432,-0.5627274052852673,0.48268519325044995,0.5691918664712263,0.5036754392132914,-0.5088376867657568
3,Mangrove,20,112.68035424705175,-7.0379107,0.037318250130293495,0.06790047063156865,0.03850756060529541,0.07101116468589085,0.23958474608138797,0.32960282155220505,0.2842918685988445,0.33916261546705034,0.09969593567501231,0.05119509108901347,0.7614149375608064,-0.6144125616863418,-0.18971447869572056,-0.4807338420348529,0.6002783070578371,0.4973577180772081,0.4480757386364854,-0.3988716646552342
3,Mangrove,13,112.82667670085971,-7.259136849999999,0.02050118696589609,0.06842311731929467,0.032051611759750485,0.0932756533953365,0.24424741820478935,0.30401661296238763,0.28180921801436115,0.3364122156318126,0.1493972736355535,0.07025255076893018,0.7957590809869594,-0.6092701288774772,-0.37174736299732625,-0.30707316943464824,0.5026424110570187,0.4728968024642275,0.46031999044099087,-0.249838135906983
3,Mangrove,30,112.8385033366887,-7.34037245,0.04077521830341244,0.058715890533882785,0.001,0.08016570406149724,0.2792418928415407,0.28815365879812826,0.2895112185275393,0.3275152428647397,0.09406930611730169,0.031598468981725455,0.9931155808603446,-0.662772430190595,-0.23139293679569894,-0.5095199034979117,0.5662931633210836,0.7287866762286969,0.5474518484347511,-0.5529891956561079
3,Mangrove,10,112.78100955161878,-7.21148475,0.029242888908278673,0.04662705817991945,0.018884721303316577,0.08828213460779491,0.26783540320751703,0.2965181146425696,0.29732142048159216,0.33895418845963327,0.1078694058765059,0.04582619347314241,0.88055436471288,-0.7288718430980923,-0.3963996695602029,-0.4675624466633176,0.542109331132153,0.5843087600609731,0.5117028987971964,-0.4407722379024777
3,Mangrove,2,112.76758696803131,-7.2006278,0.03705675533355256,0.07002296765336447,0.027793897507370935,0.10120911663430783,0.2482731465540001,0.2870897543525321,0.3115372125295021,0.33667413093816934,0.11682947657624865,0.05421281523088284,0.8361842041394739,-0.632965012563482,-0.2504998468998687,-0.4545351925127185,0.5095819890432938,0.5909472684799925,0.50708828428211,-0.41355113865387333
3,Mangrove,33,112.8373710427303,-7.35147495,0.0306930491372243,0.07044617836234153,0.04402663141534176,0.11366842007785972,0.2584883312608102,0.32080489094863257,0.3034269102259848,0.339485642888487,0.11423131836252319,0.053705100612262614,0.7465754323259839,-0.6231545900245979,-0.23708974043721023,-0.45299141369694523,0.4549523236209285,0.4849006380104376,0.45914070694939185,-0.3571687639986873
3,Mangrove,29,112.83598385822106,-7.332766149999999,0.018963720146245203,0.07052026257517238,0.07267941592361458,0.09437807387814875,0.2610649207313742,0.29330692103479106,0.29267970147657096,0.3531667421717801,0.09990543473408803,0.042888792899504584,0.6021480632980546,-0.6116725227926401,-0.1724221901417255,-0.4910381175205859,0.5123308190989253,0.3466693378846818,0.3813450643714958,-0.2871756537944974
3,Mangrove,27,112.82732867815942,-7.3397758500000005,0.0061876076440304795,0.04863582413186629,0.004374001605699784,0.10947707048817894,0.30199545832755964,0.29449981809524217,0.27499863100514643,0.343499994966446,0.09909612561604765,0.0694902039583031,0.9686869680171137,-0.6994397616842379,-0.34156660917776377,-0.470208421277094,0.43051240804961133,0.5391635226939148,0.5208509089410907,-0.4620126604769396
3,Mangrove,0,112.76593532099851,-7.19737965,0.025769564283150827,0.05052276466375829,0.027330636663814703,0.11136665141404281,0.2565886905386652,0.2925491294580944,0.2970175259553169,0.31092217223248675,0.1159554740344097,0.02319910109232635,0.8314734582810346,-0.70925520647756,-0.3930406129310572,-0.4384355671847211,0.4545985970430119,0.5318304596514465,0.4907275254329109,-0.38513473590490915
3,Mangrove,23,114.3875052969542,-8.48931275,0.02333817818451727,0.07139077813246114,0.03454572424399075,0.10885480859479586,0.25902431490921785,0.31754619271478274,0.3138704879515469,0.33669211506371516,0.12391318665970315,0.061256353316053655,0.8016985235724201,-0.6293903138885018,-0.26892648244088674,-0.4339067714816415,0.4849855935917236,0.5187634658044145,0.4938462272863412,-0.36062426342122483
3,Mangrove,25,112.83083316383407,-7.3323783,0.023408047299796647,0.03984151632463,0.03630543188763936,0.10819133846247143,0.27635707986707847,0.2859551808743206,0.2864035341108425,0.33689850399461657,0.1089324951672037,0.021713575841433082,0.7749958253387477,-0.7557571117212166,-0.46440220093120194,-0.4489118758510843,0.4516333272009933,0.470577750683415,0.45599011173958326,-0.3616609861839216
3,Mangrove,31,112.83302668593095,-7.355438449999999,0.03562662245631286,0.032213656275165675,0.01582115172189936,0.1202752205929016,0.28737318526710676,0.28176515447292055,0.2950591269388096,0.3306393378461806,0.13671840391372353,0.04260696578263398,0.8982170741793826,-0.8031387984030841,-0.6186199760015194,-0.3667183013106964,0.42082699628336434,0.6217522383698171,0.5165459980321272,-0.3686607293455053
3,Mangrove,6,112.77225271119228,-7.2020637,0.022846739654500826,0.08323088337694293,0.024378162709226128,0.11083302563449687,0.2378428555233136,0.2974315088386151,0.2751060474251039,0.31416849328566443,0.12258802032728396,0.04925141913369931,0.8371990088099063,-0.5354601968690098,-0.1912221669185316,-0.38350591341803664,0.4256449601297387,0.5014459506098898,0.4704180799400972,-0.33935753214643266
3,Mangrove,26,112.82831854318681,-7.336337,0.02521341389170538,0.04876875564028624,0.026690158901380757,0.10451669750651041,0.27474374309692645,0.26062279973854796,0.28752358238605785,0.3323864436328351,0.10851705326056571,0.056050643637900875,0.8301146270237604,-0.7099621342461456,-0.3798708711100062,-0.45199030746234975,0.46680633036710134,0.5181171510924443,0.4805250948090965,-0.39632119441363395
3,Mangrove,28,112.82619821184163,-7.34553395,0.034013104291898306,0.05542698205509889,0.022097202060192344,0.09631747765396749,0.27723113524734116,0.2890198810064143,0.29905789915284064,0.3327501332099763,0.13340526394811686,0.0454953761264553,0.862389216874191,-0.6872815438003044,-0.4129500290895232,-0.3830444970939827,0.5127795833506305,0.5885053441947411,0.5059227483641903,-0.3634428559368413
3,Mangrove,8,112.77396203828806,-7.206461450000001,0.04438209984016441,0.07847969104897533,0.029043686025140274,0.09683921531384856,0.2550641949192768,0.29616265298636124,0.3128135979086525,0.3334651496588327,0.11352934563754805,0.03312164734430248,0.8300829743571785,-0.5988702410027337,-0.1825416918436687,-0.46742711429931744,0.5272132281202844,0.6146410107887456,0.5056140464049766,-0.42944396683123837
3,Mangrove,3,112.76817915873264,-7.199014249999999,0.015487648839371482,0.0921517023716547,0.027332614120669656,0.0883784200663246,0.28146648748383946,0.3042271282302533,0.3086723237529678,0.327929293870777,0.10521990364134794,0.04745620441254065,0.837308256763757,-0.5401887280424769,-0.06621115097285661,-0.49155892803522383,0.5548255646438957,0.5184988987255835,0.5047931481383596,-0.41953626944189737
3,Mangrove,12,112.80335188116184,-7.24816795,0.0092589274455206,0.05868108885870153,0.03444049615563926,0.12775694850765631,0.26128998597507824,0.2649873443668454,0.29859021850823064,0.3710925619966246,0.1229954935247756,0.037836665842871174,0.793169248145866,-0.6715040475714121,-0.35400492164871505,-0.4165101414850546,0.4006905236302838,0.4599375505767462,0.47564222609578655,-0.3232709244946284
3,Mangrove,4,112.77010108620308,-7.20025775,0.038866597716458354,0.048869798626653894,0.009692887206797136,0.09477445955148893,0.2613728965885829,0.27191766746349905,0.28276261064192043,0.33015503344773534,0.10387740236016568,0.055922169067191364,0.9337137599056662,-0.7052773033427195,-0.36012184195857383,-0.4626660505986573,0.49793295926197023,0.6505250664128527,0.5168802365112494,-0.4780771101648452
3,Mangrove,22,114.35062324377445,-8.5293607,0.011779975090371576,0.0707117062282995,0.012243613544097073,0.12464101452906445,0.23426362573432527,0.2836116859442488,0.3062605620454774,0.3549634987724646,0.11472564554174255,0.05844286880273587,0.9231180314481449,-0.6248439872539007,-0.23735206880365708,-0.4549671998674337,0.42148731164715797,0.5691947219116035,0.5388187817544078,-0.4293642055588817
3,Mangrove,15,112.84160709618627,-7.306784199999999,0.030263053525095875,0.0446040231882721,0.02264792477640931,0.08182135420028086,0.24081935048334693,0.3060262337897962,0.2831523302686806,0.33479331010085045,0.09047265871668353,0.05444574530175132,0.8518776565506216,-0.7278220661065451,-0.33957478479602654,-0.5157033836509298,0.5516314849102225,0.5463292130636451,0.484929864183949,-0.4695847834477916
3,Mangrove,8,112.77447548725381,-7.206603012031284,0.022669761465555563,0.08109923300475966,0.03485578343368597,0.11853674339491213,0.24866529925362213,0.3008421501036625,0.2852836926282558,0.3237959213588337,0.10606843665883056,0.03911212668969291,0.7822462618257983,-0.5572979655463474,-0.13340553721454296,-0.4579386238116483,0.4129235024917203,0.4727212703448084,0.45802192767938915,-0.3721041237614712
3,Mangrove,27,112.82768892911633,-7.340919907976166,0.011767457117314573,0.0387972401452102,0.001,0.08415480304744814,0.2694124084500777,0.27602252201980076,0.2794781573062004,0.35686347856849376,0.1004525592522762,0.05481569013747254,0.9928693164128074,-0.7562033331260872,-0.44276773777105494,-0.4712059061830653,0.5371442498822101,0.5815089099121081,0.5352068242384137,-0.48330516261739837
3,Mangrove,33,112.83759815757146,-7.3477435669570506,0.03963475719750742,0.0699378919467192,0.007165286540879105,0.09653410480150765,0.23572659095722412,0.3366947678836548,0.27607687103976597,0.31428239671695274,0.09439098717737743,0.0275500928491568,0.9494052221831305,-0.5957519751992382,-0.14880582897048844,-0.49042279739548594,0.4818504483155382,0.6579308633356044,0.5149970195607075,-0.513232273563683
3,Mangrove,17,112.83475374338039,-7.361832367778396,0.05028890864634818,0.09633671851625243,0.02286376321031074,0.08019365279733386,0.2264461175191097,0.29633836922216844,0.29525451865257835,0.32023055810459783,0.11332062880964343,0.0559275971422323,0.856256210711629,-0.5079730615692797,-0.08100794190619469,-0.44528868319008175,0.5728110605836956,0.6453104001248009,0.49942183449688216,-0.43460025858665735
3,Mangrove,8,112.77506683689106,-7.207359636226475,0.03484624886906851,0.05525812692047269,0.01347567255638607,0.10998749646710074,0.260187706391323,0.3133253628725197,0.31185113324208347,0.30867356896429327,0.08848666688813595,0.03866688921889208,0.9171560856665966,-0.6989554159136051,-0.231163431078711,-0.5579399839919011,0.4785328371553236,0.6593301612357908,0.5422860228022611,-0.5454803058151958
3,Mangrove,11,112.80980713984326,-7.247871281460523,0.01415601887563998,0.0713287766396415,0.03526964513981876,0.11648775990677966,0.2659473022611638,0.30312974372810053,0.31799594670516257,0.33704591009602575,0.11102151445156579,0.07220679550896028,0.8003222144801648,-0.6335769465467114,-0.2176730147055148,-0.4824382467163657,0.4637876709024019,0.4965533697203287,0.49701928262573475,-0.3884700099600312
3,Mangrove,14,112.83085783722797,-7.262743400971543,0.03172771324729185,0.055434890926231176,0.017432651118335255,0.11054538188568118,0.27855575812763705,0.29924118897849855,0.3196187343566976,0.30044977452042637,0.10916819937788128,0.04939857631843346,0.8965578999650453,-0.7043895190368706,-0.3264416726680735,-0.4908044483890027,0.48603159605991175,0.6368479517875799,0.5415188753320136,-0.4702309177829519
3,Mangrove,13,112.82294228367999,-7.260329887645581,0.019095084413889796,0.0957579155697281,0.02900711050966858,0.09388403842593351,0.2603894317015026,0.26995779392211255,0.28860198111982627,0.3447485995416811,0.10056581967600838,0.03756687255799593,0.8173408023711293,-0.5017278511866432,-0.024489673017745912,-0.48317502264091594,0.509085122682535,0.49186878673019735,0.4762573091490185,-0.40735503621197633
3,Mangrove,17,112.8358434629485,-7.372158672651639,0.049642884547716,0.08010381601427743,0.037754857082417125,0.09317323998942,0.2564079340232552,0.2879377505763756,0.28507840321457034,0.31433375267537356,0.10072918389822189,0.03447918513972883,0.766103050034334,-0.5612939947400561,-0.11405754358920672,-0.4778268364759412,0.507347862635215,0.5427161514368103,0.4508633001348646,-0.414697879434823
3,Mangrove,33,112.83501046639056,-7.355192054799892,0.006544423221852766,0.06329104004630859,0.033518933713401554,0.12551189137642477,0.24997492447467948,0.30444150884434906,0.304690688689122,0.32619243658311703,0.12116500383124515,0.06162843780276072,0.801786040999143,-0.6560098753173793,-0.3137547691828406,-0.43095745260735724,0.41649865714170853,0.465380352916072,0.48526958125070097,-0.3360050940463519
3,Mangrove,14,112.83077098428464,-7.264250274569114,0.034911166427963096,0.05616540442428306,0.02463704837168197,0.07948369151804412,0.24791123332073464,0.2906698871414747,0.2831404235635585,0.336598859500315,0.12794941803480514,0.03637906351506275,0.8399034949717333,-0.6689393454169297,-0.38988720333250665,-0.3775111653156937,0.5616193822026021,0.552769161490165,0.48002708203640165,-0.3515761655566756
3,Mangrove,29,112.83621117504742,-7.33439180779378,0.034251621536169556,0.04448833290705435,0.025426167435912566,0.08964505631233337,0.26902843472909665,0.2898181773923673,0.3151749062055997,0.32631418839506704,0.10025594435607754,0.03120042106482256,0.8506982518321528,-0.7526111737573199,-0.3852837025284189,-0.5173399159971007,0.557111482184291,0.5982367659793719,0.5170384880330079,-0.47093316530386425
3,Mangrove,29,112.83635811263353,-7.332873624956657,0.03379806765443025,0.0734282760333927,0.03409981884805311,0.13358247499621637,0.2814468117870563,0.29538708352924475,0.29522958849289394,0.3370454507922803,0.09742971229361472,0.0674943245979873,0.7929136087795088,-0.6016454094716338,-0.14047593767643687,-0.503744277289079,0.37696493844981965,0.5237919474528642,0.4723028642178981,-0.4288243241613017
3,Mangrove,26,112.82645557442038,-7.337960835227461,0.03542400782765375,0.063846883662878,0.04030430501656224,0.1258424482505359,0.26256433028281256,0.29830439443692924,0.32263079434983866,0.34451325623986706,0.10518530239424417,0.050077796729885306,0.7778980017315875,-0.669596007065768,-0.24455945019155678,-0.5082686067733457,0.4387961799448104,0.5434469961583093,0.49075502237753055,-0.4221379292411225
3,Mangrove,8,112.7739563554057,-7.206484683327393,0.032930713739081977,0.06542719416907473,0.009651002235913291,0.0768627308829766,0.2466891496699632,0.2855289233548299,0.29034263979041247,0.3395206596313501,0.10746606265512892,0.05294591907515283,0.9356586183723473,-0.6321936924386793,-0.24314926455257696,-0.4597098443330531,0.5813637963262575,0.6372008472254455,0.5263010031745895,-0.4681216474003034
3,Mangrove,31,112.83415927911419,-7.3541222448310135,0.011635448849366074,0.053075366956185824,0.0388088649261726,0.10892428687265203,0.2491313925771814,0.3024249357956933,0.332982717802235,0.32973603106116545,0.09960219580786332,0.0473935641595676,0.7912332224576534,-0.7250394724829144,-0.30473913589282153,-0.5395022205171544,0.5070262024640173,0.49739587020052095,0.5061539799834948,-0.42690399213882596
3,Mangrove,0,112.76013477089109,-7.1962173336980495,0.031382656612902494,0.057732474289641754,0.02952967948985247,0.07834829804594741,0.24556054287371074,0.2977599714439275,0.29752098044966346,0.3215071608771,0.10734479620885344,0.05091522283121308,0.8194183133278325,-0.6749786730744292,-0.300539992385711,-0.4697264988428181,0.5831087943601824,0.5405975173763358,0.48604876449662066,-0.41227605095734904
3,Mangrove,2,112.76775499411144,-7.199902053966726,0.043341201847867876,0.058511823971609235,0.035986548079473796,0.0918759954784912,0.26858143585397726,0.30563595446418534,0.31298725504769725,0.34070190693666735,0.11883103434321719,0.048523738870133296,0.793757880082255,-0.6849961272121134,-0.34012765219109714,-0.44962481910785956,0.5461381311731711,0.5752404273429532,0.4894156438300554,-0.3942334647597132
3,Mangrove,21,114.23394389152618,-8.59705655333686,0.03367408840566702,0.0759526339267729,0.02021888145895808,0.09057388331954702,0.26272147096925547,0.3062291953539818,0.28763840251103995,0.3288785615488004,0.10859001838656823,0.01677079826594794,0.8686476952401598,-0.5822084341682182,-0.17685550670163622,-0.4518817283903493,0.5210420868208447,0.5781313549286026,0.4965348329928778,-0.4276703897975736
3,Mangrove,2,112.7676598090336,-7.199886006278468,0.026706090161118603,0.057640232507273,0.027595605857654713,0.12123871411865902,0.2417630255223669,0.2876306614319308,0.26081706302520996,0.3227862500073879,0.10406534668810999,0.04235034235498616,0.8086380437526386,-0.6380033766857425,-0.2870965499443075,-0.4295951565071639,0.36533500313661155,0.47553707704116466,0.4437171034390212,-0.3718227817739704
3,Mangrove,24,114.42703541355002,-7.789986716584338,0.0466151600922564,0.07290926283505444,0.031167850864009562,0.09444080419690207,0.275392845021603,0.2997036321024622,0.28772594941622315,0.30425626983773174,0.10338028259156476,0.06131965425758913,0.8045251978001268,-0.5956619838770214,-0.1728464357311959,-0.471344231481444,0.505761275375686,0.5700686279660037,0.4699475654799507,-0.42609844142260134
3,Mangrove,29,112.83601962531102,-7.333956748262316,0.06414808034314634,0.06092415519284214,0.018519667273195435,0.0822255218757368,0.268279323444584,0.273530759214236,0.3082551765210733,0.3422656740939437,0.11654419179849296,0.046705074920921644,0.8866518150449734,-0.6699481780576622,-0.3134082062248445,-0.4512977150358263,0.5788497485138007,0.7720000673828453,0.5256609669898975,-0.46769414188960484
3,Mangrove,9,112.77595662345803,-7.207782861673751,0.03847410980320222,0.0625640755669245,0.01832814237209112,0.1277561848356254,0.2547248093058423,0.31163628450674863,0.26372078575956426,0.34914706324171396,0.13203145616981873,0.05044750680689958,0.870035720904752,-0.6165064133173218,-0.356983429300366,-0.3327570012363615,0.3473118747442807,0.5653511107647992,0.47067255236905475,-0.335507212199355
3,Mangrove,0,112.76483569297123,-7.196946726137879,0.03838156552106638,0.06837772772411344,0.020358246455389136,0.10820683458159011,0.2478705429519117,0.2908686461453201,0.3169041471481845,0.34461986536050304,0.09940436746826312,0.03899635484748439,0.8792735432047281,-0.6450508964674097,-0.18492223215863854,-0.5224485484229388,0.49092430222922423,0.6439975487420008,0.5312777146536998,-0.4957876600450475
3,Mangrove,24,114.42889527601804,-7.790092396123267,0.020316050963134918,0.07098959349698236,0.015000228287844043,0.1053506895855393,0.2712027021595144,0.2986763182456035,0.3151509554529739,0.3254353474576531,0.10679216598509128,0.03534130653302216,0.9091311527497935,-0.6323121515925607,-0.20138495867644993,-0.49380776315050967,0.49892852464177817,0.5989684175539429,0.5423422860386599,-0.46729408155172575
3,Mangrove,34,112.82985739110747,-7.340062404099607,0.04525766021430308,0.048502193295316944,0.03524657726572589,0.09893025899311099,0.24420825405332508,0.2908634528426502,0.320743083585611,0.33302486313951724,0.09486274487949738,0.05457992431023038,0.8019797677133386,-0.737290106599778,-0.3233744027725632,-0.5434965601825782,0.5285368441583961,0.5983796046336424,0.5002919767207359,-0.47548202983911037
3,Mangrove,33,112.83765812565073,-7.3533251567997455,0.027808289526081824,0.11181069603366273,0.034276857620134084,0.09429062729400453,0.28130041876680656,0.2723844574906073,0.30141480234571644,0.3599164274202161,0.10825701073460368,0.02400048433027882,0.7957836782628863,-0.4588393179917961,0.016148145200844777,-0.47149397388916353,0.5234302059409763,0.51431480654127,0.47949134385850856,-0.395731783229401
3,Mangrove,22,114.36023907184403,-8.545189500477912,0.024061230533841033,0.08181777061438555,0.035641043944811567,0.08741715835731224,0.24972135789231464,0.2916044959327528,0.3054179682608099,0.3500729419940798,0.12578634519198756,0.05684018273163693,0.7909977859267194,-0.5774265508614721,-0.21179047532381226,-0.41658122854539764,0.5549422507740138,0.5037644087944443,0.4811379232627083,-0.34232950513792854
3,Mangrove,7,112.77235294649871,-7.20261274640406,0.01002532859913775,0.040081012290098375,0.03799878031820645,0.0798179335310066,0.25661649468397096,0.30456225669279263,0.28293609006955966,0.31463606498461705,0.10858818403148272,0.057554754312860806,0.7631994263889458,-0.7518334950488932,-0.4608027283096101,-0.44530548199873987,0.5599335714116733,0.4265004687384042,0.447545813778731,-0.33301101685516665
3,Mangrove,19,112.88096851233618,-7.5775704215464,0.045922781556206355,0.06910580152155828,0.031104848924882918,0.08880707869664427,0.24393639506233222,0.2923368436750628,0.3061490337747085,0.3350493555994102,0.07850147021412317,0.03821484457598746,0.8155404522926737,-0.6316860152763032,-0.06365315555548269,-0.5918296235362931,0.5502939381487219,0.5987774734319171,0.49276125892003547,-0.525182973945938
3,Mangrove,1,112.77406663981408,-7.202582826483254,0.04806761327409234,0.06118822571706209,0.00874486630345521,0.13533731772397228,0.25956587401527853,0.3057650093897011,0.305992871340677,0.3244860680075972,0.09908639477267908,0.0818251247759891,0.9444307705766236,-0.6667136378167252,-0.236457704303752,-0.5107802185049818,0.3866845220620548,0.7446428298129076,0.5472583224696341,-0.5330885977129416
3,Mangrove,13,112.82570911496407,-7.255564009201686,0.04504808804426626,0.07232905801663014,0.03864433787577316,0.08495023914457474,0.2791629528761041,0.2873530101298237,0.3042493019722597,0.3054091514180315,0.07938711724028721,0.054774368039796725,0.7745986873352372,-0.6158618443890669,-0.046521467900066886,-0.5861335704451407,0.5634617698544291,0.5541496540577691,0.472666333342555,-0.4948676650592479
3,Mangrove,21,114.23376375630338,-8.595024931933482,0.01786351099207638,0.0301624864305409,0.03810914254420613,0.13180121156576186,0.28084340387870094,0.2961402317210149,0.3001326796004542,0.3433155938517587,0.1268319202975236,0.04484696421761452,0.7746633299814761,-0.8173604100739962,-0.6157508109105848,-0.4058902282260641,0.38971581320114446,0.46963979175223725,0.46888057264761923,-0.31692549362359335
3,Mangrove,23,114.38649756060686,-8.48769051813868,0.030512665735868614,0.06450922210146805,0.03830814480418247,0.098003853369831,0.25819872132396887,0.32069748494631584,0.3181428105366433,0.33716115860154133,0.13578663605034394,0.044203313566603744,0.7850579743287118,-0.6628308910937246,-0.35586064659904915,-0.4017280118213836,0.5289936835521362,0.5303327306766206,0.4901062880263241,-0.3339275164462261
3,Mangrove,15,112.83828265706802,-7.309365870411095,0.05434460172944071,0.06813773165303326,0.07906539183321884,0.08211277109826284,0.24965982121673988,0.30628196742300823,0.3059585107946849,0.35925208476262527,0.09997437975050699,0.06357377778040826,0.5892961886873936,-0.6357208427164767,-0.18937747936360644,-0.5074339511146659,0.5768160375787752,0.41320418284577487,0.3845542221307556,-0.3360818246525174
3,Mangrove,13,112.82680311070159,-7.259718763716798,0.047436945070229934,0.07056971748330972,0.0155850548711352,0.12111638207881298,0.2784398739697312,0.30899376779685567,0.3030652153081343,0.3333916201506656,0.10881896311640933,0.05961177701378963,0.9021808121269903,-0.6222531053656755,-0.21321994950856207,-0.47160406224660667,0.4289408921113636,0.6905279274756697,0.5267453714527808,-0.4760901251963162
3,Mangrove,4,112.77183531620815,-7.201416427717601,0.030467022794174663,0.04727212536971038,0.01427112532758612,0.08871945619521562,0.2633319836382418,0.29959566245347186,0.30323015689933125,0.3375121970031917,0.10059018611124682,0.07198490252518022,0.9101035077241776,-0.730260668040072,-0.36059263409939657,-0.5018072362960898,0.5472915216402557,0.6225664157795785,0.5301992263264809,-0.4878647313405662
3,Mangrove,1,112.77376979409667,-7.204242116584078,0.025984337594287883,0.053498595228277365,0.03723579355998678,0.07245234696437391,0.2481419832541562,0.3147160919803775,0.27393867106406833,0.3467636129539974,0.13266704849538702,0.04445816993264378,0.7606757740529189,-0.673228425275659,-0.4252581263563619,-0.34744130597647127,0.5816730603028433,0.4543342914978807,0.43770401034588147,-0.2767411927817992
3,Mangrove,1,112.77292044924373,-7.202645226527277,0.03437719151139465,0.07678630627276539,0.022998162179347203,0.11301663280789273,0.24993276807303993,0.2928359656000023,0.2880099530351254,0.3351397079879221,0.12736953578848326,0.04723830601824254,0.8521057073411706,-0.579018125306673,-0.24776772860006963,-0.38673170241231275,0.4363633882851109,0.5671515986013559,0.49015253833624467,-0.3638660691447108
3,Mangrove,1,112.77319356909763,-7.20428559142651,0.01093126260131395,0.043759397665697766,0.035918991320558105,0.12766174620091406,0.26590587498971596,0.2941965517402312,0.31149275950275424,0.3264075204661988,0.1043257217395369,0.03562311341457105,0.7932194772799402,-0.7536431677639627,-0.408996689931436,-0.49821507847865265,0.4186021331801685,0.4767638880415764,0.4877919758272045,-0.39375755222702724
3,Mangrove,17,112.83457260671071,-7.373530760827335,0.051126732663695336,0.021911881237565045,0.04196788800418904,0.09304382593303695,0.25384488902822583,0.32538472734176715,0.28928803361699923,0.31979896268957386,0.10804408641620704,0.056207710787183576,0.7466135055210352,-0.8591780998565223,-0.6627799097717081,-0.4561522655895345,0.5132823809180809,0.534101935607909,0.44628881283118804,-0.38823900833765457
3,Mangrove,13,112.8260035096554,-7.256597203326897,0.023372163265606958,0.036392116041961714,0.017014527286773516,0.11922000784696779,0.2611216518370327,0.3067663092555573,0.29607868189240444,0.320107534557401,0.13516354174813117,0.04717712214423379,0.8913133390721799,-0.7810808247905946,-0.57573982929366,-0.37314328456218543,0.42585897328635525,0.5705085169520823,0.5148194907826393,-0.3546703154421419
3,Mangrove,16,112.83259969580124,-7.326613734596183,0.023349451807093097,0.07644213549533009,0.01916459461698922,0.09107908984339005,0.2601537002602535,0.3000040515613227,0.3038941702185482,0.3613750363409323,0.11504372369528555,0.014329190558737999,0.8813553622826286,-0.5980287201303848,-0.20158975791491496,-0.45078387230189576,0.5388088292432162,0.5723157626050136,0.5189111417672345,-0.41832157679017956
3,Mangrove,29,112.83567596960562,-7.332832532737851,0.034894484151473414,0.06056819991734398,0.030651750365271863,0.10368920964094257,0.259569825684878,0.29921081860416915,0.30919566314656177,0.3218687880420825,0.09578470496541236,0.09535672178933587,0.8196146296460669,-0.6723952429982392,-0.2252372915568069,-0.5269661802351284,0.4977330644749783,0.5655036351883035,0.4974902136387276,-0.4625746775820904
3,Mangrove,30,112.83765845939405,-7.342277161765805,0.0192621383432815,0.06150214368690114,0.00756509623686949,0.10174702622577134,0.24600161673965998,0.29336290585724983,0.31567596998656683,0.3370801435256711,0.11852614286862229,0.023431927424122062,0.9531922301714206,-0.6738827530322377,-0.31675021717980895,-0.4540508229393283,0.5124991799432946,0.6331389623368384,0.5613985132504423,-0.45300124587111307
4,Lahan Hijau,6,112.45944861855682,-6.92537745,0.0675534275474352,0.04212178033587187,0.06292841221440798,0.1153231579897223,0.2886599911267702,0.33717522828637425,0.34227384767229285,0.3729361788403271,0.18043559357257938,0.0862519161137166,0.6893975242058016,-0.7808415202610058,-0.6214748592069921,-0.3096141776292948,0.49596191928370315,0.5756406729993917,0.46290002992179174,-0.2548461285664087
4,Lahan Hijau,1,112.46965861510142,-6.9340741999999995,0.009420842401413877,0.07682676226476881,0.038783392651759584,0.09272799400746645,0.2715950915075535,0.3553768936455015,0.32659365492558295,0.34617236662288936,0.18610694704812414,0.09778654496935232,0.7877075568770984,-0.6191230820224943,-0.41561876814240034,-0.2740131512672776,0.5577237925956278,0.48334504705362497,0.4988754839515786,-0.19811588364618038
4,Lahan Hijau,7,112.45762686008104,-6.9252025,0.03700552262983551,0.04278145687214986,0.04133403311333928,0.07803201447529617,0.26459154104968513,0.3387395309524376,0.3526590860633734,0.37456083574344623,0.1732820038233531,0.11932038773116868,0.7901789067037502,-0.7836263477367389,-0.6039917435698449,-0.3410592656633731,0.6376427806540597,0.5882395665523453,0.5223614918368776,-0.2896809168600216
4,Lahan Hijau,16,112.37487449761043,-6.9374483,0.04528693745783071,0.06508491765712239,0.03445448882186838,0.09105442498544834,0.24720390339974277,0.36453110797885335,0.3467246455863457,0.3773125101017988,0.17794159947245616,0.10104216393391582,0.8192215359061025,-0.6839076903097705,-0.46438011244172156,-0.32169602558151456,0.5840165444248936,0.6431666525705962,0.5315664169253049,-0.29717606670164415
4,Lahan Hijau,3,112.46550123891151,-6.9216799,0.016679348903802207,0.05115178002669292,0.022955457056612043,0.1265726392373012,0.2931348329777995,0.3169596103829695,0.3172935756004004,0.37801481489963773,0.17291339681891363,0.07013426687884668,0.8650667288610008,-0.7223372225669595,-0.5434205259512537,-0.2945290185784171,0.4296811281371226,0.5532957612520006,0.5254480048844098,-0.2606515303310956
4,Lahan Hijau,4,112.46110811478894,-6.91855,0.06917143356475734,0.06468809870973868,0.04712224484294637,0.08961977576151679,0.2908341122076701,0.3442935085852698,0.33574985239438754,0.3891650293973789,0.1555650365240955,0.11395541789776473,0.7538486321678299,-0.6769132452614391,-0.4126022419852234,-0.36673998604069896,0.5786263516774498,0.6561522356230152,0.4903784055265917,-0.33283599859233104
4,Lahan Hijau,24,112.28374646823285,-6.9260516,0.042735838220858136,0.07921416313170636,0.023868703650717724,0.08615252313957711,0.2625714966760028,0.35375446508997255,0.3409897495287737,0.3730338227115323,0.1647889621067208,0.07100105595403736,0.869161841380956,-0.6229727470091556,-0.3507118957623322,-0.348375253881113,0.596609706177342,0.6812873341014286,0.5500108914566644,-0.34079949134812393
4,Lahan Hijau,5,112.46287017560819,-6.9239201,0.03927274149294016,0.053016198306171,0.029715895114626065,0.12320634229197415,0.27876511482710903,0.36905064400890386,0.33200121725975956,0.38367164425697986,0.17916785975615496,0.06453566535722816,0.8356953845096654,-0.7246036333678818,-0.543326109292114,-0.2989878771556803,0.45868059553913354,0.6216020293092012,0.5261912252947134,-0.27990699733659336
4,Lahan Hijau,8,112.45728280146952,-6.92327935,0.06142507459395869,0.05797269589451376,0.05119627329449441,0.08871956916307662,0.27752733427630355,0.3369972146011497,0.3585399772414509,0.38467114021176013,0.18550580290021332,0.11037276220657469,0.7501013219963865,-0.7216281760703906,-0.523796175486627,-0.3180507603204466,0.603274786741071,0.6376268989013022,0.5067573768208539,-0.27908047706206524
4,Lahan Hijau,18,112.40142213188489,-6.9151001999999995,0.057345119453485346,0.07148013804204428,0.018674089794438062,0.08956481320724975,0.26494167795982976,0.360913005404387,0.3425597791262508,0.3591423134955411,0.1771688368048316,0.06758831496421833,0.8966094165060541,-0.6547186133246712,-0.42505181613083737,-0.31822558337854734,0.5854676401714245,0.7903383499939992,0.5641075572266644,-0.3425307873790739
4,Lahan Hijau,9,112.4561108610785,-6.92033815,0.039202652678953606,0.03516941244019223,0.047932412400769196,0.10566943939051111,0.30861922740020326,0.36271809934246013,0.33365628616266246,0.3922710513991173,0.1590350417858223,0.07556291094478372,0.7487744634177702,-0.8092897920179528,-0.6378104415857796,-0.3544232141237832,0.5189471797175917,0.5381955038764282,0.4861516615868943,-0.2861054383925721
4,Lahan Hijau,13,112.45007511882395,-6.92412715,0.04499713798112665,0.027626255058781087,0.039442588225991754,0.08469605061822369,0.28151960582729896,0.33383395462929105,0.34636372206182786,0.38028991135501083,0.20100548875321994,0.09010101801152433,0.7955316563156646,-0.8522620541993677,-0.7583340355338883,-0.2655579272107899,0.6070333801033903,0.6160399450522833,0.519731791709821,-0.23885825916955963
4,Lahan Hijau,22,112.30713307925251,-6.93445735,0.028470357925578005,0.05629671216259075,0.01983645404474903,0.1060920588205816,0.2888477536947291,0.38703794055039226,0.33067246014093393,0.37598308139487224,0.17136362213342676,0.09318170551696836,0.8868134093865165,-0.7090377397145604,-0.5054324013940293,-0.31732547383540466,0.5141910367173156,0.6286304483677396,0.5482059051558451,-0.3051601889285174
4,Lahan Hijau,0,112.48461166557047,-6.9305516,0.045725358017194205,0.059199377333572334,0.05629488875309548,0.09074530744367834,0.2947926107183607,0.3580774678046162,0.3398195512015158,0.3752759503886428,0.21640001638097053,0.07774487023886881,0.7157645193776411,-0.7032753413350702,-0.5703954437571302,-0.22188995460026212,0.5784825170430454,0.5310848142056253,0.474590046438903,-0.17144208152185889
4,Lahan Hijau,29,112.30090009825852,-6.9412672,0.04446899765452622,0.04874671394636801,0.06678431122931959,0.11330239493198806,0.26982475181738286,0.3576889249014684,0.34386543581914836,0.37225062857037894,0.19137246325842258,0.09583958086656615,0.6747383284821242,-0.7516800519223791,-0.5939789998382106,-0.2849069031520849,0.5043290994556884,0.49091168690408765,0.4564012544140335,-0.20136029257855165
4,Lahan Hijau,11,112.45888997337588,-6.9299734,0.04323548070828928,0.059371204331365064,0.046465817388994766,0.1034408149223869,0.2808863999953753,0.3403847612601865,0.3654064936114374,0.3642437008497718,0.18641454328319618,0.0851963888654785,0.7743678487960802,-0.720459878288669,-0.516886514649225,-0.32436594119562817,0.5587441227923936,0.6040839236637205,0.5246469363772986,-0.27397582872274323
4,Lahan Hijau,15,112.38646352750168,-6.9248395,0.0663932090417395,0.046447761941642386,0.02897105107359502,0.08545272905107262,0.2848519757642592,0.32940424010647035,0.33282207257863355,0.3477145126571857,0.18360632031192134,0.08249677711865606,0.8398474177670275,-0.7550674580912761,-0.5962013646117462,-0.28893793221279596,0.5914038856090361,0.7530763085914222,0.5288700034249562,-0.30506726259753364
4,Lahan Hijau,20,112.39819151480938,-6.9033744,0.017679148841022205,0.07628414104461087,0.02038499652422591,0.11195415535042323,0.26948438764018295,0.3740235706684314,0.35124325808389223,0.36487928193688957,0.1662437617168454,0.09908287807836465,0.8902936107973345,-0.6431379999425442,-0.3709248266983593,-0.3574959157058401,0.5166028463818245,0.6168311416645833,0.5693796520658099,-0.3281311601628032
4,Lahan Hijau,10,112.46257719046463,-6.92852415,0.0360643280393475,0.05745986239467951,0.05908358292658147,0.08876966689945066,0.2813694065826318,0.3643194169047846,0.352136762325784,0.3776058099871899,0.17566641178721012,0.06391776806218602,0.7126427037716566,-0.7194319518935977,-0.5070494490606157,-0.3343487854175838,0.5973310375441648,0.5101347282147778,0.4824077638181583,-0.2463292850442175
4,Lahan Hijau,19,112.39342355873012,-6.9092579,0.024156325110022064,0.064775388398621,0.03793176716586646,0.1011239061784934,0.29558880414451094,0.3321901533640659,0.33645729546651026,0.38283066445116826,0.16943760093638224,0.11147215670891125,0.797367116988691,-0.6771180846326398,-0.4468676668534018,-0.3301470233986453,0.5378050699287823,0.5396825977936722,0.5121156148761565,-0.2698042991761952
4,Lahan Hijau,2,112.4668141352533,-6.92798445,0.05362880202419722,0.06435199990633134,0.0669134766899288,0.07751657080584787,0.2798841057834148,0.35549505453401087,0.3262816742980912,0.38451071812726595,0.16340126259318183,0.1003583597741138,0.6596424098740283,-0.6705250750711377,-0.43489722678358994,-0.33262423315446327,0.6160628628094891,0.4891721901878326,0.43557367724386775,-0.24514840253793307
4,Lahan Hijau,21,112.32239221060772,-6.9398315,0.0558675215219336,0.06408500101692492,0.012208032774025816,0.08549809718250949,0.28847065004819744,0.35031797965268546,0.2995899607346127,0.3986424557580236,0.1820498475938075,0.07771388003999932,0.9216926760977765,-0.6475699012543366,-0.47926917607744907,-0.24404152411051436,0.5559556018281511,0.7532301403694143,0.5310100485439215,-0.29324194402334486
4,Lahan Hijau,25,112.28358586856626,-6.936258649999999,0.054924333963499966,0.049836899806396516,0.02967321823593678,0.10537528976521054,0.30671557688863443,0.37435380766959325,0.3453956724835616,0.3869357848827548,0.19187248398127238,0.07114524486945976,0.8417719016903785,-0.7478097521590954,-0.5876295796278158,-0.2857477897568084,0.5324663793525855,0.710125394975848,0.5411958834258725,-0.2874805628475126
4,Lahan Hijau,27,112.2947895383654,-6.9560371,0.04966222505727974,0.04898889797784708,0.04477717100194871,0.09658798558588995,0.28751812490671325,0.35177155197509685,0.2939045459376805,0.3826833756755777,0.18963229428448894,0.0966889252250768,0.735579636395193,-0.7142616798060074,-0.5894002723891374,-0.2156448956187846,0.5053017507828537,0.523332471811676,0.4455695824241952,-0.1888612345413389
4,Lahan Hijau,14,112.39771700368821,-6.93366015,0.03846121080687131,0.08463242537895609,0.044670596936824916,0.1065650995028966,0.2956673784107586,0.35543889499544895,0.32652973369878696,0.34342493879330566,0.17284318646972877,0.10141418288821674,0.7593181167700264,-0.5883258037998744,-0.34259850909691014,-0.30775907285768894,0.5078902282483869,0.5395076583426739,0.485294472781575,-0.2531776203336721
4,Lahan Hijau,26,112.29599108234031,-6.9441121,0.034703555028732916,0.07201767558422593,0.0422309226388041,0.11932099105393278,0.2755717493931901,0.3570142223985153,0.34758827596803044,0.4025240280894679,0.15440044040498582,0.08312387588170263,0.7833307175152092,-0.6567366328042875,-0.3638523538497815,-0.38484497534929896,0.488890027566041,0.5694003182179235,0.5147517953208628,-0.32069965332787886
4,Lahan Hijau,23,112.2922415948835,-6.908834949999999,0.05272774158082756,0.08318844719667973,0.043601072689631204,0.0956094375336777,0.2913567755301167,0.36303054012847524,0.3346050748199904,0.3849546096826632,0.19770790893617954,0.11835688489911678,0.769432234978475,-0.6017724396681924,-0.4076929402303855,-0.25717419977368705,0.5555266730154234,0.6058779226245291,0.49704275520430286,-0.23228464127123974
4,Lahan Hijau,17,112.37976424160996,-6.9138724499999995,0.05113907438852938,0.060662083449983896,0.03918887235943138,0.10836094835790434,0.2782649073628083,0.3528446074853358,0.3241318560320369,0.3994558579473674,0.16289722909276982,0.08351832359320481,0.7842739503189403,-0.6847035383457744,-0.45730658241278943,-0.33105749026650305,0.4989005712582679,0.6058893510767377,0.4950819104103561,-0.2999614088125777
4,Lahan Hijau,28,112.30053881525032,-6.95145605,0.04146389891277721,0.08986480319832958,0.033659755227215093,0.09000976279059406,0.27173774623999314,0.3748834575141697,0.2978147950974097,0.3649589298177712,0.22096933063739327,0.09886323110237455,0.7969089597213096,-0.5363965302193955,-0.4217829148923846,-0.1481260904100465,0.5358222617532216,0.5555105028045539,0.4765420176126793,-0.1425298857356172
4,Lahan Hijau,12,112.45662189294937,-6.9291006500000005,0.023410225759911703,0.05937123026737842,0.041011818491017926,0.11269187868858409,0.3075925300423385,0.3558282752191882,0.33190317545480563,0.39180626663147305,0.16952620954705708,0.07449993756016456,0.7800473590665022,-0.6965238219144054,-0.48124163768602385,-0.3238281808779858,0.493058333038639,0.5185608558136703,0.49986200084995025,-0.2558540377143951
4,Lahan Hijau,8,112.45837327181061,-6.924807313933683,0.013601366920653325,0.036523074082493986,0.026553322658135925,0.08233315348448694,0.28469854791062077,0.33200897261263945,0.2928450054696289,0.36434132338115804,0.1729221052841787,0.08091825768192051,0.8337291041524882,-0.778223351083262,-0.6512397705351486,-0.2574739545990922,0.5610983646033326,0.49307624689182245,0.4874766160798867,-0.21143770473264126
4,Lahan Hijau,25,112.29370677285452,-6.929988985263134,0.06279287018963776,0.05079686161066275,0.05321385194798797,0.09971526100478709,0.279365429114911,0.3374692956672794,0.3391182602262885,0.36852355809653875,0.18255036471381855,0.08645625551064468,0.7287305797251931,-0.7394465660060883,-0.5646242495092766,-0.30012902391880775,0.5455440095012603,0.6019269056076347,0.4806020164089906,-0.26055094375996857
4,Lahan Hijau,8,112.45710184208417,-6.9217959535447875,0.025830581002126,0.07487841509550892,0.04640260720032138,0.09327905898786629,0.28218239570552966,0.3487426621774705,0.3269861359410509,0.38105744343531744,0.17068482367788937,0.07582599246569852,0.751451491624223,-0.6273450085804193,-0.39014963587705154,-0.3140655666723526,0.5560942928824241,0.4968991467888506,0.4818877005413485,-0.23816160374629025
4,Lahan Hijau,7,112.45771979803328,-6.925145065471844,0.01565849004600213,0.05462088969692054,0.04850455989375585,0.08958010969931711,0.31781063038236956,0.36328528480479094,0.3595649519899072,0.39192864518110637,0.20779297462407859,0.07819497024791186,0.7622730497507954,-0.7362493616749705,-0.5837042365874588,-0.26750657738070766,0.6011083383040545,0.5072231262259561,0.5138269505121367,-0.18831663831460616
4,Lahan Hijau,3,112.46816965527455,-6.923123001026642,0.0015889392151206827,0.053308115874706755,0.048373278633213064,0.10227275457621968,0.28413208916451677,0.36981365004004807,0.3457308636169375,0.39198369391386534,0.16590655887220862,0.07356909466175945,0.7545152469888702,-0.7328174991374157,-0.5136446390455055,-0.3514682399860527,0.5434288889879495,0.4577398259603892,0.49886400968131916,-0.23689467644565207
4,Lahan Hijau,18,112.40299168297663,-6.9145954144752295,0.06421170884536731,0.061513523027206016,0.03065156224830798,0.09067908259679323,0.27026315317542615,0.33936561468431237,0.3207527829609451,0.3574936939666924,0.1770749343351837,0.081106111945194,0.825548186418527,-0.6781640317093772,-0.4843545748237854,-0.28860957987135577,0.5592024319581099,0.7088957501399484,0.5110989079601264,-0.2990394630518905
4,Lahan Hijau,7,112.45742540906015,-6.925267239234976,0.05660738928164943,0.06439614979900375,0.043979765201169745,0.08885319388668325,0.2781845737633004,0.3554150165544716,0.3507429360956901,0.3785916226022245,0.19618685668986313,0.09011983963361914,0.7771612048394733,-0.6897610833000709,-0.5057532651912844,-0.28258851714051475,0.5957507897618596,0.6444246435390922,0.5142875615817298,-0.2581920117047115
4,Lahan Hijau,3,112.46131960252848,-6.917011229210185,0.051892706777765196,0.05265221687116274,0.012811174501470377,0.10402538482027784,0.2908798609471994,0.35863020997711353,0.34633279992156163,0.37477119551067517,0.1678988062283161,0.0982759240356567,0.9286571632650652,-0.7360692004805256,-0.5225393526405562,-0.3469914941289076,0.5380326654930229,0.8063833633008921,0.5823033775754608,-0.37571634545974747
4,Lahan Hijau,17,112.36169495237385,-6.899146685895777,0.04639671124297413,0.0515865136373426,0.05664136283788085,0.086757017281786,0.27124714931813443,0.37454637818512493,0.35302872906600874,0.37462986041163465,0.18431071064465326,0.09232188366785757,0.7234781629462556,-0.7450095371336829,-0.5626356853017229,-0.313987780607015,0.6054578016455081,0.5509462038880665,0.4887277852696114,-0.24746866210323104
4,Lahan Hijau,17,112.38047735944691,-6.921930628387069,0.001,0.04640289075789927,0.03923730074336078,0.09465082785161041,0.28370653847245636,0.36694223469421877,0.33517696323019114,0.36413517805815704,0.18487277487766568,0.08510064999648294,0.7904070174990129,-0.7567854243282965,-0.5987222353917664,-0.2890188707918048,0.559587210993573,0.4733214719805173,0.5076649730220689,-0.20001691925432308
4,Lahan Hijau,21,112.32509062447859,-6.944280895648842,0.03765904748767146,0.05562339421270382,0.07362756700016479,0.06638943608503084,0.27417499145301033,0.34994466461527407,0.32828286261575834,0.39349738748192425,0.1921988651807946,0.08928368072267188,0.6336120593469972,-0.7102240790377656,-0.5511025149687232,-0.26145778017917043,0.6635718461348196,0.42796176688977117,0.42352647322867415,-0.15846865229428514
4,Lahan Hijau,1,112.47409631048272,-6.925695927188496,0.03593989366984459,0.058320647486525296,0.03842820019528284,0.09882440457811356,0.277180013477248,0.35378673971888586,0.351298180972418,0.36154609778602137,0.16424004151150276,0.06377222955774714,0.8027939474790441,-0.7152443013249182,-0.4759124085476008,-0.3628404858068675,0.5609000390962636,0.5960253878134647,0.5274711204469111,-0.31287990568554436
4,Lahan Hijau,5,112.46433688395328,-6.92611291226127,0.052995961005363995,0.06375484939785694,0.04757901273899156,0.07855752642454798,0.3067742218432021,0.3408672363778196,0.34252308710666884,0.3928157699101756,0.1651953036630589,0.08180513462231,0.7560689207474138,-0.686151552853412,-0.44306785763599926,-0.34926405329834054,0.626876544711017,0.5992228635969261,0.4970397346868734,-0.30042203658680455
4,Lahan Hijau,0,112.48493317510851,-6.928932058952414,0.042687576619013116,0.10286209613197059,0.04451687114278036,0.12409541725946077,0.29808509717787934,0.35552015054741776,0.3251620634255398,0.3958963041622735,0.15752834487527928,0.11401312685515638,0.7591592738474913,-0.5193631289505221,-0.20993953665083706,-0.3472903445359093,0.44755325033642523,0.551536368737913,0.4840496552133847,-0.29093862134691434
4,Lahan Hijau,15,112.39249848491747,-6.919571974815603,0.04300007962327383,0.02024664679052736,0.034892408574522416,0.10980921731384412,0.27644464190440354,0.3607250871649036,0.32724963748431557,0.3604102644081859,0.1789283189542859,0.09047348500934872,0.807299873859423,-0.8834712879044804,-0.7966948595857658,-0.2930220811680066,0.49750832704986686,0.6020022817139149,0.5086584575817815,-0.2678255521186961
4,Lahan Hijau,11,112.45890571215271,-6.928941829387013,0.03477423473406518,0.07840936719963289,0.027246889372914137,0.10469748410998525,0.2810195495674544,0.32664926071795874,0.32021454724497234,0.38017866524372945,0.20971799998030444,0.09868904717848216,0.843165963626281,-0.606599781590229,-0.4557312053003882,-0.2085105880639272,0.5072039545233475,0.5989252262683996,0.5185504234409576,-0.1993802862322199
4,Lahan Hijau,21,112.32247572813756,-6.939575876023883,0.01411547762283051,0.013342679023209937,0.050995803895065694,0.09855679775607702,0.2971189895426556,0.33678923118932835,0.3452531874678779,0.39269260194541794,0.17328804542690276,0.08360871644653402,0.7426072728111511,-0.9255837518900489,-0.8570151887795507,-0.3316325314176834,0.5558603847803308,0.47603311902899154,0.4924815309281339,-0.23144732902115056
4,Lahan Hijau,29,112.3013255076534,-6.942791052150697,0.04037894246647586,0.06814014519840493,0.03978498993232134,0.1146099450663923,0.2730709721609946,0.3300740719180533,0.3696546305216977,0.3709304939518633,0.17147336874423377,0.08901295018391724,0.8056612582288191,-0.6887119293249617,-0.4312495627409242,-0.3662373074024444,0.5266639308045932,0.6316812620632555,0.5440762088604009,-0.3199385085511558
4,Lahan Hijau,28,112.30133012480397,-6.952449510838334,0.04100771664480972,0.05419974536267576,0.039738491545764865,0.0994035665285774,0.28262228990531213,0.3146376881151902,0.3682131446051178,0.3777906752969816,0.18870933929170478,0.06932847987698963,0.8051803771481499,-0.7433802470445526,-0.5537445977645065,-0.32231380520875996,0.5748502376016144,0.6321263520545437,0.5426632432513739,-0.2834905216017585
4,Lahan Hijau,2,112.46877338523964,-6.925067151326951,0.03293499608126125,0.04991526200519378,0.06204585646762818,0.09121279589746176,0.2913711998041014,0.34024369320990205,0.33321071590519086,0.37631674752198974,0.1992576769024395,0.06165221011454822,0.6860476908040971,-0.7394315955960312,-0.5993524615979807,-0.25156993459248544,0.5701802862186212,0.4648094068658906,0.4543359989843883,-0.1670926839504284
4,Lahan Hijau,28,112.30127739796033,-6.950241342436843,0.02026504667088351,0.030790422514652745,0.023687468203578248,0.0878259992321184,0.25578278118864417,0.33898778380077993,0.3097792827859988,0.3647301691434848,0.198006305998653,0.09605382105421653,0.8579320513229538,-0.8191828430713607,-0.7308490984101927,-0.22011844966838845,0.5582251872235987,0.5502120162518466,0.514882832895391,-0.19638041008893978
4,Lahan Hijau,17,112.37185580653393,-6.920253349371181,0.04281201508258792,0.04495832165581328,0.01695872561432914,0.08291265886698579,0.2793518525965598,0.3630226516959,0.3535355112570298,0.38945918543725,0.16893664703898084,0.09036824748605982,0.9084534960016437,-0.7743587562479254,-0.5796224453528371,-0.353318087736543,0.6200572491645228,0.7418829412717998,0.5799753256019081,-0.361450785726823
4,Lahan Hijau,10,112.4638443006633,-6.928993374886579,0.03517986204944131,0.05698215354757875,0.0705569184543972,0.07356999644494581,0.27647984776116613,0.3681762336079423,0.31801162757449697,0.37034378862100625,0.1720644225364854,0.08665065416919022,0.6368366946120806,-0.6960901392811428,-0.5024404662754224,-0.2978052175925659,0.6242418323827481,0.4187039090207221,0.41773036569772937,-0.1855786629055627
4,Lahan Hijau,18,112.40179206617897,-6.912669136151919,0.016060642605906745,0.06892929090507059,0.04999430923769716,0.10762562987526922,0.2669443948856338,0.3512976618618094,0.32650839640646373,0.37501105008842733,0.21230201890756317,0.09143543066394384,0.7344278866768008,-0.6513772286127334,-0.5098035762383959,-0.21196022578809862,0.5041824707952453,0.45901480625089386,0.4732114665274485,-0.13271169931850138
4,Lahan Hijau,15,112.3808584822046,-6.927762662931822,0.0221871013601924,0.0627050301099587,0.019723061109050356,0.08201484411227483,0.26438315296076814,0.34333535821706473,0.35405453493383804,0.3886759729702526,0.1878449299237099,0.07351613151614186,0.8944663256166886,-0.6990829450889239,-0.49946086320458477,-0.306716679905015,0.6238449734599478,0.6399964119734426,0.5739414846619232,-0.2889189165048408
4,Lahan Hijau,14,112.39573224125287,-6.926921991180128,0.03188028466846527,0.06408001660324783,0.030575200219173808,0.09582450339548353,0.2866203803879493,0.3447684097819804,0.34339089383653043,0.40389092684029354,0.17742211801519503,0.10769006714578809,0.8364814290738336,-0.6854743968013606,-0.4693213214106732,-0.3186724826873449,0.5636559907452762,0.6072959279445935,0.5368898674873854,-0.2867870644805057
4,Lahan Hijau,21,112.31769706673511,-6.934462191137193,0.04839055100961037,0.0379913700976985,0.023467944561047137,0.08749606175395155,0.2671774762460083,0.34864565380839774,0.34921966072122734,0.39882737625057085,0.18462262633087623,0.08331480665920185,0.8740610384383297,-0.8037691724885325,-0.6586794088733082,-0.3083252077892456,0.5992996929091587,0.7225451106573969,0.5599112113918723,-0.3128931742590412
4,Lahan Hijau,7,112.45806294733148,-6.925525911920933,0.00876638134555189,0.06105884363126007,0.04038655290542487,0.10274393130308437,0.31159360446555,0.3686089481928961,0.35177591377374984,0.365568843048926,0.17230507876204884,0.08857733089607246,0.7940315214536806,-0.70419717386607,-0.47670708271087653,-0.3424486619918641,0.5479012294406346,0.5093563262408423,0.5235414610536994,-0.25792378344155464
4,Lahan Hijau,13,112.45040155327958,-6.929195022383872,0.028368893139844698,0.06750696787477677,0.04535363273823557,0.08367538310417962,0.2979522506364419,0.3515346550071329,0.31406393279886624,0.3792298571248255,0.18421809683884358,0.10459188542153611,0.747627064112606,-0.6461629119061317,-0.46364524181650374,-0.2605870329978461,0.5792450982431964,0.48912657764705814,0.4689983847828921,-0.19730803728049726
4,Lahan Hijau,7,112.45760863088046,-6.925725826751854,0.034937853953100756,0.0724190740117081,0.04280712980155324,0.08027418086443631,0.25877249839776234,0.3668383980522402,0.3579397626757266,0.38484363845607084,0.20243560081770043,0.1058491477356241,0.786363258214601,-0.6634479500834354,-0.47303734751337634,-0.27749999680767584,0.6336301828611522,0.582393181358264,0.5247855454835036,-0.2313590005629752
4,Lahan Hijau,9,112.45366527282444,-6.921422240208974,0.05025443094219582,0.04633032766899492,0.06597143126548516,0.1080445214831241,0.2742124183808257,0.3399759499204205,0.3438517567227079,0.3549341137274232,0.19049509913029294,0.07569643777958959,0.6780492976575525,-0.7625194497462177,-0.608738566635164,-0.2869983338081157,0.5218171648901254,0.5097703478070936,0.4581335073548854,-0.2115669059530413
4,Lahan Hijau,22,112.30874489979433,-6.943194863742423,0.0455591216323643,0.052175694939627607,0.03603371930912945,0.08864635190852403,0.277581558532288,0.3783406931902603,0.36077589440572966,0.38531718432493184,0.1796205860165257,0.10266301786039327,0.8183828290802746,-0.7473035742712973,-0.5498142161788672,-0.33522666156601544,0.6055097274855686,0.6572212651238496,0.5431624005758909,-0.30656589085451497
4,Lahan Hijau,2,112.46515872261192,-6.929275378295266,0.056949555911613346,0.04755272426688706,0.03883841698551697,0.0726706265564788,0.29684653165391345,0.3809753638655128,0.3412012393693463,0.3481248481264548,0.18913335774865547,0.0764386625077638,0.7956086069762373,-0.7553582517858908,-0.5981789536500598,-0.2867395077755328,0.6488254802324943,0.65896645356592,0.5153679499561765,-0.27179825233081134
4,Lahan Hijau,7,112.45786550207154,-6.925190194763031,0.0300497583750331,0.06939864584686506,0.043818311882690864,0.09267836836992098,0.27025591551097505,0.3518875408283125,0.3338580167123145,0.3633614429959549,0.17501155227782458,0.09509388934882776,0.7679583868563927,-0.6558090535474536,-0.43211333573309463,-0.31215555773470216,0.5654374543697064,0.5287312704144039,0.49569476020947717,-0.24895922436917647
4,Lahan Hijau,0,112.48069044861495,-6.9326969741426385,0.0373284479977055,0.03879737102627722,0.05483596932063309,0.05891782844585,0.2733045226745735,0.34069702318169126,0.34222268316807125,0.388424927117041,0.1969014721239155,0.0793139268997176,0.7237890707641104,-0.7963499768720169,-0.6707886144613026,-0.2695505466563634,0.7062484237160276,0.516408842810686,0.4805483672391036,-0.20246476027637336
4,Lahan Hijau,23,112.28408712350813,-6.9057149682904075,0.04879873506000223,0.06293727581822191,0.014326909372251652,0.12850810383151165,0.25841837309139704,0.3562924590846457,0.34584939916296625,0.38413455173493616,0.1725813467675759,0.10240878976710753,0.9204450182148873,-0.692077653132128,-0.46554310347101446,-0.33421638940447396,0.45818036713083116,0.7776228239126716,0.5781183807920603,-0.35721364457250926
4,Lahan Hijau,4,112.46090509475724,-6.918280789570099,0.01659448789085357,0.05901256816989115,0.031541879851713125,0.08984053086899453,0.2864312168118032,0.3661621781407952,0.33485116357244704,0.39171021634888664,0.18074610998166898,0.07660901686142987,0.8278248955228624,-0.7003401747147072,-0.507733618831065,-0.298886478257758,0.5769141128337314,0.541761566935947,0.5251241674136621,-0.24685002133806017
4,Lahan Hijau,25,112.28846027094296,-6.937432094798524,0.036130718601384046,0.055507711638125776,0.029550101312418302,0.10642724392983752,0.28351969281557143,0.3261402545259587,0.3152271100714097,0.38637026679808634,0.16777070356808196,0.09453061732650486,0.8285843683919502,-0.7005530166686545,-0.5027937488873812,-0.3052941484080809,0.49519200659259066,0.5846621782654624,0.5072526902525419,-0.2807417932679345
4,Lahan Hijau,10,112.46117173367492,-6.928340342156925,0.051713973671637825,0.04093570743891661,0.018826941181357224,0.12511647523592945,0.2852735617444369,0.34371139014990093,0.32599089321030605,0.3723433872663908,0.16214141495830034,0.10325118261135885,0.8908006503783508,-0.7768724984510627,-0.5968456982833389,-0.3356661199728335,0.4452918120600942,0.7305789485457529,0.5453790264444374,-0.3521495254884086
4,Lahan Hijau,3,112.46986099095223,-6.923083398691016,0.02834873269590519,0.076403018823244,0.03399056620344983,0.08434974724574029,0.27360547617979303,0.3106374983374787,0.33818847134988994,0.37744821213304763,0.19237114119821952,0.0617054260802493,0.8173429280941173,-0.6314298727788505,-0.4314705027233426,-0.2748368447732371,0.6007473698996358,0.5720085725225993,0.5231687968558342,-0.23642393956414356
4,Lahan Hijau,27,112.29309378591044,-6.960480695838939,0.057427995412953216,0.07230898942496483,0.05878065345547994,0.09920917935993795,0.2952084525115414,0.3279313394763964,0.350695713478068,0.3684325585685008,0.15522897251365594,0.07313789222753458,0.7128984304900389,-0.6581173246643587,-0.36442263092185234,-0.3863554121596157,0.5589771028556115,0.5734305358682433,0.48145571007000754,-0.31201363394794557
4,Lahan Hijau,18,112.40070838469703,-6.917661908291447,0.04008296707943906,0.047635511876735946,0.045641102975437,0.07287643667493975,0.2480935368457621,0.37058581151215364,0.3535570019410215,0.3642605474612929,0.1799550053479419,0.10529260590301985,0.7713360719953493,-0.76253040314885,-0.5813928212096247,-0.3253947313198102,0.6582048666700667,0.5801933662437894,0.5136508250217986,-0.27137285208981793
4,Lahan Hijau,27,112.29584075056165,-6.954138383025368,0.046288009124359084,0.062223346442752174,0.056427311219688955,0.0890393128719817,0.2804676767299695,0.3497322704256141,0.3359085692849344,0.3741529173286887,0.18109302356742735,0.09051611243978291,0.7123520209097978,-0.6874234678084773,-0.4885395776336894,-0.299448875126132,0.580940078060805,0.5264044560409216,0.4698027909185885,-0.23345537342607414
4,Lahan Hijau,10,112.46493179420654,-6.9272650295860005,0.024273585361982115,0.0720269386485067,0.025354221883506126,0.0967264983317924,0.2755707929091993,0.3553715541898882,0.30821344089674,0.3933636472239419,0.16984514478581753,0.10829944942165581,0.8479815333646402,-0.6211504993487358,-0.40442123102416766,-0.2894379474932481,0.5222674316729354,0.5531998000606397,0.5090034648233545,-0.2601690344286549
4,Lahan Hijau,24,112.2869900097571,-6.92683999565688,0.03282752613225769,0.05926734621398984,0.06870679060102636,0.09583992686809498,0.2985827482701019,0.3505856762834684,0.3462312824544024,0.3810493788411706,0.19271777439450186,0.07971702580720423,0.6688335180740811,-0.707681642414144,-0.5295964592221178,-0.2848386240299142,0.5664050264744527,0.45878927536124586,0.45498897689313295,-0.1836647885948158
4,Lahan Hijau,6,112.45947022036238,-6.9251519759431925,0.025239272154712222,0.050421357144344675,0.041495655644861365,0.09668771821674506,0.2906541231470677,0.36957097549732276,0.3253624249414749,0.368990768125791,0.1584564087253072,0.12045559486138656,0.7737781544000372,-0.7316469740641804,-0.5172166152483847,-0.344976268505793,0.5418188096602172,0.5123794200275273,0.49119938255280765,-0.2736329183386968
4,Lahan Hijau,2,112.46711417338123,-6.926324019759846,0.0445700424868274,0.06719703480077366,0.01989687422453428,0.09998245016489689,0.2876387197661963,0.3462086346419836,0.35613558437239595,0.41467746688464246,0.16579405759359073,0.07466869131034955,0.8941746957384381,-0.6825331566781419,-0.4231793643112795,-0.36468809415986647,0.5615939608828637,0.7365634418456377,0.5757298833762183,-0.3666711400206805
4,Lahan Hijau,14,112.39520653305877,-6.927032835807709,0.026833659017071354,0.08409298740024736,0.055635329755445266,0.09796708273309528,0.28054839496601314,0.3377518456070492,0.3533504073661478,0.3743014726383717,0.176098851908175,0.09913184657293884,0.7279351083929255,-0.6155251686773439,-0.35360780107042206,-0.334784782523133,0.5658617927947637,0.5008969065705493,0.4912867146080608,-0.2425975772921192
4,Lahan Hijau,21,112.32723783815221,-6.941961109583199,0.03718007592875168,0.0564755100975323,0.040158628082936125,0.11193033120689616,0.30469739613225755,0.35878229348369123,0.352049713354364,0.37700218906848315,0.16938303205246924,0.09980979348352673,0.795217876634758,-0.7235151847805554,-0.49990370246898574,-0.35031685785106836,0.5175209245410629,0.5933319421912329,0.5243580520144903,-0.3000946839100535
4,Lahan Hijau,10,112.46372155806351,-6.927597005526825,0.04256861236900857,0.03866057026875376,0.03507895564861603,0.0987565446477767,0.27234313199457283,0.3722260339181319,0.34719758555353325,0.40059762376832975,0.1839513789247824,0.09122081754637616,0.8164734045853844,-0.7996125255604769,-0.6526640125550965,-0.30734542894523526,0.5570999874729421,0.6300810210031992,0.5306476178313188,-0.28044815296288467
5,Perairan Terbuka (Laut),8,112.96060000068235,-6.059456835702129,0.03595103273584627,0.050178942997948506,0.0301958088851316,0.0094932917394865,0.011907087953444077,0.015150761022254565,0.026202193160835822,0.02692025167978559,0.0012802227705219285,0.017033044038128272,-0.07081129665248546,0.31390930704879144,0.9502431403026007,-0.9068332837159472,0.46809564290588473,-0.010646867488925649,-0.01076643619210689,-0.32764538260100645
5,Perairan Terbuka (Laut),15,114.88262214250572,-9.102371391990332,0.04726881605977225,0.006955699627175654,0.022729469520726863,0.04618482960213567,0.001,0.021690368006233102,0.04377891821277931,0.00859080570484279,0.010032236206415288,0.001,0.3164931385782914,-0.7258006352972601,-0.1811012490437492,-0.6271317116957218,-0.02674312065747854,0.0637367936096617,0.05573469647007525,-0.4707720838958767
5,Perairan Terbuka (Laut),2,110.20487127418147,-8.1350053,0.07440846712495358,0.04875001059505079,0.030699402641910272,0.05031450698258433,0.029922175919682215,0.006865569012548905,0.010290831138690263,0.02742396956784948,0.001,0.001,-0.49788862182557636,0.6513995680888481,0.9597989842438758,-0.8228650487906378,-0.6603985131376711,-0.08016895861428694,-0.056586709598985305,-0.45533064161435133
5,Perairan Terbuka (Laut),21,116.21950160553146,-7.328925073292697,0.049201388020413836,0.027796810083127864,0.05424422630345589,0.032651814566447286,0.006422374148846369,0.009520513780063194,0.001,0.003508071698292446,0.025244848038110487,0.04347679218238587,-0.963797104283602,0.930547830652964,0.0481124098924641,0.9237945321348286,-0.9405678128702776,-0.13902540906274305,-0.14384001790868642,0.2258276018291909
5,Perairan Terbuka (Laut),14,114.06985504631835,-4.735189087888433,0.06089594769798438,0.04861936192068456,0.02352060936519125,0.015652562796354567,0.050896488490096106,0.017168769472034377,0.05173444745093757,0.040902792644150913,0.001,0.001,0.3749095264092598,-0.031041028922743154,0.9596931342468673,-0.9620741079360916,0.5354427208853682,0.09581701759454977,0.07356868336430225,-0.6424290179532367
5,Perairan Terbuka (Laut),1,111.16874014629833,-8.560630421891005,0.03996432313739267,0.04880230453841391,0.029095286203293696,0.07494358643097214,0.003841581882878621,0.02343454903496585,0.029247616137017048,0.019976419932962057,0.011652708666720371,0.001,0.002610941948411792,0.25054078186925854,0.6144998286765521,-0.430189909848808,-0.4385780059075383,0.00042122591331571424,0.0004092375843362288,-0.2588574135389447
5,Perairan Terbuka (Laut),20,115.80423354015404,-7.908474067589424,0.05159729291904023,0.05767098494261558,0.03491400876406693,0.03855301355868137,0.04118911850954348,0.034054498128715124,0.021069419202461553,0.002423624721750832,0.001,0.00670553272123877,-0.2472979918733241,0.4648384228239187,0.9659115835899512,-0.9093768217899568,-0.2932385220345401,-0.04102957552036282,-0.03735162470284687,-0.3384827685725636
5,Perairan Terbuka (Laut),12,114.029058296991,-6.473338522214597,0.05378518747012171,0.04282500857750908,0.015964002012234725,0.012177019663194944,0.001,0.016475739443381467,0.001,0.004992114737639119,0.004091471907335463,0.001,-0.882103239515015,0.9543639346738124,0.8255848572678182,0.607186164711094,-0.8482205461219127,-0.05395193116350656,-0.04341888976985456,-0.464048719527835
5,Perairan Terbuka (Laut),13,114.029058296991,-5.836756072214596,0.05569628282748046,0.061103345954085314,0.021758594703369022,0.02344459038584997,0.028061446552086162,0.009290073541479815,0.008258991326040575,0.037947477172794356,0.023262816080691806,0.01902325003515879,-0.44972313611025,0.7618594750169491,0.4485273302970412,0.4759823599285229,-0.4789868450455595,-0.04680287000718914,-0.0382051569603373,-0.17374233035775083
5,Perairan Terbuka (Laut),6,113.20170039295778,-7.325075,0.0638846693209114,0.02034081911948956,0.05030753320189661,0.03588093174875613,0.03516172076008602,0.02580742668674544,0.020733872370202345,0.015870361814569182,0.015507165653293083,0.005323781366431719,-0.41628765896801834,-0.009569231730984357,0.13483751909616074,-0.14422066413495307,-0.2675459068829599,-0.08765744678906877,-0.0776834933766296,-0.12499792361474978
5,Perairan Terbuka (Laut),11,113.69249839295776,-8.536337199999998,0.06301814150097669,0.026203150331717,0.021876362073085832,0.060672348727149696,0.010608793046414114,0.01641974415404783,0.006761285999748857,0.025037685093287358,0.001,0.0072158359778942485,-0.5278043611364365,0.589782987541247,0.9264790694426591,-0.7423106502742758,-0.7994684276810585,-0.056790852226610004,-0.0428887616927383,-0.5062076005954084
5,Perairan Terbuka (Laut),0,111.4178534440384,-8.93813927900403,0.06273299804052607,0.03951854871777777,0.041829166788978314,0.042333439733405344,0.035824341420789406,0.022108114923770603,0.06861888615465178,0.03581800544813123,0.014873164366102398,0.001,0.24255492432076953,-0.269105117964919,0.45310916868088574,-0.6437226156215535,0.23690757245466834,0.07887714314793566,0.06582800756712531,-0.39695761408007635
5,Perairan Terbuka (Laut),10,114.029058296991,-9.064171679469904,0.04854411311188789,0.07139490465350051,0.055643019234394034,0.05217493650660344,0.031777884600944294,0.0011650969055664213,0.02730742726738505,0.0013789643292050346,0.001,0.013587380268658578,-0.3415966136457703,0.44667107738429634,0.9723737329036315,-0.929347131745474,-0.31286826090202796,-0.07104610101832647,-0.07291080778061255,-0.14497592245230273
5,Perairan Terbuka (Laut),22,116.61922350063458,-6.960641799999999,0.05784799170904626,0.06355065647721207,0.037457043605791406,0.03797378978614122,0.0052302112251143545,0.018425349729730006,0.001,0.001,0.02110964064764611,0.001,-0.9479938975940233,0.9690165665515328,0.50130954850848,0.9095416817751576,-0.9486834367492119,-0.11509615289196991,-0.10155975496668,-0.0023958457569885384
5,Perairan Terbuka (Laut),16,114.88262214250572,-7.626651909244325,0.0630874775321458,0.06662521366820058,0.020710240130652036,0.038854666418329485,0.010082649070795377,0.001,0.021849641066636876,0.012936891804263589,0.003398664841193024,0.03963014676768288,0.026771712635459806,0.5060824595832947,0.9029283905717591,-0.7307807328546815,-0.28012880429902215,0.004232827363554157,0.0031500696295599984,-0.5578214691131628
5,Perairan Terbuka (Laut),5,112.96060000068235,-8.927472232959747,0.027112145259009925,0.055743067030572066,0.015077891442828726,0.04362392113900986,0.024476468542625987,0.025690165237709204,0.005826655735966102,0.008516181300675149,0.02390875761018829,0.036561965825913444,-0.44254655148427935,0.8107298237016693,0.39966829591528097,0.608099879279493,-0.7643442610237067,-0.02590068174920753,-0.026639916344463884,0.08408495143124645
5,Perairan Terbuka (Laut),7,112.96060000068235,-6.547101285702128,0.05720461725836281,0.03653868918842851,0.03508407783693102,0.06641208066506414,0.021536342160783675,0.04192761289090399,0.00889505951241932,0.0193687092254542,0.019293478091883136,0.01595992462394296,-0.5954872993753996,0.6084382173609884,0.30887589767182,0.36888817563166226,-0.7637658295524592,-0.0828383776301533,-0.07221513618736296,-0.09729739372333589
5,Perairan Terbuka (Laut),24,115.42447721652388,-5.3653676287482845,0.03850416979833259,0.03785723814304101,0.04482426604653988,0.04787326218975217,0.042682153371828804,0.04705895724879301,0.022019291544838948,0.0153320113365261,0.030264864081677036,0.0206960392277738,-0.3411693659386083,0.26451009128703473,0.11145243176533472,0.15770690528182554,-0.3699102249601647,-0.05688821433385027,-0.06034727094351236,0.10740646218468566
5,Perairan Terbuka (Laut),4,111.97902510345966,-5.513900760843958,0.03526317111998613,0.03449546501721633,0.037378953020344635,0.027340880077740003,0.019603550678889536,0.03608800047065292,0.031385557174775536,0.03994809872627647,0.001,0.013800968758318013,-0.08715827018042437,0.0472049110921947,0.9436547473688628,-0.9382440472630865,0.06887318927199333,-0.015116736207717382,-0.01580635501548701,-0.26916499204087396
5,Perairan Terbuka (Laut),18,114.88262214250572,-5.743850840094792,0.060420327835958104,0.027101212149684743,0.02017656538035042,0.017392722565066215,0.020325472565898742,0.044417809530410954,0.05033884106997351,0.0077856867039007675,0.01789835875740361,0.018381967782134728,0.42774021707059623,-0.3000724774078201,0.20450979869947372,-0.47540757708740305,0.48642193167147363,0.10498591414324834,0.0793027024737746,-0.48835749117297933
5,Perairan Terbuka (Laut),19,114.88262214250572,-4.742335292254172,0.05581438657272122,0.055984694521088514,0.03455613753676992,0.055313551812096295,0.036536997715520866,0.004097691536025995,0.03193581621320824,0.03338560061767178,0.014724509307276833,0.02697136555754094,-0.03940809581271244,0.2735297808611263,0.5835192930533417,-0.368863833354771,-0.26794160072501977,-0.007982313571598886,-0.006938283870272306,-0.2807364601841513
5,Perairan Terbuka (Laut),3,111.56729010428033,-6.358679156724792,0.05282111051448556,0.05300701581614376,0.03181860817015565,0.001,0.01879402409141189,0.00997624138318144,0.0022032803271116418,0.04151027427109284,0.017563112778016865,0.009552533785831784,-0.8704786324528733,0.920185873247712,0.5022507857355519,0.7770680058898565,0.3756399155226945,-0.09290131929661384,-0.0831857133975761,-0.05404539775163034
5,Perairan Terbuka (Laut),9,112.96060000068235,-5.394059035268835,0.04152794973346361,0.054442543769431105,0.044871541399762696,0.017595512346795888,0.01992757441585085,0.033020997482767586,0.001,0.01913645356391894,0.003560629441786922,0.007992552133674492,-0.9563999618201121,0.9639266017042074,0.877226376307582,0.5614639191821098,-0.8924471208349506,-0.11439541949811272,-0.12055457577234427,0.0649099957855366
5,Perairan Terbuka (Laut),17,114.88262214250572,-6.524599833809775,0.04247557165442146,0.052064369078109435,0.05885440830634077,0.025141162891071732,0.0243756651364116,0.04992119627613669,0.011749766324411671,0.04722013023393454,0.010079845099406608,0.036728443387973896,-0.6671651012296805,0.631750346026857,0.6755982654020698,-0.0764979786440465,-0.3629996990707377,-0.11254950181900414,-0.12382833164271355,0.11942971832014437
5,Perairan Terbuka (Laut),23,116.23194901005557,-6.58300745,0.061253016874194786,0.05460662543873633,0.0290155397717012,0.02063937840181184,0.021136873249465293,0.033460421885300365,0.01980332853504994,0.015250657924072136,0.006238261987333406,0.0248871492037458,-0.1887018558083914,0.4677236656835388,0.7949453882255606,-0.5209000585105195,-0.02067245022433023,-0.03135542724205848,-0.02517828313303073,-0.39379662369565793
5,Perairan Terbuka (Laut),18,115.0145818729097,-6.098559775263658,0.06837742182649784,0.03999274229347445,0.019971182138287653,0.035690383795006685,0.042912980971358816,0.0371898546246884,0.0012222168173013255,0.01603886045012207,0.001,0.0059873121712711265,-0.8846605717003883,0.9406905980733065,0.9512108524749946,-0.09999776600260855,-0.9337777743146776,-0.07706507127775657,-0.05395971636984584,-0.5369108455536759
5,Perairan Terbuka (Laut),6,113.01176681832122,-7.399140952820932,0.07406614994053032,0.028660990268254746,0.005717020600797148,0.017571687698495965,0.02430965903863989,0.02931132230961135,0.026561726522922997,0.037635281048465245,0.001,0.027825048075384058,0.6457718199674556,0.03801449528923986,0.9325713364765209,-0.9274355717239927,0.20370140809007592,0.10311652717069285,0.058741888629119395,-0.8748516003662004
5,Perairan Terbuka (Laut),19,114.96914954454695,-5.008486143096516,0.04531857019930563,0.060972414647073016,0.010148618598551932,0.03007435045513605,0.023544061558835205,0.03733626556247627,0.001,0.020461288228023563,0.001,0.017582440663124126,-0.8206055034598385,0.9677275610589425,0.9677275610589425,0.0,-0.9356382062265233,-0.031677935398268145,-0.026847236593249342,-0.612000547172482
5,Perairan Terbuka (Laut),23,116.52715459677245,-6.636248345459482,0.0616582480468419,0.06930755363762131,0.02197455818537438,0.04390839728533186,0.040413523812155794,0.001,0.029185173801476758,0.034377668806701595,0.006119104204188439,0.001,0.14094318314670679,0.40736387824765974,0.8377468974988838,-0.6533505355990121,-0.20142979831891727,0.02580396645197543,0.019623936213851705,-0.5275878363191133
5,Perairan Terbuka (Laut),17,114.80374947940896,-6.527294357274744,0.06414433634164494,0.03200736758663365,0.027324728482336462,0.029398139132950064,0.030733070775559992,0.010600526607312012,0.009731244667582175,0.021483732181446665,0.025095857164296236,0.04431175000979721,-0.4747813063441732,0.5337053912973849,0.12103537639858933,0.4411682640064541,-0.5026119006374048,-0.06350547812208686,-0.049138687662942396,-0.16987843543326206
5,Perairan Terbuka (Laut),24,115.31528066797624,-5.5953914557228135,0.027387782003318387,0.054730130266798675,0.01370197460648562,0.04528216864810114,0.005921831790361506,0.009880276727265144,0.011160937114040058,0.01885701591920294,0.014847963952880612,0.017255520904127703,-0.10220192304129351,0.6612306375264153,0.573200030670542,0.14176018769857593,-0.6045243341733919,-0.007154108419185708,-0.007262003379461279,-0.14901610188909203
5,Perairan Terbuka (Laut),17,114.96928080645354,-6.761378104274828,0.04991348680725825,0.030051634663391284,0.040916792254652834,0.02920562004505458,0.03742602185022048,0.009383918307800951,0.001,0.01948960995975387,0.02943929032426397,0.012414132049240762,-0.9522864025439732,0.935591122423289,0.010293071236685393,0.9342954151364967,-0.9337871253493908,-0.11442071446643412,-0.11048778933914861,0.16032542796799615
5,Perairan Terbuka (Laut),21,117.13246637420194,-7.2171420604988565,0.047004953012407154,0.03694479473513851,0.05636649700021233,0.014555961076728309,0.009119086135576401,0.02855051294126034,0.001,0.039118859980720094,0.019362896713260334,0.023488466077166648,-0.9651364285825396,0.9472918232592326,0.31224682201264903,0.9017821025198394,-0.8714318670786685,-0.14028741932999778,-0.14900383490449884,0.22406422477359345
5,Perairan Terbuka (Laut),8,113.01476949306785,-5.937199111427436,0.05837175517924481,0.047583147238154454,0.014052769347668657,0.02789886838162559,0.005371455323710479,0.027292329651145752,0.03210169745822153,0.042152129467973115,0.015576514608292947,0.02386863034892779,0.3910548418944067,0.19428348821709535,0.5067574965951834,-0.3465982004584523,0.07004648952424211,0.06649029710267969,0.04957094340757541,-0.5066010142705868
5,Perairan Terbuka (Laut),8,113.1213541915211,-6.035668540828026,0.04554282894154787,0.04282584292987708,0.03710507836225202,0.02420290690924637,0.024037786832414865,0.004082117159968684,0.006775584762855485,0.029531139515274352,0.02330035113109144,0.001,-0.6911812800491024,0.726798786187051,0.2952762030354701,0.5494347998702486,-0.5625619790754158,-0.08540297222397047,-0.08364746806346722,0.07174183817536768
5,Perairan Terbuka (Laut),20,116.63411673955656,-7.608176012529339,0.06005921465759631,0.04200896490447088,0.030247577643004647,0.0512541662368597,0.03211230851034423,0.03193807982033289,0.048631855376854494,0.009441809884253034,0.001,0.001,0.23306807360231965,-0.07306741464563624,0.9534980449322522,-0.9597032803928589,-0.026253031118742026,0.05894866422025685,0.047637582245608524,-0.5534103203322024
5,Perairan Terbuka (Laut),6,113.25850219205428,-7.286444566190593,0.04618248419890078,0.014681740785621601,0.026888576449547844,0.021831439021576318,0.03175639651096698,0.0252862906851506,0.010989550583459946,0.02884941268044356,0.020848945897356544,0.001,-0.4197415947333289,0.14382564574771942,-0.17357404300084783,0.3096689886147151,-0.3303339795128768,-0.048123312837503804,-0.0443381829461683,-0.08992996066031979
5,Perairan Terbuka (Laut),5,112.93701947388742,-9.035686122173132,0.04260463616926373,0.016619552193530264,0.013640100384460726,0.018862956593646323,0.021112492649090327,0.005819259809602772,0.012298220194263366,0.001620039776261014,0.01256670847796906,0.016385718918773613,-0.05173350118760333,0.14943515675695,0.1388613506305553,0.010797870223036425,-0.21067035540389709,-0.004330858417484045,-0.003827103305728327,-0.35379318934879234
5,Perairan Terbuka (Laut),19,114.67839311448623,-4.616107473310611,0.05603548022629734,0.050185416978578895,0.006883905052479086,0.020700695041607237,0.013890399915222732,0.01395057030619062,0.021124718269847544,0.041383120585565286,0.022181443190268997,0.001,0.5084438654852684,0.4075254969011873,0.3869723425335588,0.024401259783631477,0.010137932527883647,0.05544088632453654,0.04045619499856648,-0.4527616122217232
5,Perairan Terbuka (Laut),15,114.6922158444871,-8.896551273163695,0.060176043129449505,0.05960453551498605,0.017908987905726526,0.04273298883953158,0.01759435046082105,0.001,0.02682804086955713,0.023254427354217864,0.0065848355622125845,0.009438203725250508,0.19936622991359626,0.37921459289134163,0.8010304115128182,-0.6058504044939528,-0.2286473878814499,0.032648440184407906,0.024559702643722557,-0.5606406558702318
5,Perairan Terbuka (Laut),7,112.85114134196148,-6.731541516906486,0.03921371781667307,0.059151957556956646,0.02934824048236611,0.03249673265922342,0.025357128866433088,0.002681215783605126,0.006585754671769221,0.001,0.018471133877356105,0.001,-0.6334526700832117,0.7996354041444996,0.524081460861998,0.47433577828105855,-0.662981787853734,-0.06404229980349802,-0.06370883173043641,0.02157580356634909
5,Perairan Terbuka (Laut),16,114.49543379063306,-8.005646849696378,0.05198854564843479,0.0555648233740933,0.0390352925833878,0.01193974629245911,0.019022575727889634,0.04505420631181624,0.04571472019976475,0.034809846410404265,0.015062397082282592,0.001,0.07881329239033996,0.09725659031913764,0.5734676440135441,-0.5043398565761944,0.5858171166330004,0.01876217607033304,0.017134059351069895,-0.28725495006050855
5,Perairan Terbuka (Laut),20,115.46208588618926,-8.6582776921085,0.0607793243808658,0.04762968156879739,0.03840792412909266,0.02050734817721825,0.017406003307401066,0.022462210401146373,0.023694171372407875,0.02740584071690372,0.00131207523212651,0.001,-0.23692843858064064,0.3355891314583251,0.9463821574425862,-0.8950601663331056,0.07209759201862077,-0.04607857962309678,-0.03926444913060863,-0.3603529797631002
5,Perairan Terbuka (Laut),11,113.957961477699,-7.578852469905382,0.07437177559849692,0.08733881253535036,0.03671131066803568,0.010140118579048344,0.00840207324735685,0.027636763535764535,0.040116734175219285,0.0018066404818721585,0.008135007687266481,0.012938980966659536,0.044325265204992595,0.37049841461090866,0.829586622110829,-0.6628097679103236,0.5964682099429163,0.012117284130058895,0.008855559826609112,-0.4370807801351618
5,Perairan Terbuka (Laut),24,115.39434551469964,-6.099302576381181,0.06296867676928812,0.04484598358399431,0.006542779630171129,0.03931796339179353,0.036871939477568574,0.01876112807382259,0.026078601369596468,0.01288263155859394,0.001,0.02539638520820828,0.5988655459037425,0.26461038809134824,0.9563756560547674,-0.9261409073961078,-0.20244735894088123,0.08235037617830036,0.055017942678404784,-0.8438187070947806
5,Perairan Terbuka (Laut),14,114.17959012018765,-5.152342021029564,0.05581243771721692,0.05735552899102824,0.052531727219919194,0.014177364985221402,0.011719605977608669,0.022369000232520433,0.011535301433581373,0.031747048029086754,0.007189011686440239,0.001,-0.6398989621972868,0.66511358057262,0.7772387253948132,-0.23212010433502156,-0.10275338254902251,-0.11285916735437831,-0.10902009079719163,-0.06002275545462455
5,Perairan Terbuka (Laut),19,115.14405017164312,-5.08777550440549,0.050986575127814925,0.05255508156210182,0.044020230943444955,0.03589711354721136,0.026917195870397537,0.024804375260108372,0.017176662180621045,0.009256713273331031,0.01433257527489064,0.005003128511745391,-0.43864266556409337,0.507350267973509,0.5714433353364047,-0.09026200076990147,-0.3527250653856922,-0.07465682099680228,-0.0717490663928787,-0.07754297983940237
5,Perairan Terbuka (Laut),3,111.53812852639761,-6.358343794190686,0.07534733930661523,0.07013273442159829,0.03949258698527412,0.03567700408939478,0.018680614235282344,0.0010831440297929748,0.016757416650170515,0.02152100050107885,0.013441847116669934,0.01704304550523739,-0.4041807726497069,0.6142850081254465,0.6783268977618883,-0.10978974352849676,-0.36082380260042357,-0.08254033442344914,-0.06130832409846722,-0.2700671561176917
5,Perairan Terbuka (Laut),10,114.2005045169943,-8.968243151790997,0.06381995296816528,0.039617688924607,0.019753865891864827,0.051762850196147375,0.03156472383789723,0.014138435868000183,0.01839183246571645,0.018459290799876522,0.010473611834220745,0.017090246383579196,-0.035706080871150195,0.365902968758647,0.5818191196288905,-0.27431486156608614,-0.4756776880539404,-0.00517281276815225,-0.003796462826810565,-0.4623323364499976
5,Perairan Terbuka (Laut),0,112.35133058956009,-8.959991824981786,0.08802489119149748,0.05284634841743979,0.03993897225637876,0.004702849407147859,0.012726500108317475,0.03843222504074908,0.026034730870349236,0.001,0.02011034803474295,0.03877246591943154,-0.2107542932457007,0.33989921853594407,0.44870452646451897,-0.128386013152239,0.6940000018419925,-0.05740981619128544,-0.03685040835611811,-0.31020980732294
5,Perairan Terbuka (Laut),24,115.43788444989444,-4.965114249860644,0.020061386208203105,0.07279081513468269,0.001,0.0440699841758012,0.019870270609816398,0.001,0.0266920674085968,0.03726259623728088,0.015458305057323596,0.018772414555894196,0.927777117603136,0.46338371068658146,0.6496666403353639,-0.2665163183039404,-0.24558242917667963,0.07280419717852736,0.07303142020335658,-0.47926443933308177
5,Perairan Terbuka (Laut),2,110.92073427651879,-8.316167735577695,0.043824858314914075,0.022079153671684674,0.04037796033505596,0.056246308791694434,0.03694371281341188,0.001,0.001,0.007310483873039893,0.001,0.010662848793340587,-0.951665066729482,0.9133416700719217,0.9133416700719217,0.0,-0.9650632327694567,-0.1076393079374076,-0.10910481185090676,-0.03998590758230858
5,Perairan Terbuka (Laut),24,115.53724379449396,-5.338154574633323,0.05590123707770785,0.02854620075136449,0.041656926889132924,0.03901655916030021,0.011777613127344454,0.01741217021024024,0.001,0.015016067655693889,0.010110774611954887,0.012531213928422843,-0.953114274773887,0.9323093703606882,0.4768977781951541,0.8199944747468347,-0.9500206666443016,-0.12221291624176155,-0.1123829574668987,-0.04724013684607385
5,Perairan Terbuka (Laut),7,112.8831630094616,-6.386766918960974,0.05568315368030261,0.053663626148458585,0.026034844541014943,0.03429292413831475,0.035030479899653716,0.018567528900355335,0.02476392336247515,0.017207434060038225,0.001,0.017843195003764065,-0.025018739744546725,0.3684891673615953,0.9634125815586975,-0.922372035724768,-0.1613530186208996,-0.004162318335990064,-0.003461122062901419,-0.49694154344999497
5,Perairan Terbuka (Laut),1,109.99266463985214,-8.519416152225995,0.04167161083744693,0.055792203514882864,0.030423830572650683,0.02544097985219785,0.015077857517800091,0.012378185113764699,0.001,0.02574342642742538,0.013473202379174808,0.022745053786727407,-0.9363540058641138,0.9647838815717061,0.6109687798475726,0.861813522023897,-0.924359803020176,-0.08445359124389952,-0.08305187558378085,0.014155496107874997
5,Perairan Terbuka (Laut),18,114.62161089397341,-6.081810952462813,0.042028146465398084,0.07843075438215001,0.024303960782255503,0.01687335536707956,0.005094726202360029,0.001,0.04298941838589691,0.04056601086152993,0.019011177443271368,0.001,0.27767155635443286,0.2918900121487051,0.609794728162215,-0.38674209876871607,0.4362654943173816,0.05347245025300469,0.04940686324695186,-0.32495556706110107
5,Perairan Terbuka (Laut),20,116.14382690205403,-7.8920717244674155,0.0771690152233868,0.04472421257717516,0.025964612531600213,0.051558886206541144,0.029883658767213085,0.05301654708131891,0.023730833904785295,0.014044538006319128,0.001,0.001,-0.04494936140125006,0.30667393340019405,0.9562594773418176,-0.9191292567476963,-0.36961290188083123,-0.009295777358418064,-0.006095498811104195,-0.578231316650524
5,Perairan Terbuka (Laut),1,110.872040790714,-8.49191798698916,0.04582106340790694,0.0671689000824107,0.038982512589841034,0.030304620098406086,0.005075983342755063,0.02340309527019106,0.035192205577930596,0.02646078884704977,0.012501027544500387,0.001,-0.05109971503009476,0.3123910589457229,0.6861795093844791,-0.47577352324610217,0.07462324096520455,-0.01023932079184145,-0.009901969449313834,-0.22287124365267116
5,Perairan Terbuka (Laut),2,110.0773857591523,-8.094052939259699,0.06300772721168019,0.0030214277188372884,0.035742685632977174,0.06855482971416899,0.001,0.01637945817947951,0.019881335148129103,0.013061257789151345,0.025545613638384694,0.017086765215329515,-0.2851528885715285,-0.7361516508323941,-0.7884675507491978,0.12468982656496087,-0.5503799728476272,-0.05205361456925465,-0.042820369237861325,-0.14982076724281357
5,Perairan Terbuka (Laut),4,112.13742152440231,-5.644765548156263,0.052284505588209795,0.06195908841753921,0.03025126063607613,0.07769796733235271,0.022270204004851118,0.022929231477345567,0.001,0.011848245090448644,0.027210665226997145,0.001,-0.9360025517276647,0.9682333239171207,0.3896884468176697,0.9291047937717248,-0.9745863706219999,-0.09252350494114177,-0.08259159875042867,0.037720585506906615
5,Perairan Terbuka (Laut),4,112.34092264484784,-5.935797073780116,0.017636642385470684,0.05048473206781363,0.05056116761212467,0.030635718430441883,0.014958130960604846,0.001,0.0267838118405329,0.029919126633245675,0.001,0.027017986730458285,-0.3074195071540001,0.30673439308833883,0.9611535132683765,-0.9280156034926111,-0.06708356032603312,-0.04962399233954503,-0.06177594839605299,0.07439667276895078
5,Perairan Terbuka (Laut),24,115.32098771919428,-6.269549105902986,0.06148543288838164,0.06698473913821018,0.03875287637750013,0.03980524063216978,0.027810813480526084,0.033027084822517934,0.001,0.001,0.001,0.0080526974249117,-0.9496891512780912,0.9705816188171922,0.9705816188171922,0.0,-0.950986664457753,-0.12219712734139676,-0.10491711493287895,-0.22234871108259757
5,Perairan Terbuka (Laut),16,114.96246541427617,-7.821664541658376,0.055822053849622695,0.05487022479843275,0.04675658717184047,0.04722742947870526,0.0069142233755931076,0.02357864165075707,0.007282526784172428,0.017176294424696502,0.014826870535727421,0.001,-0.7304720001391473,0.7656571275908188,0.5745340389895002,0.34122790871086756,-0.7328001102972075,-0.11354127179467814,-0.1068716794356202,-0.012199429345927878
5,Perairan Terbuka (Laut),15,114.81867114709046,-8.697709095627346,0.08616866059459527,0.058496130160962126,0.02106445086879891,0.05891054632845342,0.014788532442707085,0.021987790787420865,0.012693262844035592,0.04477987756165009,0.008425229405411794,0.012242261511092638,-0.2479785167916191,0.643394538710514,0.7482050623565705,-0.20209933484414097,-0.645458438218348,-0.04246617794604505,-0.023525246969827617,-0.540485982388964
5,Perairan Terbuka (Laut),6,113.35774956206895,-7.648783773097836,0.0680567322953817,0.05877709186191615,0.02918477902298892,0.046655864585361945,0.058077248441419274,0.02476115673199132,0.021751401318088497,0.022559406254286225,0.029656442512472764,0.001012033974506164,-0.14593511938253187,0.45978371905309,0.329294189428923,0.15377110673359387,-0.3640616617884097,-0.027072418429908606,-0.020238399573699762,-0.20832187155242532
5,Perairan Terbuka (Laut),3,111.02615738480435,-6.346915856620332,0.04582523660432509,0.026938355763100386,0.012241982060400395,0.022232999959530445,0.019160945089093658,0.04653624988655179,0.028039892073878366,0.0063188223471530944,0.001,0.030621230248459815,0.3921840768538202,-0.020035856617482493,0.9284137926593626,-0.9311291885644366,0.1155074188885242,0.052117503594315634,0.04386018882863257,-0.6959609314073525
5,Perairan Terbuka (Laut),9,112.73534121098943,-5.227717562663978,0.06689915522943789,0.05042224865336305,0.023362103016917515,0.04687399253556964,0.005100093099129704,0.025880455970862845,0.05408988486339997,0.023080335233771863,0.001,0.016155530540073067,0.3967332832984378,-0.03509292224290623,0.9611063107218764,-0.9636956771891092,0.07147003901054547,0.1109276027140544,0.07981905636677214,-0.6647827759990446
5,Perairan Terbuka (Laut),15,114.65642004861247,-8.539743160209914,0.04294986921476979,0.02908826234369879,0.0405155404030816,0.04676751600824583,0.01533639991891141,0.0143414648885559,0.005576519133172557,0.017750965992986503,0.0015644742561521374,0.001,-0.758026889304014,0.6782602263900971,0.8979226732323089,-0.5618328006276208,-0.786928175805686,-0.09427225141056127,-0.09597014091244856,-0.0711469984858692
5,Perairan Terbuka (Laut),16,115.1894400469986,-7.8415707105800845,0.0783825324559941,0.05699739225124261,0.03858592662044028,0.043250993533986405,0.03156554325139708,0.013803350708049278,0.02408828934457201,0.015964542736090097,0.0165769543716499,0.015125363289372463,-0.231317405751739,0.40585590270864,0.549382212490267,-0.1847114169689415,-0.28456946800879207,-0.05427916916893317,-0.038648395993241366,-0.3001131082392284
5,Perairan Terbuka (Laut),20,115.60911912849771,-8.599944249440096,0.044260096087036974,0.030060519156173016,0.032193555854482615,0.026935957682890515,0.001,0.027614926533330763,0.034480131683641634,0.057925347128134255,0.004132037450190085,0.001919321551763985,0.034295025208505546,-0.06847796546024641,0.7583077582110367,-0.7859722498959145,0.12283709294628452,0.006382157678215754,0.0060526257335845966,-0.3686119275125025
5,Perairan Terbuka (Laut),11,114.38672238216861,-7.044348723563557,0.033358684543411385,0.053129628597305106,0.03303477270837533,0.017830554978198764,0.017376051769942398,0.001,0.0338956512174987,0.008439811104917498,0.00948015472880531,0.001,0.012862289610095865,0.22101597604422243,0.6971669737935269,-0.5628828189621449,0.31057943565280804,0.0021918375097999677,0.0022777358723191326,-0.22537646129324926
5,Perairan Terbuka (Laut),17,114.57397001460036,-7.079923033784266,0.041264696008076404,0.045806132697237094,0.029830637295587548,0.03719598773283768,0.0415861262522933,0.030990664141540343,0.034432468147193675,0.04169156164914707,0.01854561822284046,0.00944939206571507,0.07160921882454468,0.14174804007795466,0.4236172856374316,-0.29987586779773506,-0.038581308407530705,0.012727272562210672,0.012233205061303019,-0.22019952773522383
5,Perairan Terbuka (Laut),2,110.80576985090944,-8.239289639392197,0.06513667859382583,0.06609513928942486,0.03972848756949053,0.008180586044458458,0.007378097703580288,0.01587718843954274,0.03169431531103849,0.019679803713941603,0.027053029501758447,0.029728549431164215,-0.11248749449673014,0.35178459443456983,0.41913984864318654,-0.07900417874315319,0.5896874444217555,-0.025699806482598692,-0.02108991508026623,-0.18366246242831616
5,Perairan Terbuka (Laut),7,113.23189955021944,-6.625931730442652,0.0679875570301581,0.0680831084672043,0.014445091430119227,0.03723953249183663,0.010887064385668757,0.001,0.015687933019162457,0.039871054484408766,0.016911130151776952,0.04026714057408838,0.04124516441719787,0.6254568869256801,0.6020640756929535,0.03752246157130239,-0.4071912164583854,0.005244483943322581,0.0035165935672494624,-0.4548247372023064
5,Perairan Terbuka (Laut),4,112.05522334497005,-5.801905601713737,0.052658452179021674,0.08671704130389361,0.03266281838275577,0.030337204442306046,0.001,0.036658441104391516,0.012468123065892817,0.010294285408869095,0.029218458456438577,0.027373340031939357,-0.4474689474929781,0.7485889443364112,0.49595320217160277,0.40181598915124905,-0.41744992969720146,-0.062060634399750556,-0.055568379396692055,-0.025551950740959364
5,Perairan Terbuka (Laut),13,114.42276770991872,-5.593987785350156,0.06698077050816019,0.044567132989175286,0.029235362020421225,0.029102184034562228,0.031737772710085974,0.04330347002741344,0.025522198327976104,0.049623366280360376,0.02345791627049592,0.0064780090882837265,-0.06781097625622802,0.27172372787090654,0.3103153417468919,-0.0421453079940175,-0.06553823560489463,-0.013288281865794505,-0.010039963286250276,-0.2741785070808705
5,Perairan Terbuka (Laut),20,115.28315222780724,-9.285902420284401,0.06243067109193463,0.0755891041806316,0.05997433475012001,0.04780337016898621,0.02038511680486999,0.016749601189161193,0.028641042553420863,0.04510961742906569,0.016506536833216776,0.01681797807803216,-0.3535875239325942,0.45042689325357826,0.6415348875957736,-0.26877422037428933,-0.25067008408422875,-0.08512103572272958,-0.07984830180678665,-0.08708216560801804
5,Perairan Terbuka (Laut),23,116.40148551621806,-6.753742251542725,0.05077096781475639,0.04508163406053182,0.02756798240034123,0.03203138977868295,0.04577149994359733,0.016404293322037973,0.02078918113867071,0.007019335093902372,0.02074946599709733,0.03050018768077424,-0.14018194255789646,0.36878931101137935,0.36961508576522034,-0.0009561009651439,-0.212837692435487,-0.021041335219995388,-0.018543027370850385,-0.19388693864186596
5,Perairan Terbuka (Laut),17,115.07402560897269,-6.3656863440057,0.07436746768935135,0.05305046787043566,0.03861531424918853,0.027696745167449428,0.02792028019541784,0.024709477287488218,0.02087396580877231,0.022066305384156944,0.01677883425090473,0.005587713477316536,-0.29822764916474104,0.43526206458381395,0.5194328454990126,-0.1087603429922009,-0.1404710592263353,-0.06383526587516085,-0.0475648481734403,-0.26452770457629565
5,Perairan Terbuka (Laut),5,113.30915727112756,-9.125289775143493,0.046362548118829505,0.0756104302050733,0.07065820153269574,0.011934495771989344,0.0011079319343591208,0.005642707582877753,0.018450673774421673,0.033436707665558854,0.01886879413072408,0.012580467051707026,-0.5858847055633231,0.6076874861624503,0.6005726218931041,0.011203813145496108,0.2144525729246564,-0.11923002826455173,-0.1329317803887871,0.1601252998167434
6,Danau,17,112.42894234232422,-7.244779599999999,0.037934033204368486,0.03961870765057446,0.026338158423710716,0.03969858177436305,0.006236754916922209,0.01258034692916106,0.0031765090808351173,0.04146162335525661,0.023680324228586246,0.019165918001109145,-0.7847504483849532,0.8515483855803021,0.25179505431646876,0.7634486965784497,-0.8518249434164187,-0.06604780363654597,-0.06561192002111092,0.09775085682582334
6,Danau,29,112.4235046341139,-6.98302375,0.0024051751529630336,0.027746499709225957,0.03994823160384743,0.001,0.04836944036399707,0.0026502428471581498,0.03265017337887467,0.01667123062864556,0.03573355572757374,0.05812241370874742,-0.1005264251491919,-0.08119112092986655,-0.12581992623619734,0.0450894144542769,0.9405649142414078,-0.014546069251587345,-0.01911826376426854,0.3668727578693863
6,Danau,12,112.48279956451972,-7.2119985,0.001,0.06043065721790973,0.0028775592960939046,0.046401533833262565,0.02689841754672159,0.03194673483692765,0.006324705855076447,0.0417081166424475,0.001,0.0286245589434811,0.37459757220172685,0.8105109172002595,0.9674429501812352,-0.7269513934726434,-0.7600926494091879,0.008481400146378526,0.01015454995460153,-0.30771868052986795
6,Danau,8,112.49166144186253,-7.1789887,0.02386124540084726,0.02895963983895366,0.05392405235011047,0.0389898602078627,0.05861453955663039,0.048320341939700126,0.008027814428203476,0.028725152985948764,0.021815569094953614,0.03289454799979659,-0.7408370331325641,0.5659168834287586,0.14069997452101704,0.4620037199886453,-0.6585192772887513,-0.09954825766042644,-0.12250934813607282,0.40742449586377216
6,Danau,4,112.53104285235486,-7.22273455,0.036562765700506726,0.05264438931644689,0.027001806193525383,0.03924164446218041,0.049568881285174865,0.030055580261962114,0.014075040930527381,0.021532392515794696,0.011693522692457572,0.001,-0.3146971068461474,0.5780826914298468,0.6364966581729449,-0.09241951474260818,-0.4720211482440346,-0.035833421086166765,-0.035836218085397796,-0.13368474689989454
6,Danau,13,112.45280821222676,-7.2270077,0.018744370375102813,0.07247630413475485,0.02690101109148755,0.05056617502834147,0.001,0.03852466963448818,0.017579709434463294,0.022778399656642367,0.022714399361316976,0.0025626211928195834,-0.20955823865370626,0.6095827687122148,0.5227601270194546,0.127430285788108,-0.48405659960032027,-0.022441435727386987,-0.025679426210041496,0.1546591729599655
6,Danau,23,112.42436487983838,-7.2724680500000005,0.001,0.06383371911757907,0.03364526342022289,0.035290863178782224,0.01550721941891344,0.007952137258392975,0.023358390606020865,0.05420161440338038,0.02304749715111557,0.001,-0.18045988120351375,0.46420860988060597,0.46944809532681053,-0.006699439731288057,-0.2034548029048997,-0.02111895300704182,-0.027702348287603925,0.39893782008875395
6,Danau,18,112.42890795063494,-7.2557426,0.033376750905576034,0.049199855566299085,0.042960654391113455,0.0491009976611759,0.001,0.038178633066426854,0.004947808857438745,0.008674068878269516,0.017172898844396545,0.016164566635450173,-0.7934473820004253,0.8172475463634793,0.4825316731801911,0.5526536311173214,-0.8169132832122264,-0.09386943727682173,-0.10406714282609274,0.22150529384324782
6,Danau,5,112.53861239994953,-7.2144908,0.005388980845697635,0.06056864625586328,0.041450082712974,0.04070464294449247,0.01698564554659427,0.01530932993716062,0.03538898197370341,0.0073316597025614265,0.03596705691228767,0.007522012613043449,-0.0788804585936224,0.2624039848037581,0.25484445942118233,0.008101275512316566,-0.06985684946205137,-0.01218387996421412,-0.01576115708086485,0.30998895671693005
6,Danau,0,112.52314784911972,-7.1825477499999995,0.02856248250535714,0.024378684418800128,0.0277992505480712,0.04920378274017064,0.009953848682220282,0.03747953800877768,0.02133518380518534,0.020343665792515397,0.032820096297369566,0.001,-0.13155878756745365,0.0665771824892456,-0.14758027400753382,0.21207373054596512,-0.39508090215618796,-0.016593045084004193,-0.01765706083565563,0.09701384548596063
6,Danau,28,112.40445144810249,-7.15922975,0.03520021123115563,0.07429152737109938,0.05159914708650992,0.045847100808077836,0.02547478835803731,0.020462961651785537,0.015456113091415369,0.03815710871876859,0.007891342918108758,0.021361357270755714,-0.5390037017258372,0.6555650189900314,0.8079564927747902,-0.32400831363435917,-0.495748677561015,-0.08515869668170235,-0.09560717411497231,0.0802035506501564
6,Danau,21,112.41832667855782,-7.2433589000000005,0.061997407770049855,0.04907175147308908,0.00983407795075042,0.019828828805253808,0.04164848327567363,0.029103807315593345,0.033152463440960796,0.021995486262609755,0.032459353213097474,0.007625512398254118,0.5424578063926047,0.19360826801643127,0.2037553412305332,-0.010563801654113318,0.2514780938583248,0.0929498722325133,0.06441702614887225,-0.38456904592145724
6,Danau,2,112.51225639482625,-7.2096021,0.01901243917014076,0.04398502281796424,0.012044184668651453,0.06984039337872416,0.028554272796622693,0.03966771133023294,0.01194696300693801,0.014221082670302653,0.016491792336230972,0.02651788800068798,-0.004052397116456691,0.5728038932591989,0.4546077692257298,0.15981111390564143,-0.7078530499377063,-0.0002581237334660076,-0.0002783109852467408,-0.0407329974997138
6,Danau,3,112.5226506132719,-7.215040849999999,0.022189023129025744,0.03694202040905877,0.03233196366553715,0.04748533901076616,0.05464272253279774,0.03530625717558742,0.029659890177968523,0.04078912855380482,0.0027047692710105466,0.001,-0.04310362215026636,0.10933815648181275,0.8635566851886323,-0.8328565952190692,-0.23106352510956202,-0.0063185479535406335,-0.007131972116572806,-0.19349778592684858
6,Danau,11,112.49262098279853,-7.2118455,0.013741555655915245,0.03001781366462532,0.041931898123056054,0.04435075137495633,0.031192440946371743,0.001,0.05083215287927928,0.016585919937696664,0.050777191339084364,0.001,0.09594508394263719,-0.25744400210613544,-0.2569388716117662,-0.0005409102880921104,0.06809417601838255,0.01855206286712437,0.022522253351497934,0.17888402995309508
6,Danau,10,112.48692648167471,-7.2029215,0.017813982621651944,0.016957259262355556,0.035431874639140465,0.023481147687831515,0.013904997688524684,0.009412286742384039,0.03166032594106795,0.04067195477351321,0.04718050836618178,0.001,-0.05621441254336612,-0.30242280267046756,-0.4712238942840108,0.19685461683187788,0.14833078564333052,-0.008489532909303578,-0.00997601984531017,0.25088124926386407
6,Danau,24,112.42464378909405,-7.2710817,0.033282290565702005,0.03065997203897073,0.02497441465897023,0.03221732030078234,0.036966749362431314,0.04525532709627286,0.0348660003624725,0.01735781591673584,0.03497701856934499,0.009338722943383044,0.16529941402743253,-0.06418871945226423,-0.06577154779024524,0.0015895390402773893,0.03948343635972614,0.026445394409321296,0.02650287145611863,-0.06398809747519602
6,Danau,22,112.42030989486048,-7.238770799999999,0.025131046561544773,0.03937232769771623,0.021600963084576718,0.0661347076929435,0.03461116149741035,0.03261917771251807,0.0160662971219458,0.06668967917157043,0.03957515733269637,0.001,-0.1469357151369563,0.42039336710082453,-0.002569171549072561,0.42250620546607615,-0.609097298441191,-0.014455516761674753,-0.015440774542897604,0.19515581224214595
6,Danau,16,112.43221413998025,-7.2341984,0.025895774179430637,0.04678633184943635,0.03218807967423899,0.029481610110528474,0.03658224785042545,0.05178132198058971,0.001,0.013077798943618994,0.012752621670540396,0.003448066598382556,-0.9397373707858789,0.958147008135118,0.571620890109463,0.8545731204940117,-0.9343866374796314,-0.07797720374527173,-0.08774037022722053,0.2511944911338646
6,Danau,6,112.54106030334889,-7.2132724,0.05997698812118896,0.06502563830022258,0.04416483528177396,0.03603451459729899,0.02570529889819779,0.008224418793519019,0.03172610342071726,0.03736581907213178,0.03928996047017425,0.006837554299657491,-0.1639027255403504,0.34417503957061385,0.24670977194871785,0.10650909848466035,-0.0635828190329284,-0.0367189528178676,-0.03239866533344422,-0.047090632744556805
6,Danau,25,112.42097074578909,-7.2660288,0.027873312806994045,0.05255068292840954,0.04337846363260643,0.01794676566853782,0.04104084200607562,0.02969256656740754,0.004120440980694556,0.001,0.0179528943218247,0.031715694749111054,-0.826503729823168,0.8545840941995272,0.4907238677133369,0.62665893146164,-0.6265552446697633,-0.09299839729060354,-0.10755644163244452,0.31435916126680236
6,Danau,26,112.41651617900644,-7.29737085,0.05512027000112092,0.05533064316005145,0.059430084957633716,0.03935588375564883,0.04429955327464172,0.02323153666640359,0.012281017410737772,0.019837363246790453,0.001,0.029306383899203675,-0.6574862933665481,0.636718943879834,0.9644953287891147,-0.849409063511049,-0.524331731939869,-0.12336751960939216,-0.1237051388845943,-0.05453436250015824
6,Danau,19,112.42007033604625,-7.25515045,0.020375513412929758,0.03797841830367206,0.012300424775809869,0.03693460845195576,0.05645238465839614,0.061406682762340764,0.001,0.024683280060355764,0.004484633448594523,0.024825066118172798,-0.8496287988285683,0.9486895303676005,0.788774774401723,0.6353447036907783,-0.9472776699458839,-0.030641523700716992,-0.03302283876176062,-0.12029314214311153
6,Danau,9,112.50389663255618,-7.17748745,0.0342989032094089,0.04045146008930248,0.031088596208865282,0.032838720678884374,0.05421369141562345,0.03820439272524057,0.03004735131374657,0.001,0.01899816981756784,0.041248164385885515,-0.017031630657265345,0.14757849701175862,0.3608649867875863,-0.22528420569355279,-0.04438771944727571,-0.002713448786587808,-0.002783402755737958,-0.1246099098287212
6,Danau,7,112.53425727541534,-7.17839445,0.04989193605055026,0.022293656211195455,0.025298612509746087,0.02197720801121918,0.05566652340544305,0.03366417423413862,0.008483066604028462,0.030512369153111833,0.001,0.001,-0.49777115433820757,0.44873488452125276,0.9141396740809444,-0.7890976756139135,-0.44300785645012003,-0.053478762386170546,-0.047253998864206316,-0.37882390758630735
6,Danau,14,112.46000298774564,-7.214222100000001,0.030546655887394643,0.06268513052679983,0.001,0.03428267038446356,0.04514528607778233,0.008228200134400919,0.023437742521762596,0.03098961754659005,0.04571570480534903,0.006547957103325435,0.9181593424033223,0.45571386740886827,0.15654330995616228,0.32215258707283234,-0.18788721578330797,0.07008834852821011,0.06417656673756132,-0.07218158968658861
6,Danau,1,112.51865033042174,-7.1940918499999995,0.027425991024373944,0.06282439629747033,0.010104769979259829,0.03668675190173712,0.02316412483739234,0.027916322809423494,0.03272609673444257,0.03831242227623259,0.008769765372069858,0.012050488049908187,0.5281547622708039,0.31499889004210935,0.7550144999237217,-0.5773185462098019,-0.05705939445007536,0.06371057685834643,0.06250932327816647,-0.5223246326447497
6,Danau,15,112.43418359432937,-7.24053005,0.05235662421150786,0.03752951451804042,0.03217750170595519,0.037102589845920575,0.029054924762448343,0.0055401356662589905,0.041161442814683064,0.01838472148667725,0.035391079552302994,0.001,0.12249891302568175,-0.04615432793798255,0.029325528181367296,-0.0753778322200753,0.0518610245207132,0.02668861683072064,0.023504267051593468,-0.16109023238859954
6,Danau,27,112.41349356537772,-7.30397385,0.020617430221563596,0.06819684875698201,0.04490826905216886,0.043129988484459744,0.041417258247094794,0.025671708296154,0.01987448558421665,0.020075634113042713,0.033560974239503896,0.001,-0.3864266535443867,0.5486729931544568,0.3403755422155472,0.25613119910087256,-0.36910874782932535,-0.055155392766087184,-0.06648693660291367,0.3192414016035274
6,Danau,20,112.41326168457351,-7.2538345500000005,0.05227734517406779,0.04526248747520264,0.030307628460245015,0.05138092030981502,0.03035796631784373,0.025531375285720345,0.01954964828287293,0.04340727530336376,0.010057216667949419,0.00810644489090103,-0.21577552293971897,0.39672876838342935,0.6363965736287232,-0.32061588790555023,-0.4487666207917142,-0.033231732352695366,-0.0293475615374951,-0.28043170024742914
6,Danau,7,112.53409537748499,-7.178598846740517,0.03015430091006213,0.06296877793291485,0.02850231939192845,0.06712448641740583,0.027651921334273574,0.0264347454239208,0.017434518175734024,0.010250378570129847,0.004449097298619727,0.002039996653913601,-0.24093519626719967,0.5663232901463039,0.8680142998471178,-0.5933855079361499,-0.5876366200515382,-0.028753773994444044,-0.03040956513991246,-0.1817402453868519
6,Danau,16,112.43194793896787,-7.235129470841794,0.047037447732751946,0.04950310910956985,0.0227303371557644,0.05839802118409893,0.05326765699338391,0.048830736913616404,0.007203650041472637,0.022571270697095164,0.04720604105472079,0.01361709538000033,-0.5186975758788102,0.7459332706617271,0.023752333953865196,0.7352070830051025,-0.7803821062151325,-0.0490850802251255,-0.043948928044068414,0.12639393887985986
6,Danau,26,112.41773830480109,-7.298195390334857,0.02598559402655882,0.06077521941996256,0.04510948601037168,0.03142825643607604,0.03329159937929897,0.043898401038255874,0.0025956928106022036,0.030185181861392095,0.0032841552042392717,0.001,-0.891177716116228,0.9180793465557868,0.8974652602452621,0.11708844766239794,-0.8474196387084346,-0.09856116563354321,-0.11643251198926251,0.25738710800401643
6,Danau,23,112.42406574659758,-7.27308941519487,0.021553498837795438,0.05715679306819206,0.02516966057042798,0.03027372812547391,0.03077331844987439,0.012795559076003556,0.026432048267508654,0.04697080142937465,0.018811939385179825,0.006960265100496876,0.024464067199428154,0.3675699284994272,0.5047452016104436,-0.16842257080435433,-0.06774759177255667,0.0031068842911065883,0.0034328783165125326,-0.04353671103342664
6,Danau,13,112.45190200862781,-7.228105944431136,0.035601605298233543,0.01957295871752683,0.03805226184896801,0.08652828705617295,0.028159856683279194,0.02821312449425504,0.03115410500149525,0.05467999002296943,0.03462451766651203,0.001,-0.09967517530146737,-0.22830310304995075,-0.2777169653548834,0.05275897353116375,-0.4705392252479311,-0.01737648665280141,-0.018178354765183913,0.04246549122900271
6,Danau,4,112.53172961417219,-7.223322270373244,0.0384509825649412,0.08857895217862513,0.03933661570139198,0.02268097130092376,0.03422744436627921,0.010789691229883994,0.038492055339032896,0.015661761179581117,0.021113654520380346,0.001,-0.010851532477907494,0.3941646282962495,0.6150396008760074,-0.291555969521804,0.2584649583010297,-0.002141099279724599,-0.0021924155152384154,-0.12004054482090613
6,Danau,17,112.42959170427838,-7.244302181253757,0.021803279136780134,0.07229225968790742,0.031551857473405456,0.0316119628941142,0.012821580436699159,0.001924477704008453,0.0012307904971597013,0.031679388621665666,0.03470350653083995,0.0015947276136669842,-0.9249120473293784,0.9665195886916707,0.3513106558712663,0.9314977019336413,-0.925049465553552,-0.07380855644257414,-0.08536614440731817,0.48405832723037184
6,Danau,19,112.41974535013543,-7.25536678124602,0.05355815401078522,0.0392374936665766,0.02642982415680181,0.023806349194941224,0.044861426018517836,0.06146265921066851,0.001,0.024807568970479525,0.03897169770575053,0.001,-0.927086629660705,0.9502950912681621,0.003398525835181974,0.9499645733166634,-0.919375442808678,-0.08388331600799995,-0.07232191751041842,0.09039177275557657
6,Danau,10,112.48878108148776,-7.203957255311067,0.038500258604566295,0.06832208300311356,0.031173432215352556,0.048253946064101993,0.056413535791914105,0.0592263983115172,0.019070491804482757,0.022014332260511502,0.006200298333894554,0.024654462256430688,-0.24088365720018484,0.5635672223126049,0.8335990171152791,-0.509291276245126,-0.43347489782401977,-0.03298310282678484,-0.032993386794127076,-0.2127245253565485
6,Danau,1,112.52588012158166,-7.197479183869569,0.009423366633135477,0.04621138943013197,0.031540346564316986,0.03245496230921868,0.03419730397528686,0.06846769977439138,0.018176021144801865,0.023468915588589156,0.03522997736572779,0.013593754662182829,-0.26881137473469313,0.4354169176796717,0.134838256792667,0.3193265995810738,-0.28201982083488686,-0.029391707654724174,-0.03646696606981918,0.4150795316429338
6,Danau,15,112.43573595657311,-7.240936507123566,0.05159003656817064,0.052470314297295775,0.026273651880434498,0.013244126678581672,0.005703979592823899,0.0024645196435934616,0.025690087494263596,0.009566257801988106,0.03883366048879074,0.010453698472839307,-0.011230222881627831,0.34263163758828796,0.14935443600456086,0.20370132240733566,0.3196664106475268,-0.0018318667089540577,-0.0015858769640339158,-0.08549077020261342
6,Danau,27,112.41399961131235,-7.303673703483836,0.026337196213474967,0.03734217387193493,0.03933388122405309,0.02793253270686383,0.015219329938951788,0.047825248809080234,0.02531931741162534,0.026476058576275916,0.02962149477100575,0.01013397809666048,-0.21676520097071747,0.1918699351413928,0.11529653530185675,0.07830567314465044,-0.04907275973231243,-0.03293534426142621,-0.03722965843359225,0.14342584533756733
6,Danau,21,112.4174085199824,-7.243672675931845,0.03574519725677525,0.037747281464368176,0.06105597913365933,0.031305700484856626,0.053340244904249656,0.027166967260432853,0.032106456734824436,0.04101335248539204,0.037202776327250685,0.001,-0.3107424340960785,0.08075193674970715,0.007264906070739197,0.0735301675367218,0.012627803128758382,-0.06402759443489697,-0.07320808091070757,0.18305355688711386
6,Danau,11,112.49451964802579,-7.2140734538322215,0.046134531019182926,0.0776965977636716,0.026119605311372144,0.04052059100713184,0.022148300362797687,0.0248034562172235,0.045671341983987354,0.014936482108046937,0.005868217672238421,0.034163514046215655,0.2723426439803556,0.259591394535715,0.8595528974388629,-0.7722829571101685,0.059759083458856194,0.057076697474644986,0.05129078231763889,-0.4832075580225002
6,Danau,20,112.41457521521653,-7.254431825906158,0.039368226388325434,0.08180555373563786,0.0232434204326122,0.04189421705856354,0.02008984584342293,0.03214951752971544,0.001,0.04027431834982512,0.02485211125238507,0.009136680063011217,-0.9175033521749697,0.9758470188819441,0.5339835815425433,0.9226368437335141,-0.9533736459009604,-0.06579345528831246,-0.06364434792788622,0.08734995412377967
6,Danau,26,112.41744397656976,-7.297077954191554,0.024144535131005028,0.03657869018947851,0.040915693680491416,0.022433650214448903,0.03767843868073865,0.061116770922141864,0.042282822329664474,0.007423080859940201,0.011948929094850458,0.016321761108330064,0.016432127618406647,-0.07233100007396294,0.5075410858871591,-0.5593382451919786,0.3067097298137787,0.003088319626770806,0.003516286337264746,-0.11369359905670977
6,Danau,11,112.4933282012896,-7.211917016346016,0.028945771169784747,0.029008914225763686,0.035779739272102366,0.03984974657325551,0.05871488112905672,0.0262015694607383,0.03752005077989887,0.010993673953050367,0.004579860531552377,0.02082492939714235,0.023742380200809404,-0.12793129166340514,0.7272981269312965,-0.7824289515060749,-0.03011117830141872,0.004203223748077402,0.004553406973091632,-0.244382109362755
6,Danau,16,112.43207098687958,-7.234345712603476,0.046255961709110616,0.03563910910888412,0.030361161097258674,0.019276312397063834,0.027281702605417808,0.04255384178436189,0.013475622512957829,0.026264479410842957,0.0030530690255592234,0.001,-0.3851910840277628,0.45125943709342126,0.8421867367588293,-0.6305733779674816,-0.1771098325314892,-0.04973808016801466,-0.04657336289081321,-0.2825393068041393
6,Danau,8,112.4869389970035,-7.181433660598094,0.056371663743215075,0.05109387337575699,0.014965383500241026,0.035278420751230125,0.006038585682501568,0.014787604617896815,0.0404050960856968,0.027862763634200923,0.04836095264151809,0.008569782422559161,0.4594453997192969,0.11681855256025102,0.027479015510873128,0.08962724578000561,0.0677383330081587,0.08990442423025734,0.06871011384442673,-0.208930522395082
6,Danau,10,112.48493679080954,-7.203582769777782,0.02946031955712756,0.05961341237813185,0.001,0.04307408985480363,0.029265202679085722,0.05229058340272721,0.03447019091245426,0.012994624716797989,0.03863207927941371,0.006065282116285073,0.9436145988458055,0.26724339118663404,0.21356026145497384,0.05693240851622707,-0.11095465386052816,0.1021033074203679,0.09375925536233932,-0.23462556328916281
6,Danau,27,112.41399181513788,-7.303726565338084,0.016433201605559323,0.05295654876306804,0.026958459665042726,0.06307697971042786,0.03510933042736815,0.033084883813290084,0.033509706242831595,0.04639307427139068,0.03175407641445949,0.0312919520922243,0.10834207340483723,0.22490672568162978,0.25029294794934775,-0.02690052169808538,-0.30612162400709075,0.015277930483850916,0.017533323861071128,0.0807104350539549
6,Danau,1,112.52480572180811,-7.19916801299119,0.03913023619370683,0.05251477197090053,0.04858758093132044,0.03863655789876792,0.030498697745169924,0.055823653759453716,0.04432886191932847,0.029877362896150155,0.01319672634041575,0.031947602503127476,-0.04583385712476585,0.08452708390025508,0.5983434565114808,-0.5411875998061032,0.06861056045314418,-0.010213954880226412,-0.010773994540065512,-0.14923080765456126
6,Danau,15,112.43247425874863,-7.2407478158345375,0.04200627536872821,0.05473371881296045,0.02517190934715083,0.04497544868071891,0.02967437310168446,0.020034927306405062,0.02193563492880853,0.03398136068459411,0.014369073996196535,0.023557385329142762,-0.0686997040364548,0.4277860951695702,0.5841246437624508,-0.20841816249853812,-0.3443347822915092,-0.009430583041604799,-0.008872865450864454,-0.23579671827762183
6,Danau,24,112.42472161113201,-7.2713383076780955,0.04933248588466484,0.0645484654048312,0.025856274221790078,0.05133732256282558,0.0311694209619006,0.011463810321510726,0.030090940677466184,0.03219197461435422,0.05890322003103961,0.0318590629491784,0.07569038758428014,0.364092778998511,0.04572837793288561,0.32375471379736176,-0.2609214636168852,0.01298603089173848,0.011425544572006195,0.032500747530322185
6,Danau,18,112.42937844236276,-7.254968016737195,0.04066725235401786,0.053737557519322694,0.03245583382587027,0.024944658945503385,0.003915191592001339,0.016911613363776522,0.019284244727443545,0.001,0.011835173115908764,0.006285804503133611,-0.2545722622025447,0.47182226759656065,0.6390214858900322,-0.23937052452783972,-0.12797997734549577,-0.03622490057664624,-0.03580922324773795,-0.15023132968831593
6,Danau,9,112.50222112533557,-7.18127745473015,0.02676860169771813,0.040074146027177834,0.02487729278427899,0.06585840742185793,0.039932179222359046,0.021595488346527754,0.01897478317457055,0.029575299965215997,0.008480668493897735,0.001,-0.13460045724281908,0.35731998497718004,0.6506765023042198,-0.3822233349197324,-0.552656611934676,-0.015252372270685809,-0.016279729003429562,-0.15657664553490588
6,Danau,23,112.42401145965526,-7.272506835682088,0.045157860304900696,0.043703234337247765,0.013579554194536929,0.03935289483895836,0.03177014629693685,0.001,0.019388804632742104,0.0430196990152239,0.026768440782827495,0.043446926727924565,0.17620683796948927,0.38538030655009686,0.24030638246159233,0.15988033782700084,-0.33986231324430594,0.01905466504464578,0.01634970540555429,-0.2306949633965239
6,Danau,21,112.41842886978517,-7.243429183336735,0.04876664223468269,0.07173401037126281,0.07200128903871489,0.05137234392661897,0.032446053118990514,0.044606104401469976,0.011611453499075094,0.03161529479242454,0.010284085353825296,0.015969768363443226,-0.7222563569193939,0.7213656671748307,0.7492239819147243,-0.06062276400433075,-0.6312875917519056,-0.14006761200854945,-0.15521380310436622,0.15355913105035973
6,Danau,8,112.49153068406105,-7.17953247400832,0.020221363679702696,0.03969607250207424,0.03620209939658257,0.03793432838829149,0.0010871829642487944,0.008166646180318655,0.0027910026280780487,0.016755421408290384,0.026216349942179574,0.013284082706074538,-0.8568463183700502,0.8686187244550196,0.20450958795795604,0.8075658214515802,-0.8629352793511319,-0.07818435922060969,-0.09298197873868853,0.46126309659450077
6,Danau,29,112.42501799224895,-6.984381523089263,0.04597919057548798,0.06129202734412657,0.04607854434273986,0.049125942871886846,0.03314518963637234,0.046490276134314834,0.033791191876101495,0.03564143051330987,0.03906607806290213,0.001,-0.1538424050772984,0.2892291132371065,0.22146640741786475,0.07240027136367475,-0.18494067429430458,-0.03181871929744389,-0.03178477431869582,0.0325879378053993
6,Danau,21,112.41696518232828,-7.242548589612115,0.025643052387893252,0.04541314301522404,0.04729024316222355,0.06357092495426155,0.008247309446846061,0.051167507612239135,0.002428322209605968,0.012881771316587659,0.01648571446508953,0.0052269029180112316,-0.9023172674994163,0.8984846033692148,0.4673337967829349,0.74322534919609,-0.926413625089281,-0.10253245091599686,-0.12241333232653236,0.38873837460713956
6,Danau,19,112.41981381809832,-7.254391276847592,0.006623740804246853,0.059748169602388504,0.04019103637089903,0.05581062394245506,0.02349817005333202,0.02940625927541327,0.01954359252646036,0.05531993162202696,0.001,0.001,-0.3456528295214466,0.5070460724980455,0.9670771814168612,-0.9026460002032274,-0.4812873470679371,-0.042624367112796,-0.05533187365532338,0.22304136640635167
6,Danau,8,112.49071906284965,-7.178414718729996,0.030083112641876963,0.03371644647626746,0.026125194640933238,0.03810886695445136,0.020134708368112965,0.030967033891540086,0.0294222391663672,0.02645600332453497,0.013202078990468966,0.007513526250191918,0.05935547765385993,0.06801230019568665,0.4372338398210876,-0.380537695305259,-0.1286315027020524,0.008581136619495415,0.008902150360515183,-0.20416413995801283
6,Danau,14,112.46013493488195,-7.213244613266404,0.02988845480031616,0.023895206519983676,0.036923308769419176,0.033234981558298085,0.048923026122165765,0.03886580213463712,0.03755099606329483,0.014834943094276375,0.014429200382188603,0.001,0.008428239603677291,-0.22223976009849591,0.2469968006278977,-0.4448193123036181,0.06097273201617032,0.001516259186451508,0.0016389435226135214,-0.1354211309799176
6,Danau,9,112.50569395497826,-7.173990307801645,0.019422131866060108,0.06878158136762888,0.052312358668837426,0.022778000577933104,0.023125834975240747,0.02885706491964076,0.028784084627146718,0.0036028460469526118,0.001,0.017344392158086037,-0.2901270733377372,0.40995462822617645,0.9713391280028097,-0.932850011746639,0.11648256483117053,-0.04914040606358659,-0.06073417152987066,0.050297614177332056
6,Danau,10,112.48878902473834,-7.202863884949108,0.001,0.04329803890791695,0.03243137712838261,0.04623498954899676,0.027874228566842518,0.024513649214287038,0.03266856289574719,0.034278088895486364,0.010294750670728102,0.010565843450233574,0.003643409865404758,0.13992301379649244,0.6158158192706532,-0.520765505426753,-0.1719368274427605,0.00048613330619213423,0.0006295853633105711,0.11856275223338823
6,Danau,17,112.4294134664705,-7.2447705906004485,0.03574753533984289,0.07577355862177072,0.04179485502437369,0.05821835283930915,0.02084088905550555,0.02213725640617496,0.01646930010780515,0.02784641030042754,0.004879625632956646,0.028989004398352274,-0.4346678403633728,0.6429143533475126,0.8789973113263836,-0.5428691856776191,-0.5589819806238144,-0.06336889686725343,-0.06804723539138637,-0.056044908214077045
6,Danau,12,112.48366228879271,-7.214019585354072,0.04325027456638188,0.0454148320804774,0.039625659735207805,0.04334348744505757,0.04079741971397062,0.009835393147115547,0.017815083902038478,0.02912942208141307,0.02935463149417477,0.001,-0.3797056596481986,0.43649825107426143,0.21479624974801875,0.2446389012646826,-0.4174133332958882,-0.05855552944455767,-0.05868940174032882,0.060862725654353085
6,Danau,22,112.42015114247494,-7.2397025749716075,0.001,0.0337745042347562,0.02908428021433639,0.04095826338254997,0.055256221839374765,0.038741196609871485,0.02122295418847234,0.029514130848278433,0.03656275073254539,0.0011483432176384277,-0.1562663096653715,0.22822054287443372,-0.039641104268915386,0.26546005278605905,-0.31738376390189754,-0.01654001130583092,-0.0214280102125001,0.4941855423935016
6,Danau,10,112.48588482329308,-7.203070902928004,0.027895743183891018,0.03366112819792548,0.051283590730429554,0.04588748405502421,0.01938715055994081,0.02828317484522538,0.027644761448094204,0.02623921630916587,0.011982940674310988,0.001,-0.29949730775286754,0.09813684600995012,0.4749398461682862,-0.3952240362103689,-0.24809146292241122,-0.052478102874153096,-0.061248069454661616,0.06503004338343234
6,Danau,11,112.49261848535365,-7.210684751051586,0.03508442848861672,0.04462918581183973,0.02319363397855881,0.019959073674168916,0.031164608647907543,0.027281648418121376,0.01517527477037053,0.032981560162330774,0.03122003394103847,0.02052348207910703,-0.20898063720489282,0.49250357351650687,0.17678694306549525,0.34582718103339655,-0.1361573212377177,-0.022493055526622778,-0.022340700989275573,0.03968501801511561
6,Danau,3,112.5207591202473,-7.214803419398044,0.03829092751349644,0.046389945820464185,0.02149502496088137,0.024341265380163443,0.02110265238992877,0.030294751427048544,0.00820570817521276,0.03144085708676164,0.005518149831322037,0.001,-0.44744068361322514,0.699400669307383,0.787387683723435,-0.19583109551118286,-0.49576212306607054,-0.03908650627028289,-0.037632523293830045,-0.2650457198025168
6,Danau,7,112.53476155484195,-7.177438856496635,0.04229109181297192,0.042883781069512336,0.01744449520164163,0.023592292880538424,0.036345539620956005,0.050623615672019506,0.013953892084907835,0.026766549380061275,0.03607447759833608,0.001,-0.11117141061119724,0.5089914289245187,0.0862392800933147,0.4421608221759885,-0.2567078532157915,-0.01088856696826566,-0.009853068432963278,-0.02483521143985911
6,Danau,23,112.42377848043945,-7.273038642412899,0.05950302964369,0.08666150453489554,0.001,0.038537451566248646,0.019215794521956545,0.026028423436428992,0.01372422395576115,0.042176386477190374,0.018311451395480138,0.001,0.8641693531571958,0.7265702102201984,0.6511205851307897,0.1431912156130035,-0.474788205465194,0.055472101475171856,0.03708070272457613,-0.5826297398941821
6,Danau,27,112.4140333369175,-7.303795266569028,0.027417222580573136,0.057721763554436145,0.01224418008352077,0.015306494665450296,0.0598911420125298,0.020363599804373453,0.01793970519620716,0.02403306891261641,0.02822131556123213,0.036591848846365654,0.18869422777118036,0.5257901873878248,0.34325565192101826,0.22273359586907307,0.07920335143597476,0.01607496584801192,0.016113819952339924,-0.05699480252389743
6,Danau,22,112.42045302340826,-7.237848724367144,0.038699007625939266,0.027224522786900136,0.009238148594872053,0.034015528370096255,0.025976502007001002,0.00417073095680099,0.03229011380261661,0.013705191631777823,0.04239952343188633,0.03730948895808581,0.5550909988000744,-0.08511504431321201,-0.21795631324476586,0.1353522371808687,-0.026022137557512114,0.07226534796241207,0.06385252665951566,-0.15780767562059403
6,Danau,18,112.42926952545388,-7.25425565320983,0.026276197010517338,0.05658458960627277,0.011520791668736974,0.04935514489718672,0.022527113648484448,0.013691470176174697,0.015659975176205237,0.023013779873919553,0.015122608954943686,0.024245198542245383,0.15228353853287044,0.5664732563178236,0.5782122423555668,-0.017456825636057133,-0.5182666611194168,0.011656870950764257,0.011777317481365096,-0.2229930971184027
6,Danau,29,112.42796898763622,-6.9796207055246615,0.01822038611046401,0.07602534499660814,0.010124105507619694,0.06423145409767893,0.014752340671399593,0.029984801511950765,0.012647058297829705,0.02484406992693218,0.032020358545333236,0.03249740195843216,0.1107959479352694,0.7147464558232799,0.40728122082995877,0.43372330846451473,-0.670985864860166,0.00673334125342476,0.007239169731105138,0.1544545229384097
6,Danau,10,112.4850721892674,-7.204038613642048,0.04785787057433463,0.043927155014872286,0.0327638283360683,0.028268831894974568,0.015126745311379577,0.012805486414069967,0.013436400395238062,0.03374408446522413,0.001,0.009304694461288515,-0.4183405159072947,0.5315352904838414,0.9554834719709848,-0.861461250262845,-0.3556491674923055,-0.0567728845962621,-0.05307786483097033,-0.2896170083873501
6,Danau,13,112.45267134880744,-7.227218209066463,0.05274037686824287,0.06682866603611187,0.021222238852100013,0.01904690636075821,0.0368974545969724,0.001,0.036652311738240156,0.026796188131751393,0.04746950480866101,0.001,0.2666123963319929,0.29161257126948426,0.16937419833575582,0.12858962616196268,0.3160799318602753,0.05019980442630086,0.041488017879141775,-0.13094866153409773
