kelas_id,kelas,poligon_id,lon,lat,B2,B3,B4,B5,B6,B7,B8,B8A,B11,B12,NDVI,NDWI,MNDWI,NDBI,NDRE,EVI,SAVI,BSI
4,Lahan Hijau,0,112.48069044861496,-6.932696974142639,0.0373284479977055,0.0387973710262772,0.054835969320633,0.05891782844585,0.2733045226745735,0.3406970231816912,0.3422226831680712,0.388424927117041,0.1969014721239155,0.0793139268997176,0.7237890707641104,-0.7963499768720169,-0.6707886144613026,-0.2695505466563634,0.7062484237160276,0.516408842810686,0.4805483672391036,-0.2024647602763733
3,Mangrove,28,112.82619821184164,-7.34553395,0.0340131042918983,0.0554269820550988,0.0220972020601923,0.0963174776539674,0.2772311352473411,0.2890198810064143,0.2990578991528406,0.3327501332099763,0.1334052639481168,0.0454953761264553,0.862389216874191,-0.6872815438003044,-0.4129500290895232,-0.3830444970939827,0.5127795833506305,0.5885053441947411,0.5059227483641903,-0.3634428559368413
4,Lahan Hijau,29,112.3013255076534,-6.942791052150697,0.0403789424664758,0.0681401451984049,0.0397849899323213,0.1146099450663923,0.2730709721609946,0.3300740719180533,0.3696546305216977,0.3709304939518633,0.1714733687442337,0.0890129501839172,0.8056612582288191,-0.6887119293249617,-0.4312495627409242,-0.3662373074024444,0.5266639308045932,0.6316812620632555,0.5440762088604009,-0.3199385085511558
3,Mangrove,20,112.68035424705177,-7.0379107,0.0373182501302934,0.0679004706315686,0.0385075606052954,0.0710111646858908,0.2395847460813879,0.329602821552205,0.2842918685988445,0.3391626154670503,0.0996959356750123,0.0511950910890134,0.7614149375608064,-0.6144125616863418,-0.1897144786957205,-0.4807338420348529,0.6002783070578371,0.4973577180772081,0.4480757386364854,-0.3988716646552342
5,Perairan Terbuka (Laut),17,114.57397001460036,-7.079923033784266,0.0412646960080764,0.045806132697237,0.0298306372955875,0.0371959877328376,0.0415861262522933,0.0309906641415403,0.0344324681471936,0.041691561649147,0.0185456182228404,0.009449392065715,0.0716092188245446,0.1417480400779546,0.4236172856374316,-0.299875867797735,-0.0385813084075307,0.0127272725622106,0.012233205061303,-0.2201995277352238
6,Danau,20,112.41326168457353,-7.25383455,0.0522773451740677,0.0452624874752026,0.030307628460245,0.051380920309815,0.0303579663178437,0.0255313752857203,0.0195496482828729,0.0434072753033637,0.0100572166679494,0.008106444890901,-0.2157755229397189,0.3967287683834293,0.6363965736287232,-0.3206158879055502,-0.4487666207917142,-0.0332317323526953,-0.0293475615374951,-0.2804317002474291
6,Danau,14,112.46013493488196,-7.213244613266404,0.0298884548003161,0.0238952065199836,0.0369233087694191,0.033234981558298,0.0489230261221657,0.0388658021346371,0.0375509960632948,0.0148349430942763,0.0144292003821886,0.001,0.0084282396036772,-0.2222397600984959,0.2469968006278977,-0.4448193123036181,0.0609727320161703,0.0015162591864515,0.0016389435226135,-0.1354211309799176
3,Mangrove,15,112.84160709618628,-7.306784199999999,0.0302630535250958,0.0446040231882721,0.0226479247764093,0.0818213542002808,0.2408193504833469,0.3060262337897962,0.2831523302686806,0.3347933101008504,0.0904726587166835,0.0544457453017513,0.8518776565506216,-0.7278220661065451,-0.3395747847960265,-0.5157033836509298,0.5516314849102225,0.5463292130636451,0.484929864183949,-0.4695847834477916
6,Danau,23,112.42377848043944,-7.273038642412899,0.05950302964369,0.0866615045348955,0.001,0.0385374515662486,0.0192157945219565,0.0260284234364289,0.0137242239557611,0.0421763864771903,0.0183114513954801,0.001,0.8641693531571958,0.7265702102201984,0.6511205851307897,0.1431912156130035,-0.474788205465194,0.0554721014751718,0.0370807027245761,-0.5826297398941821
4,Lahan Hijau,7,112.45786550207154,-6.925190194763031,0.0300497583750331,0.069398645846865,0.0438183118826908,0.0926783683699209,0.270255915510975,0.3518875408283125,0.3338580167123145,0.3633614429959549,0.1750115522778245,0.0950938893488277,0.7679583868563927,-0.6558090535474536,-0.4321133357330946,-0.3121555577347021,0.5654374543697064,0.5287312704144039,0.4956947602094771,-0.2489592243691764
3,Mangrove,31,112.83302668593096,-7.355438449999999,0.0356266224563128,0.0322136562751656,0.0158211517218993,0.1202752205929016,0.2873731852671067,0.2817651544729205,0.2950591269388096,0.3306393378461806,0.1367184039137235,0.0426069657826339,0.8982170741793826,-0.8031387984030841,-0.6186199760015194,-0.3667183013106964,0.4208269962833643,0.6217522383698171,0.5165459980321272,-0.3686607293455053
1,Sawah,39,112.63217760321405,-7.41953337913862,0.0566999227291835,0.0971222115215482,0.0880405120980422,0.1236009252541135,0.2474741666778219,0.2839161359932681,0.308587761554546,0.2787499739562723,0.2023889913539936,0.1154082142731006,0.5560552879133086,-0.5212234441969514,-0.3514619101734425,-0.2078348366891873,0.428023318329726,0.3906031336911795,0.3689610108290396,-0.1141622975844536
2,Bangunan,37,112.71363044771724,-7.14414334454741,0.1001199104432322,0.1182699750778899,0.1559646827937077,0.1453233867993784,0.2122167117989924,0.185628862172501,0.185712438792565,0.207876439609589,0.2881570471299746,0.251887611175089,0.0870639385326305,-0.2218630434376158,-0.4180014180927064,0.2161873916016785,0.1220080992712996,0.054260414776238,0.0530151442327308,0.2168484086742856
3,Mangrove,8,112.77396203828806,-7.206461450000001,0.0443820998401644,0.0784796910489753,0.0290436860251402,0.0968392153138485,0.2550641949192768,0.2961626529863612,0.3128135979086525,0.3334651496588327,0.113529345637548,0.0331216473443024,0.8300829743571785,-0.5988702410027337,-0.1825416918436687,-0.4674271142993174,0.5272132281202844,0.6146410107887456,0.5056140464049766,-0.4294439668312383
6,Danau,14,112.46000298774564,-7.214222100000001,0.0305466558873946,0.0626851305267998,0.001,0.0342826703844635,0.0451452860777823,0.0082282001344009,0.0234377425217625,0.03098961754659,0.045715704805349,0.0065479571033254,0.9181593424033224,0.4557138674088682,0.1565433099561622,0.3221525870728323,-0.1878872157833079,0.0700883485282101,0.0641765667375613,-0.0721815896865886
2,Bangunan,36,112.71359199562109,-7.143990331214932,0.1261543280093734,0.1315290564824455,0.1316424420942035,0.1795677054567332,0.1588922626924832,0.19513649705601,0.1596168413111547,0.2160988674768373,0.2539079953179352,0.2245724363858809,0.096046377625573,-0.0964732285259537,-0.3175069390613833,0.2280181150602486,-0.058820085634418,0.0697049933380036,0.0530314142348331,0.1486310986303669
5,Perairan Terbuka (Laut),8,112.96060000068236,-6.059456835702129,0.0359510327358462,0.0501789429979485,0.0301958088851316,0.0094932917394865,0.011907087953444,0.0151507610222545,0.0262021931608358,0.0269202516797855,0.0012802227705219,0.0170330440381282,-0.0708112966524854,0.3139093070487914,0.9502431403026008,-0.9068332837159472,0.4680956429058847,-0.0106468674889256,-0.0107664361921068,-0.3276453826010064
1,Sawah,3,112.7295119194574,-7.14131754146091,0.0583271852291724,0.0806632550435027,0.0578631102258844,0.1310150688709406,0.2295797332265638,0.272897723697198,0.303097879607106,0.2821434083218814,0.2163343352868804,0.1360269310086644,0.6793941052059194,-0.5796173814904396,-0.4568086887023125,-0.1670353544993321,0.3964010079475127,0.5055041828017043,0.4272576323617039,-0.1372317968071679
6,Danau,16,112.43221413998025,-7.2341984,0.0258957741794306,0.0467863318494363,0.0321880796742389,0.0294816101105284,0.0365822478504254,0.0517813219805897,0.001,0.0130777989436189,0.0127526216705403,0.0034480665983825,-0.9397373707858788,0.958147008135118,0.571620890109463,0.8545731204940117,-0.9343866374796314,-0.0779772037452717,-0.0877403702272205,0.2511944911338646
1,Sawah,32,112.62226635920317,-7.411182401844797,0.0618559021544925,0.0946937801173396,0.0893752969848801,0.1566748136007973,0.2170037579201084,0.2702084731399877,0.2701691654492799,0.2885288964720123,0.2002610562058479,0.0977165699515339,0.5028414753979569,-0.4809350661205074,-0.3579099669853398,-0.1486046301380632,0.2658918882612973,0.3366734488980576,0.3155052641821569,-0.0681861748645819
3,Mangrove,33,112.83765812565072,-7.3533251567997455,0.0278082895260818,0.1118106960336627,0.034276857620134,0.0942906272940045,0.2813004187668065,0.2723844574906073,0.3014148023457164,0.3599164274202161,0.1082570107346036,0.0240004843302788,0.7957836782628863,-0.4588393179917961,0.0161481452008447,-0.4714939738891635,0.5234302059409763,0.51431480654127,0.4794913438585085,-0.395731783229401
3,Mangrove,3,112.76817915873264,-7.199014249999999,0.0154876488393714,0.0921517023716547,0.0273326141206696,0.0883784200663246,0.2814664874838394,0.3042271282302533,0.3086723237529678,0.327929293870777,0.1052199036413479,0.0474562044125406,0.837308256763757,-0.5401887280424769,-0.0662111509728566,-0.4915589280352238,0.5548255646438957,0.5184988987255835,0.5047931481383596,-0.4195362694418973
1,Sawah,26,112.61031223948186,-7.412668610337383,0.0433089593231175,0.0947028630750773,0.0742175974846522,0.1195366419010553,0.2170109017425157,0.2452875555142884,0.2743609976680023,0.2846811867912296,0.1744170670790472,0.1119642769084589,0.5741700792658551,-0.4867941654986321,-0.2962032713895045,-0.2227023516013096,0.3930573322126902,0.3587186580054031,0.3537858508215355,-0.1219048718267131
3,Mangrove,19,112.8755929848478,-7.570725000000001,0.0407658841312509,0.0617005580703783,0.0111591781069794,0.0974518827463039,0.2807191852333839,0.3251489219736854,0.3107602268641301,0.3121448476774744,0.1173591035368383,0.0627629135578878,0.9306709791333244,-0.6686869549739528,-0.3108379891709723,-0.4517458314587434,0.5225429098584269,0.6987152702256921,0.5467708517619467,-0.4645566791457539
2,Bangunan,43,112.7130031474052,-7.146058399999999,0.0824548599846337,0.1313229283871106,0.1355814686800758,0.1222585720634085,0.1380774568702128,0.1647282358272197,0.1879683484288887,0.2017069934801044,0.262765500607635,0.2692641522403003,0.1619128703424895,-0.177409857322885,-0.3335357300955952,0.1659452738521531,0.2118119731498278,0.0946947728234424,0.0954165953179032,0.19128209502795
1,Sawah,11,112.34128372600168,-7.449413175586439,0.0419736926993493,0.0739525598460492,0.0781169625732706,0.11758623638898,0.2238419901797748,0.2713438915105265,0.2849390802723339,0.2809310207573068,0.1823642330695399,0.0912510379872268,0.5696699482215967,-0.5878836290775831,-0.4229596959580924,-0.219503787057995,0.4157573115044778,0.3593561169380559,0.3594589008678012,-0.1130954363942
6,Danau,16,112.43194793896788,-7.235129470841794,0.0470374477327519,0.0495031091095698,0.0227303371557644,0.0583980211840989,0.0532676569933839,0.0488307369136164,0.0072036500414726,0.0225712706970951,0.0472060410547207,0.0136170953800003,-0.5186975758788102,0.7459332706617271,0.0237523339538651,0.7352070830051025,-0.7803821062151325,-0.0490850802251255,-0.0439489280440684,0.1263939388798598
2,Bangunan,24,112.71363702924332,-7.14550705,0.1340948773896908,0.1295990424870118,0.1621011962216263,0.1627437209519305,0.1689017251402426,0.1857190708512146,0.1677626002802335,0.1855433721914841,0.2789945683575405,0.2605851351429977,0.0171628535822432,-0.1283405529702193,-0.3656335330258797,0.2489763469660546,0.0151854260893001,0.0124738094534573,0.01023313238113,0.1874119107419521
4,Lahan Hijau,4,112.46110811478894,-6.91855,0.0691714335647573,0.0646880987097386,0.0471222448429463,0.0896197757615167,0.2908341122076701,0.3442935085852698,0.3357498523943875,0.3891650293973789,0.1555650365240955,0.1139554178977647,0.7538486321678299,-0.6769132452614391,-0.4126022419852234,-0.3667399860406989,0.5786263516774498,0.6561522356230152,0.4903784055265917,-0.332835998592331
2,Bangunan,18,112.7133289570388,-7.1448909,0.108829602276061,0.1186814026894617,0.1254590213339207,0.1456474493068053,0.1917058804404665,0.1776536778128505,0.2046053114084746,0.1922954560892763,0.2643680780169724,0.2758901508452736,0.2397904953169678,-0.2657823681155073,-0.3803338270515235,0.1274331717504946,0.1683294710166942,0.1733934242384033,0.1430243782666839,0.1086254968159121
3,Mangrove,13,112.8268031107016,-7.259718763716798,0.0474369450702299,0.0705697174833097,0.0155850548711352,0.1211163820788129,0.2784398739697312,0.3089937677968556,0.3030652153081343,0.3333916201506656,0.1088189631164093,0.0596117770137896,0.9021808121269904,-0.6222531053656755,-0.213219949508562,-0.4716040622466066,0.4289408921113636,0.6905279274756697,0.5267453714527808,-0.4760901251963162
6,Danau,11,112.4933282012896,-7.211917016346016,0.0289457711697847,0.0290089142257636,0.0357797392721023,0.0398497465732555,0.0587148811290567,0.0262015694607383,0.0375200507798988,0.0109936739530503,0.0045798605315523,0.0208249293971423,0.0237423802008094,-0.1279312916634051,0.7272981269312965,-0.7824289515060749,-0.0301111783014187,0.0042032237480774,0.0045534069730916,-0.244382109362755
1,Sawah,6,112.60932068984329,-7.417015827068049,0.0464624863427872,0.0753995406826109,0.0715703504483219,0.1554488002445627,0.2098946568796819,0.2815478533958303,0.2416024325814284,0.2932590973734293,0.2336262424141309,0.1273300278670096,0.5429337758703645,-0.5242960782331995,-0.5120177987542504,-0.0167838991420038,0.2169836660792817,0.3214081229276886,0.3136456710336415,0.028877103215016
5,Perairan Terbuka (Laut),19,114.88262214250572,-4.742335292254172,0.0558143865727212,0.0559846945210885,0.0345561375367699,0.0553135518120962,0.0365369977155208,0.0040976915360259,0.0319358162132082,0.0333856006176717,0.0147245093072768,0.0269713655575409,-0.0394080958127124,0.2735297808611263,0.5835192930533417,-0.368863833354771,-0.2679416007250197,-0.0079823135715988,-0.0069382838702723,-0.2807364601841513
2,Bangunan,6,112.71451258691854,-7.144655569730384,0.1006180910017243,0.1190772648059304,0.1505622221245967,0.1446223120833373,0.1852546557235678,0.1869949315825562,0.1602461238955058,0.2181239423822075,0.293511396211966,0.2550275095432411,0.0311571483319355,-0.1473877971106537,-0.422779750061259,0.2936927017566647,0.051247718415838,0.0184950760320619,0.0179152727369722,0.259894411311411
6,Danau,8,112.49153068406105,-7.17953247400832,0.0202213636797026,0.0396960725020742,0.0362020993965825,0.0379343283882914,0.0010871829642487,0.0081666461803186,0.002791002628078,0.0167554214082903,0.0262163499421795,0.0132840827060745,-0.8568463183700502,0.8686187244550196,0.204509587957956,0.8075658214515802,-0.8629352793511319,-0.0781843592206096,-0.0929819787386885,0.4612630965945007
5,Perairan Terbuka (Laut),4,112.34092264484784,-5.935797073780116,0.0176366423854706,0.0504847320678136,0.0505611676121246,0.0306357184304418,0.0149581309606048,0.001,0.0267838118405329,0.0299191266332456,0.001,0.0270179867304582,-0.3074195071540001,0.3067343930883388,0.9611535132683764,-0.9280156034926113,-0.0670835603260331,-0.049623992339545,-0.0617759483960529,0.0743966727689507
6,Danau,1,112.51865033042174,-7.19409185,0.0274259910243739,0.0628243962974703,0.0101047699792598,0.0366867519017371,0.0231641248373923,0.0279163228094234,0.0327260967344425,0.0383124222762325,0.0087697653720698,0.0120504880499081,0.5281547622708039,0.3149988900421093,0.7550144999237217,-0.5773185462098019,-0.0570593944500753,0.0637105768583464,0.0625093232781664,-0.5223246326447497
1,Sawah,28,112.61526984657937,-7.4145312,0.0586610386627887,0.0806983620999179,0.0814278216106369,0.1476325986476317,0.2328863167665227,0.2869807843262127,0.2348355315931698,0.3138567844687403,0.215625932278385,0.1361676503361777,0.4850631852961177,-0.4884963932105534,-0.4553375213672966,-0.042644267740554,0.2280005203639706,0.2988202635739854,0.281908484646063,0.0060235063492517
3,Mangrove,0,112.76013477089109,-7.1962173336980495,0.0313826566129024,0.0577324742896417,0.0295296794898524,0.0783482980459474,0.2455605428737107,0.2977599714439275,0.2975209804496634,0.3215071608771,0.1073447962088534,0.050915222831213,0.8194183133278325,-0.6749786730744292,-0.300539992385711,-0.4697264988428181,0.5831087943601824,0.5405975173763358,0.4860487644966206,-0.412276050957349
2,Bangunan,44,112.71361141814695,-7.146156599999999,0.0808075480612915,0.1045195163225763,0.1390502021043356,0.1545142482153068,0.1909870457254413,0.1943152249363754,0.1874290941910289,0.2021844547151582,0.2658984466547724,0.2270702646702993,0.1481836443764615,-0.2839868887836409,-0.4356671274778252,0.1730963712115128,0.0962581860720971,0.0854343981441065,0.0878041814904771,0.2030822837770297
5,Perairan Terbuka (Laut),7,112.96060000068236,-6.547101285702128,0.0572046172583628,0.0365386891884285,0.035084077836931,0.0664120806650641,0.0215363421607836,0.0419276128909039,0.0088950595124193,0.0193687092254542,0.0192934780918831,0.0159599246239429,-0.5954872993753996,0.6084382173609884,0.30887589767182,0.3688881756316622,-0.7637658295524592,-0.0828383776301533,-0.0722151361873629,-0.0972973937233358
1,Sawah,18,112.5744275220032,-7.21130441842787,0.0282949313537747,0.1058353991299347,0.0740929377703866,0.1356953137092097,0.2253646645220562,0.2674069337633484,0.28446826023359,0.2895149432195718,0.2179604090703709,0.1170599355323247,0.5867208249180085,-0.4576766227026375,-0.3462830795041999,-0.1323727229239981,0.3540833984588832,0.3467388488249293,0.367548620213027,-0.0342415317646391
1,Sawah,30,112.61123185991968,-7.4186645,0.0330807046474149,0.0725989798942598,0.0721212921001081,0.0951194293768857,0.2335523917518204,0.2985436119341125,0.2631984255244711,0.2938971178520826,0.2253738253968809,0.117540697499595,0.5698356607482754,-0.5676024947987196,-0.5127140540246118,-0.077418641723597,0.4690779244723344,0.3299391767183084,0.3431209560712885,0.0020478950170524
6,Danau,7,112.53425727541534,-7.17839445,0.0498919360505502,0.0222936562111954,0.025298612509746,0.0219772080112191,0.055666523405443,0.0336641742341386,0.0084830666040284,0.0305123691531118,0.001,0.001,-0.4977711543382075,0.4487348845212527,0.9141396740809444,-0.7890976756139135,-0.44300785645012,-0.0534787623861705,-0.0472539988642063,-0.3788239075863073
1,Sawah,36,112.62619102572198,-7.416026340146317,0.0622297410825745,0.0694734958059982,0.0814893317908935,0.1185701271425951,0.246359899041322,0.3031596131608986,0.2681687416804291,0.2571118476378888,0.2017789060013276,0.1384781270143395,0.5338913170296206,-0.588478641668578,-0.4877575602134208,-0.1412707050781733,0.3868207367061186,0.3616747928279959,0.3295668264414538,-0.0768010441422334
3,Mangrove,24,114.42760975925418,-7.7900133,0.0409030929554463,0.0778590101830187,0.020208055592313,0.0980912003652206,0.2574282525276831,0.2806388019462657,0.2960461477476263,0.3500456918681524,0.1135600715569077,0.0298090800823251,0.8722037157767452,-0.5835360447783461,-0.1865073265573764,-0.4455158812164617,0.5022486395363875,0.6209653432486979,0.5068974059061053,-0.4316414200930158
3,Mangrove,2,112.7676598090336,-7.199886006278468,0.0267060901611186,0.057640232507273,0.0275956058576547,0.121238714118659,0.2417630255223669,0.2876306614319308,0.2608170630252099,0.3227862500073879,0.1040653466881099,0.0423503423549861,0.8086380437526386,-0.6380033766857425,-0.2870965499443075,-0.4295951565071639,0.3653350031366115,0.4755370770411646,0.4437171034390212,-0.3718227817739704
2,Bangunan,34,112.71309480543368,-7.145262801657106,0.0759061477255692,0.1153026909163757,0.1424827319302514,0.1716824457568154,0.1836515224240965,0.1842585900176321,0.1887787129703828,0.2009620520356723,0.2498922246772916,0.2360810341343812,0.1397566230934655,-0.2416327367382753,-0.3685416407662275,0.1393151593203511,0.0474288747961252,0.0785008148287765,0.0835404697116659,0.1943355724312623
4,Lahan Hijau,15,112.39249848491748,-6.919571974815603,0.0430000796232738,0.0202466467905273,0.0348924085745224,0.1098092173138441,0.2764446419044035,0.3607250871649036,0.3272496374843155,0.3604102644081859,0.1789283189542859,0.0904734850093487,0.807299873859423,-0.8834712879044804,-0.7966948595857658,-0.2930220811680066,0.4975083270498668,0.6020022817139149,0.5086584575817815,-0.2678255521186961
5,Perairan Terbuka (Laut),24,115.43788444989444,-4.965114249860644,0.0200613862082031,0.0727908151346826,0.001,0.0440699841758012,0.0198702706098163,0.001,0.0266920674085968,0.0372625962372808,0.0154583050573235,0.0187724145558941,0.927777117603136,0.4633837106865814,0.6496666403353639,-0.2665163183039404,-0.2455824291766796,0.0728041971785273,0.0730314202033565,-0.4792644393330817
6,Danau,1,112.52480572180812,-7.19916801299119,0.0391302361937068,0.0525147719709005,0.0485875809313204,0.0386365578987679,0.0304986977451699,0.0558236537594537,0.0443288619193284,0.0298773628961501,0.0131967263404157,0.0319476025031274,-0.0458338571247658,0.084527083900255,0.5983434565114808,-0.5411875998061032,0.0686105604531441,-0.0102139548802264,-0.0107739945400655,-0.1492308076545612
5,Perairan Terbuka (Laut),20,115.60911912849772,-8.599944249440096,0.0442600960870369,0.030060519156173,0.0321935558544826,0.0269359576828905,0.001,0.0276149265333307,0.0344801316836416,0.0579253471281342,0.00413203745019,0.0019193215517639,0.0342950252085055,-0.0684779654602464,0.7583077582110367,-0.7859722498959145,0.1228370929462845,0.0063821576782157,0.0060526257335845,-0.3686119275125025
1,Sawah,38,112.62859725238556,-7.415227425455534,0.0597731093096593,0.0893240196968145,0.0694412612117181,0.1329633442379125,0.2122222312920152,0.2372033703187415,0.2722512169551754,0.2948598538440821,0.2281389685263806,0.1435700372412355,0.5935452727491799,-0.505917380975146,-0.4372634087810814,-0.0881557025307903,0.3437385664607262,0.4086931320008954,0.3614324013893173,-0.0547075082980626
1,Sawah,19,112.54703340139204,-7.2070052,0.0251249665162663,0.0798814322694014,0.0741076359746268,0.1254885312272989,0.2022175721689819,0.2651145283488941,0.2650904185461746,0.2877789139317837,0.2015479286186239,0.1133548177013779,0.5630420913773064,-0.5368814449701448,-0.4323162854543618,-0.1361707415977522,0.3574229667072904,0.3138482053644834,0.3413665848175781,-0.0257299309185588
5,Perairan Terbuka (Laut),20,116.14382690205404,-7.892071724467415,0.0771690152233868,0.0447242125771751,0.0259646125316002,0.0515588862065411,0.029883658767213,0.0530165470813189,0.0237308339047852,0.0140445380063191,0.001,0.001,-0.04494936140125,0.306673933400194,0.9562594773418176,-0.9191292567476964,-0.3696129018808312,-0.009295777358418,-0.0060954988111041,-0.578231316650524
5,Perairan Terbuka (Laut),11,113.957961477699,-7.578852469905382,0.0743717755984969,0.0873388125353503,0.0367113106680356,0.0101401185790483,0.0084020732473568,0.0276367635357645,0.0401167341752192,0.0018066404818721,0.0081350076872664,0.0129389809666595,0.0443252652049925,0.3704984146109086,0.829586622110829,-0.6628097679103236,0.5964682099429163,0.0121172841300588,0.0088555598266091,-0.4370807801351618
1,Sawah,37,112.62723040354808,-7.420092,0.0678443300793146,0.0777046118569068,0.0782530374403966,0.1194539637865329,0.2282095070108468,0.2456862972253777,0.2348348503737169,0.3041414870183791,0.1952250760841333,0.1131670823249485,0.5001209517442753,-0.5027532743948666,-0.4305887889412206,-0.0921029181298591,0.3256690068948282,0.3274343683603676,0.2888651066140055,-0.0506824563067257
4,Lahan Hijau,15,112.3808584822046,-6.927762662931822,0.0221871013601924,0.0627050301099587,0.0197230611090503,0.0820148441122748,0.2643831529607681,0.3433353582170647,0.354054534933838,0.3886759729702526,0.1878449299237099,0.0735161315161418,0.8944663256166886,-0.6990829450889239,-0.4994608632045847,-0.306716679905015,0.6238449734599478,0.6399964119734426,0.5739414846619232,-0.2889189165048408
3,Mangrove,34,112.82985739110748,-7.340062404099607,0.045257660214303,0.0485021932953169,0.0352465772657258,0.0989302589931109,0.244208254053325,0.2908634528426502,0.320743083585611,0.3330248631395172,0.0948627448794973,0.0545799243102303,0.8019797677133386,-0.737290106599778,-0.3233744027725632,-0.5434965601825782,0.5285368441583961,0.5983796046336424,0.5002919767207359,-0.4754820298391103
5,Perairan Terbuka (Laut),0,112.35133058956008,-8.959991824981786,0.0880248911914974,0.0528463484174397,0.0399389722563787,0.0047028494071478,0.0127265001083174,0.038432225040749,0.0260347308703492,0.001,0.0201103480347429,0.0387724659194315,-0.2107542932457007,0.339899218535944,0.4487045264645189,-0.128386013152239,0.6940000018419925,-0.0574098161912854,-0.0368504083561181,-0.31020980732294
5,Perairan Terbuka (Laut),18,114.88262214250572,-5.743850840094792,0.0604203278359581,0.0271012121496847,0.0201765653803504,0.0173927225650662,0.0203254725658987,0.0444178095304109,0.0503388410699735,0.0077856867039007,0.0178983587574036,0.0183819677821347,0.4277402170705962,-0.3000724774078201,0.2045097986994737,-0.475407577087403,0.4864219316714736,0.1049859141432483,0.0793027024737746,-0.4883574911729793
1,Sawah,30,112.61087619373616,-7.41920065189535,0.0143406426240502,0.0682283112926601,0.0720730769402992,0.1270753017082032,0.2371641609463515,0.2818404983350456,0.2791267760464452,0.286785875861683,0.1823049448331928,0.1131677812671777,0.5895608917706469,-0.6071552478537336,-0.4553352910078017,-0.2098291613304121,0.3743247075554312,0.322712522284146,0.3648738278906347,-0.0713511401937986
1,Sawah,3,112.7331874614315,-7.1417604907716585,0.0508461735075435,0.0836805651349299,0.0433540255548655,0.1201905529954461,0.2332295394491227,0.2546320663063049,0.2836209426527698,0.2719595512114845,0.2057045079620223,0.1112092254003666,0.7348174622667526,-0.5443494587804846,-0.4216663323354778,-0.1592323359302491,0.4047195065367281,0.516748034750418,0.4358056646236572,-0.1463664580028416
4,Lahan Hijau,10,112.4638443006633,-6.928993374886579,0.0351798620494413,0.0569821535475787,0.0705569184543972,0.0735699964449458,0.2764798477611661,0.3681762336079423,0.3180116275744969,0.3703437886210062,0.1720644225364854,0.0866506541691902,0.6368366946120806,-0.6960901392811428,-0.5024404662754224,-0.2978052175925659,0.6242418323827481,0.4187039090207221,0.4177303656977293,-0.1855786629055627
2,Bangunan,1,112.71438849505952,-7.145326949999999,0.0809636557771028,0.1195884996872441,0.1445665328422072,0.1489559032519249,0.1704249011762441,0.1560007599887348,0.2011485932591254,0.1897757817120435,0.2904710024716775,0.2395128851412381,0.1636667185822429,-0.254289557120945,-0.4167261128397909,0.1816900908884285,0.149077462238408,0.0967995476927729,0.100356595271784,0.2132403709819118
2,Bangunan,2,112.71460053229671,-7.145320501323998,0.0759241603149411,0.1410520557715125,0.1348865513083247,0.1616073260925898,0.150811190417371,0.1878930302718584,0.1702293856489867,0.2015025445699021,0.2557385149195882,0.2688751920260377,0.1158341140003205,-0.093732956422309,-0.2890352425948226,0.2007407810675982,0.0259828380204315,0.062659378673772,0.0658467297409911,0.2268787256214909
1,Sawah,5,112.59279337992542,-7.429273550671041,0.0582961518053786,0.0837337039801254,0.0851300253393226,0.1372668015887263,0.248265877811767,0.2837913551497048,0.2928255067910544,0.2953819412585938,0.2235788910224093,0.1153930939037132,0.5495235900676351,-0.5552693873227719,-0.455058428653313,-0.1340937759781912,0.3616867863242036,0.3800092111116715,0.3548507991306026,-0.064278231079413
2,Bangunan,35,112.71293251824756,-7.144819159678806,0.1082538061455054,0.1509269872909741,0.1540913063269727,0.1746398492472376,0.2163276829229042,0.1877393771515176,0.1872696526696755,0.2105602261148248,0.2448655103361762,0.2333414754537186,0.0971943198865756,-0.1074601606789169,-0.2373428586217226,0.133282043360213,0.0348976838702614,0.0638087361129854,0.0591512108826675,0.1489363504640803
5,Perairan Terbuka (Laut),22,116.61922350063458,-6.960641799999999,0.0578479917090462,0.063550656477212,0.0374570436057914,0.0379737897861412,0.0052302112251143,0.01842534972973,0.001,0.001,0.0211096406476461,0.001,-0.9479938975940232,0.9690165665515328,0.50130954850848,0.9095416817751576,-0.948683436749212,-0.1150961528919699,-0.10155975496668,-0.0023958457569885
4,Lahan Hijau,27,112.29309378591044,-6.960480695838939,0.0574279954129532,0.0723089894249648,0.0587806534554799,0.0992091793599379,0.2952084525115414,0.3279313394763964,0.350695713478068,0.3684325585685008,0.1552289725136559,0.0731378922275345,0.7128984304900389,-0.6581173246643587,-0.3644226309218523,-0.3863554121596157,0.5589771028556115,0.5734305358682433,0.4814557100700075,-0.3120136339479455
5,Perairan Terbuka (Laut),16,114.49543379063306,-8.005646849696378,0.0519885456484347,0.0555648233740933,0.0390352925833878,0.0119397462924591,0.0190225757278896,0.0450542063118162,0.0457147201997647,0.0348098464104042,0.0150623970822825,0.001,0.0788132923903399,0.0972565903191376,0.5734676440135441,-0.5043398565761944,0.5858171166330004,0.018762176070333,0.0171340593510698,-0.2872549500605085
6,Danau,22,112.42030989486048,-7.238770799999999,0.0251310465615447,0.0393723276977162,0.0216009630845767,0.0661347076929435,0.0346111614974103,0.032619177712518,0.0160662971219458,0.0666896791715704,0.0395751573326963,0.001,-0.1469357151369563,0.4203933671008245,-0.0025691715490725,0.4225062054660761,-0.609097298441191,-0.0144555167616747,-0.0154407745428976,0.1951558122421459
1,Sawah,38,112.62858534765076,-7.416173771184244,0.0630790154977917,0.0715729018471161,0.0607571089001395,0.1120845177891331,0.2140329088081074,0.2425740703283775,0.2809474318352329,0.3171337181312415,0.2313799341520545,0.0956087326706022,0.6443880488589354,-0.593936035425534,-0.5274980551028009,-0.0967496582793484,0.429641696502908,0.4695300202294257,0.3924007397109672,-0.0815661460984559
3,Mangrove,30,112.8385033366887,-7.34037245,0.0407752183034124,0.0587158905338827,0.001,0.0801657040614972,0.2792418928415407,0.2881536587981282,0.2895112185275393,0.3275152428647397,0.0940693061173016,0.0315984689817254,0.9931155808603446,-0.662772430190595,-0.2313929367956989,-0.5095199034979117,0.5662931633210836,0.7287866762286969,0.5474518484347511,-0.5529891956561079
6,Danau,22,112.42015114247494,-7.239702574971607,0.001,0.0337745042347562,0.0290842802143363,0.0409582633825499,0.0552562218393747,0.0387411966098714,0.0212229541884723,0.0295141308482784,0.0365627507325453,0.0011483432176384,-0.1562663096653715,0.2282205428744337,-0.0396411042689153,0.265460052786059,-0.3173837639018975,-0.0165400113058309,-0.0214280102125001,0.4941855423935016
2,Bangunan,23,112.7131841989936,-7.145312411120414,0.1176767627547749,0.1229885706187385,0.177077136140832,0.1625576227902947,0.1656490133909412,0.180061993239823,0.1838473796766531,0.2065288093575659,0.2911506698878853,0.2273201930253364,0.0187580594289323,-0.1983431498199035,-0.4060520772129175,0.2259025907236914,0.0614591494732544,0.0124112201745641,0.0117958835149311,0.2165680304079835
6,Danau,11,112.49261848535365,-7.210684751051586,0.0350844284886167,0.0446291858118397,0.0231936339785588,0.0199590736741689,0.0311646086479075,0.0272816484181213,0.0151752747703705,0.0329815601623307,0.0312200339410384,0.020523482079107,-0.2089806372048928,0.4925035735165068,0.1767869430654952,0.3458271810333965,-0.1361573212377177,-0.0224930555266227,-0.0223407009892755,0.0396850180151156
3,Mangrove,10,112.78100955161878,-7.21148475,0.0292428889082786,0.0466270581799194,0.0188847213033165,0.0882821346077949,0.267835403207517,0.2965181146425696,0.2973214204815921,0.3389541884596332,0.1078694058765059,0.0458261934731424,0.88055436471288,-0.7288718430980923,-0.3963996695602029,-0.4675624466633176,0.542109331132153,0.5843087600609731,0.5117028987971964,-0.4407722379024777
1,Sawah,26,112.60874449730996,-7.412249076870524,0.0638395958418178,0.089900562376855,0.0987466731510311,0.1185484102403401,0.2093127612297712,0.2550849733725732,0.2799066384982265,0.2974688440140406,0.2115338498947112,0.103155644263393,0.4784322737854978,-0.5137976631010943,-0.4035149344685975,-0.1391273004142867,0.4049596770420061,0.324987986475566,0.3092686778938206,-0.0511687188103728
6,Danau,20,112.41457521521652,-7.254431825906158,0.0393682263883254,0.0818055537356378,0.0232434204326122,0.0418942170585635,0.0200898458434229,0.0321495175297154,0.001,0.0402743183498251,0.024852111252385,0.0091366800630112,-0.9175033521749696,0.975847018881944,0.5339835815425433,0.922636843733514,-0.9533736459009604,-0.0657934552883124,-0.0636443479278862,0.0873499541237796
4,Lahan Hijau,29,112.30090009825852,-6.9412672,0.0444689976545262,0.048746713946368,0.0667843112293195,0.113302394931988,0.2698247518173828,0.3576889249014684,0.3438654358191483,0.3722506285703789,0.1913724632584225,0.0958395808665661,0.6747383284821242,-0.7516800519223791,-0.5939789998382106,-0.2849069031520849,0.5043290994556884,0.4909116869040876,0.4564012544140335,-0.2013602925785516
4,Lahan Hijau,25,112.28846027094296,-6.937432094798524,0.036130718601384,0.0555077116381257,0.0295501013124183,0.1064272439298375,0.2835196928155714,0.3261402545259587,0.3152271100714097,0.3863702667980863,0.1677707035680819,0.0945306173265048,0.8285843683919502,-0.7005530166686545,-0.5027937488873812,-0.3052941484080809,0.4951920065925906,0.5846621782654624,0.5072526902525419,-0.2807417932679345
3,Mangrove,8,112.77506683689106,-7.207359636226475,0.0348462488690685,0.0552581269204726,0.013475672556386,0.1099874964671007,0.260187706391323,0.3133253628725197,0.3118511332420834,0.3086735689642932,0.0884866668881359,0.038666889218892,0.9171560856665966,-0.6989554159136051,-0.231163431078711,-0.5579399839919011,0.4785328371553236,0.6593301612357908,0.5422860228022611,-0.5454803058151958
6,Danau,22,112.42045302340826,-7.237848724367144,0.0386990076259392,0.0272245227869001,0.009238148594872,0.0340155283700962,0.025976502007001,0.0041707309568009,0.0322901138026166,0.0137051916317778,0.0423995234318863,0.0373094889580858,0.5550909988000744,-0.085115044313212,-0.2179563132447658,0.1353522371808687,-0.0260221375575121,0.072265347962412,0.0638525266595156,-0.157807675620594
3,Mangrove,22,114.35062324377444,-8.5293607,0.0117799750903715,0.0707117062282995,0.012243613544097,0.1246410145290644,0.2342636257343252,0.2836116859442488,0.3062605620454774,0.3549634987724646,0.1147256455417425,0.0584428688027358,0.9231180314481447,-0.6248439872539007,-0.237352068803657,-0.4549671998674337,0.4214873116471579,0.5691947219116035,0.5388187817544078,-0.4293642055588817
1,Sawah,13,112.22688658274036,-7.38635395,0.0382934981803332,0.0876473106166417,0.0782778815729693,0.086242601789544,0.2478545855526517,0.2242855115197087,0.2607592646166581,0.3053802205138663,0.2052406991212133,0.0980072102629568,0.5382341863017881,-0.4968676420277934,-0.4014960810731912,-0.1191385615805237,0.5029271575153341,0.3160999547427753,0.3262335592751817,-0.0266648578748348
6,Danau,29,112.42501799224895,-6.984381523089263,0.0459791905754879,0.0612920273441265,0.0460785443427398,0.0491259428718868,0.0331451896363723,0.0464902761343148,0.0337911918761014,0.0356414305133098,0.0390660780629021,0.001,-0.1538424050772984,0.2892291132371065,0.2214664074178647,0.0724002713636747,-0.1849406742943045,-0.0318187192974438,-0.0317847743186958,0.0325879378053993
4,Lahan Hijau,8,112.4583732718106,-6.924807313933683,0.0136013669206533,0.0365230740824939,0.0265533226581359,0.0823331534844869,0.2846985479106207,0.3320089726126394,0.2928450054696289,0.364341323381158,0.1729221052841787,0.0809182576819205,0.8337291041524882,-0.778223351083262,-0.6512397705351486,-0.2574739545990922,0.5610983646033326,0.4930762468918224,0.4874766160798867,-0.2114377047326412
4,Lahan Hijau,21,112.3272378381522,-6.941961109583199,0.0371800759287516,0.0564755100975323,0.0401586280829361,0.1119303312068961,0.3046973961322575,0.3587822934836912,0.352049713354364,0.3770021890684831,0.1693830320524692,0.0998097934835267,0.795217876634758,-0.7235151847805554,-0.4999037024689857,-0.3503168578510683,0.5175209245410629,0.5933319421912329,0.5243580520144903,-0.3000946839100535
2,Bangunan,28,112.7127792247008,-7.14442515,0.1225676007788384,0.1100839635628928,0.147516281489337,0.175989664446147,0.1757715281630749,0.1814170498772945,0.1801620312728402,0.1991533835466934,0.2513495226660874,0.2332577485534544,0.0996274346284536,-0.2414437019472562,-0.3908480096469258,0.1649723873635839,0.0117151395462403,0.0712165629588384,0.0591638368677727,0.1370250817001358
1,Sawah,34,112.62168740211162,-7.41832315,0.0411901885585433,0.0801647827029128,0.0831843104155134,0.1075394024485819,0.2103455487535184,0.2394340723839792,0.270490428378799,0.2732254127419018,0.2042317483497312,0.1299206728483756,0.5295999314856858,-0.542771472142086,-0.4362464083206631,-0.1395735930141393,0.4310533513784306,0.320582564468057,0.3291173607195419,-0.0405019074811919
3,Mangrove,18,112.6807479748559,-7.035242,0.0514429796185265,0.0638504174856462,0.0427984899430361,0.110786395691325,0.2693493659937795,0.3052190171577406,0.2965072392582662,0.3587315203735929,0.0963959452235614,0.0500646146351474,0.7477290441417256,-0.6456275224709032,-0.2030968253168863,-0.5093145116380333,0.4559875902159367,0.5432847995854169,0.4534261005640881,-0.4285293527270685
3,Mangrove,0,112.76593532099852,-7.19737965,0.0257695642831508,0.0505227646637582,0.0273306366638147,0.1113666514140428,0.2565886905386652,0.2925491294580944,0.2970175259553169,0.3109221722324867,0.1159554740344097,0.0231991010923263,0.8314734582810346,-0.70925520647756,-0.3930406129310572,-0.4384355671847211,0.4545985970430119,0.5318304596514465,0.4907275254329109,-0.3851347359049091
5,Perairan Terbuka (Laut),15,114.6922158444871,-8.896551273163695,0.0601760431294495,0.059604535514986,0.0179089879057265,0.0427329888395315,0.017594350460821,0.001,0.0268280408695571,0.0232544273542178,0.0065848355622125,0.0094382037252505,0.1993662299135962,0.3792145928913416,0.8010304115128182,-0.6058504044939528,-0.2286473878814499,0.0326484401844079,0.0245597026437225,-0.5606406558702318
3,Mangrove,17,112.8347537433804,-7.361832367778396,0.0502889086463481,0.0963367185162524,0.0228637632103107,0.0801936527973338,0.2264461175191097,0.2963383692221684,0.2952545186525783,0.3202305581045978,0.1133206288096434,0.0559275971422323,0.856256210711629,-0.5079730615692797,-0.0810079419061946,-0.4452886831900817,0.5728110605836956,0.6453104001248009,0.4994218344968821,-0.4346002585866573
2,Bangunan,27,112.7129990580909,-7.144373781902786,0.1035267991472749,0.1382322362474654,0.1642397363624307,0.1716929413115717,0.1743093614155454,0.1912322082897371,0.1699987372468971,0.1977015355961268,0.2476380391799078,0.2212688608393843,0.0172302153161684,-0.1030607032649561,-0.2835300089589417,0.1859014965381437,-0.0049582830546644,0.010440642995428,0.0103549543685335,0.201855223832252
6,Danau,11,112.49262098279851,-7.2118455,0.0137415556559152,0.0300178136646253,0.041931898123056,0.0443507513749563,0.0311924409463717,0.001,0.0508321528792792,0.0165859199376966,0.0507771913390843,0.001,0.0959450839426371,-0.2574440021061354,-0.2569388716117662,-0.0005409102880921,0.0680941760183825,0.0185520628671243,0.0225222533514979,0.178884029953095
2,Bangunan,16,112.7135529387964,-7.144913900000001,0.0961057895298133,0.1345470673108761,0.1531141651837859,0.1452713523107379,0.1571671032063713,0.1816305322922011,0.2058919856200426,0.1712665225329651,0.2641749940935575,0.2193593500264027,0.1470109082283804,-0.2095673733238713,-0.325108487854872,0.123988731106015,0.1726280240240393,0.0939920905877991,0.0921608425973474,0.1602856641056792
6,Danau,21,112.41696518232828,-7.242548589612115,0.0256430523878932,0.045413143015224,0.0472902431622235,0.0635709249542615,0.008247309446846,0.0511675076122391,0.0024283222096059,0.0128817713165876,0.0164857144650895,0.0052269029180112,-0.9023172674994164,0.8984846033692148,0.4673337967829349,0.74322534919609,-0.926413625089281,-0.1025324509159968,-0.1224133323265323,0.3887383746071395
1,Sawah,17,112.38881962245073,-7.328807896571245,0.0421769203282042,0.0658406971291699,0.0895173752297804,0.1395013231154102,0.2390749006351831,0.2887081713171368,0.3121897387235808,0.2643616084413476,0.1989243512868433,0.1107573737373821,0.554315209277916,-0.6516645687192854,-0.5026481193466177,-0.2216049008017417,0.3823153252640882,0.3631395045742596,0.3704179994502919,-0.102557673348192
2,Bangunan,49,112.71247220990438,-7.14565159234965,0.104057280791653,0.1063650345822942,0.1462774861182557,0.1579895916878595,0.1608764040599407,0.1683528838777745,0.2200764506963502,0.1960478412473144,0.2381452186882809,0.2295266781040114,0.2014417124006472,-0.3483362896375065,-0.3825145477454723,0.0394323733680334,0.1642222571821794,0.140055996493621,0.127775083788683,0.0850870447931191
1,Sawah,39,112.63050432189824,-7.419154896652284,0.0696236991031986,0.0725979768626918,0.0798922632137784,0.1240462923814331,0.2317062223022921,0.2810525479638008,0.2630616642551313,0.304948323267476,0.1950945318434027,0.1244188926383756,0.5340933164378606,-0.5674310029967288,-0.4576017278750252,-0.1483492591438441,0.359112669040538,0.3752740777958228,0.3259420148702764,-0.0949501592382413
3,Mangrove,14,112.83278226046906,-7.263480899999999,0.0292561453817709,0.0802098486242033,0.057014859010331,0.1067221321694006,0.2543510791546477,0.3373910829995777,0.2935866827800572,0.3214329612846039,0.0833758543313191,0.0709413735386711,0.6747597910918598,-0.5708368474779936,-0.0193538043396293,-0.5576438165498285,0.4668009875511952,0.4176011137083836,0.4171844491460327,-0.3938663720984927
3,Mangrove,25,112.83083316383409,-7.3323783,0.0234080472997966,0.03984151632463,0.0363054318876393,0.1081913384624714,0.2763570798670784,0.2859551808743206,0.2864035341108425,0.3368985039946165,0.1089324951672037,0.021713575841433,0.7749958253387477,-0.7557571117212166,-0.4644022009312019,-0.4489118758510843,0.4516333272009933,0.470577750683415,0.4559901117395832,-0.3616609861839216
4,Lahan Hijau,19,112.39342355873012,-6.9092579,0.024156325110022,0.064775388398621,0.0379317671658664,0.1011239061784934,0.2955888041445109,0.3321901533640659,0.3364572954665102,0.3828306644511682,0.1694376009363822,0.1114721567089112,0.797367116988691,-0.6771180846326398,-0.4468676668534018,-0.3301470233986453,0.5378050699287823,0.5396825977936722,0.5121156148761565,-0.2698042991761952
1,Sawah,16,112.39343338266778,-7.3197831,0.0292033662009471,0.0588504544537418,0.0673924344985807,0.1190563420879653,0.2356695649699204,0.2767880762846939,0.2748127446948691,0.2935790118639266,0.2336665230739782,0.1039860934643267,0.6061284930842744,-0.647246355441473,-0.5976270830503949,-0.0809201557430569,0.3954522135354333,0.3551371977093026,0.3694235953196003,-0.004887250314007
5,Perairan Terbuka (Laut),17,114.80374947940896,-6.527294357274744,0.0641443363416449,0.0320073675866336,0.0273247284823364,0.02939813913295,0.0307330707755599,0.010600526607312,0.0097312446675821,0.0214837321814466,0.0250958571642962,0.0443117500097972,-0.4747813063441732,0.5337053912973849,0.1210353763985893,0.4411682640064541,-0.5026119006374048,-0.0635054781220868,-0.0491386876629423,-0.169878435433262
3,Mangrove,29,112.83598385822106,-7.332766149999999,0.0189637201462452,0.0705202625751723,0.0726794159236145,0.0943780738781487,0.2610649207313742,0.293306921034791,0.2926797014765709,0.3531667421717801,0.099905434734088,0.0428887928995045,0.6021480632980546,-0.6116725227926401,-0.1724221901417255,-0.4910381175205859,0.5123308190989253,0.3466693378846818,0.3813450643714958,-0.2871756537944974
5,Perairan Terbuka (Laut),20,115.80423354015404,-7.908474067589424,0.0515972929190402,0.0576709849426155,0.0349140087640669,0.0385530135586813,0.0411891185095434,0.0340544981287151,0.0210694192024615,0.0024236247217508,0.001,0.0067055327212387,-0.2472979918733241,0.4648384228239187,0.9659115835899512,-0.9093768217899568,-0.2932385220345401,-0.0410295755203628,-0.0373516247028468,-0.3384827685725636
5,Perairan Terbuka (Laut),3,111.56729010428032,-6.358679156724792,0.0528211105144855,0.0530070158161437,0.0318186081701556,0.001,0.0187940240914118,0.0099762413831814,0.0022032803271116,0.0415102742710928,0.0175631127780168,0.0095525337858317,-0.8704786324528733,0.920185873247712,0.5022507857355519,0.7770680058898565,0.3756399155226945,-0.0929013192966138,-0.0831857133975761,-0.0540453977516303
2,Bangunan,26,112.71374026144504,-7.145148116663804,0.0670722438021668,0.0896632941593478,0.141941143053438,0.1546290599564324,0.1534124722677182,0.1809829887124507,0.1817269705126171,0.2141662380281041,0.2620490342451905,0.2584259155250157,0.12292167707814,-0.3392298398224371,-0.4901327752077897,0.180996860331402,0.0805631771722167,0.0649954183976709,0.0724548397659715,0.2377351175431092
6,Danau,2,112.51225639482624,-7.2096021,0.0190124391701407,0.0439850228179642,0.0120441846686514,0.0698403933787241,0.0285542727966226,0.0396677113302329,0.011946963006938,0.0142210826703026,0.0164917923362309,0.0265178880006879,-0.0040523971164566,0.5728038932591989,0.4546077692257298,0.1598111139056414,-0.7078530499377063,-0.000258123733466,-0.0002783109852467,-0.0407329974997138
1,Sawah,24,112.03798337195488,-7.765235799999999,0.0858042769936088,0.0634979666941354,0.0684600686343905,0.1569743155138459,0.2478708446043712,0.2595568192263015,0.2733595114256017,0.2900299903462263,0.2142293380109123,0.1095197934602275,0.5994374054166592,-0.6229980265834331,-0.5427315507710891,-0.1212705609690481,0.2704532815117949,0.4922684894460961,0.3651009925011646,-0.1191462194825952
1,Sawah,20,112.59975414532224,-7.209865435950191,0.020587316022957,0.0905895462004822,0.0451016817787046,0.1346319891527224,0.2166880426288676,0.2526024107134955,0.2633713497438046,0.287250536653591,0.2003368762442032,0.1288305491732272,0.7075810361126875,-0.4881381108335197,-0.3772339712023013,-0.1359356376078088,0.3234630157238173,0.3955374291521174,0.4049665099293227,-0.0727622018781035
5,Perairan Terbuka (Laut),1,111.16874014629832,-8.560630421891005,0.0399643231373926,0.0488023045384139,0.0290952862032936,0.0749435864309721,0.0038415818828786,0.0234345490349658,0.029247616137017,0.019976419932962,0.0116527086667203,0.001,0.0026109419484117,0.2505407818692585,0.6144998286765521,-0.430189909848808,-0.4385780059075383,0.0004212259133157,0.0004092375843362,-0.2588574135389447
1,Sawah,34,112.622802366809,-7.416673981239669,0.0334900810364846,0.0764234547352954,0.0682783307649711,0.1538936813368421,0.2246795404556048,0.2334112554214107,0.277566669714937,0.279514672203441,0.2106394653665662,0.1186994294873681,0.6051506832667768,-0.568217022222899,-0.467549100789807,-0.1370880032060837,0.2866381297608848,0.3643444327375764,0.3711466146242308,-0.054475154454053
2,Bangunan,16,112.71364149125812,-7.1449262127750846,0.0930037524098885,0.1033679553759294,0.1434419054668764,0.1521638135285346,0.1629376751333669,0.1910898903851235,0.1625739996159848,0.1864195218097725,0.262311199882233,0.2545411468612231,0.0625199336662187,-0.2226276933973347,-0.4346521856282471,0.2347391722500501,0.0330757399321266,0.0360793038933284,0.0356049316678338,0.2270805171442415
5,Perairan Terbuka (Laut),0,111.4178534440384,-8.93813927900403,0.062732998040526,0.0395185487177777,0.0418291667889783,0.0423334397334053,0.0358243414207894,0.0221081149237706,0.0686188861546517,0.0358180054481312,0.0148731643661023,0.001,0.2425549243207695,-0.269105117964919,0.4531091686808857,-0.6437226156215535,0.2369075724546683,0.0788771431479356,0.0658280075671253,-0.3969576140800763
1,Sawah,12,112.22156229883508,-7.3854763,0.0403768591882573,0.0834692303411504,0.0655099313837241,0.1400817147264465,0.2371269210102201,0.2596209945573808,0.2674702236989932,0.3056561509658074,0.2159006530538114,0.099045569133733,0.6065235078606275,-0.5243097939409377,-0.4423672173315294,-0.1066873761301655,0.3125699981998292,0.3718785285910283,0.3636826599342221,-0.0448640719854724
2,Bangunan,38,112.71281230667547,-7.145103537861026,0.1185724045223477,0.1100240741945756,0.1540606545037947,0.1482378655979438,0.197393140203602,0.162993434618704,0.1999271821618759,0.1901527083977191,0.290198696821919,0.2488698109327872,0.1295709139628706,-0.2900556324051608,-0.4501858345529566,0.1841802654106485,0.1484621065441572,0.0928473666814496,0.0805629641702454,0.1648748486707037
5,Perairan Terbuka (Laut),2,110.9207342765188,-8.316167735577695,0.043824858314914,0.0220791536716846,0.0403779603350559,0.0562463087916944,0.0369437128134118,0.001,0.001,0.0073104838730398,0.001,0.0106628487933405,-0.951665066729482,0.9133416700719216,0.9133416700719216,0.0,-0.9650632327694568,-0.1076393079374076,-0.1091048118509067,-0.0399859075823085
4,Lahan Hijau,3,112.46550123891151,-6.9216799,0.0166793489038022,0.0511517800266929,0.022955457056612,0.1265726392373012,0.2931348329777995,0.3169596103829695,0.3172935756004004,0.3780148148996377,0.1729133968189136,0.0701342668788466,0.8650667288610008,-0.7223372225669595,-0.5434205259512537,-0.2945290185784171,0.4296811281371226,0.5532957612520006,0.5254480048844098,-0.2606515303310956
6,Danau,10,112.48588482329308,-7.203070902928004,0.027895743183891,0.0336611281979254,0.0512835907304295,0.0458874840550242,0.0193871505599408,0.0282831748452253,0.0276447614480942,0.0262392163091658,0.0119829406743109,0.001,-0.2994973077528675,0.0981368460099501,0.4749398461682862,-0.3952240362103689,-0.2480914629224112,-0.052478102874153,-0.0612480694546616,0.0650300433834323
5,Perairan Terbuka (Laut),4,112.05522334497005,-5.801905601713737,0.0526584521790216,0.0867170413038936,0.0326628183827557,0.030337204442306,0.001,0.0366584411043915,0.0124681230658928,0.010294285408869,0.0292184584564385,0.0273733400319393,-0.4474689474929781,0.7485889443364112,0.4959532021716027,0.401815989151249,-0.4174499296972014,-0.0620606343997505,-0.055568379396692,-0.0255519507409593
6,Danau,10,112.48878108148776,-7.203957255311067,0.0385002586045662,0.0683220830031135,0.0311734322153525,0.0482539460641019,0.0564135357919141,0.0592263983115172,0.0190704918044827,0.0220143322605115,0.0062002983338945,0.0246544622564306,-0.2408836572001848,0.5635672223126049,0.8335990171152791,-0.509291276245126,-0.4334748978240197,-0.0329831028267848,-0.032993386794127,-0.2127245253565485
1,Sawah,2,112.72536229437314,-7.138644449999999,0.060872820073343,0.1013315952488533,0.06314785028892,0.1315217114597507,0.1998816042379299,0.2740010425196496,0.2540466040584792,0.2929945252686727,0.1865819561671667,0.1281428733671639,0.6018350905928733,-0.4297253142639511,-0.2960970756775321,-0.1531100201576896,0.3177773882075069,0.4056884844601667,0.3504039083121441,-0.1154515299567642
2,Bangunan,49,112.7124172778683,-7.14559055,0.1096109366530438,0.1444110200919703,0.1391143667404241,0.195853340659777,0.1627190569562881,0.1685030724870349,0.1618492072546644,0.234965370073371,0.2722917135892684,0.2349881889992953,0.0755401729747903,-0.0569391176152233,-0.3068870992534327,0.2543932183713987,-0.0950625974243364,0.048394514518853,0.0425765439010707,0.2049390220951865
1,Sawah,32,112.62413163969966,-7.411982631733055,0.0772479049421015,0.0667814232884592,0.0732616062295489,0.1294626288000106,0.2284955349883488,0.2682851674799288,0.2716065754501421,0.3027193811519554,0.2306660435441211,0.1199662463324376,0.5751327004985362,-0.6052967372362689,-0.5509699626957493,-0.0815105786703813,0.3544125173147466,0.4381118639993696,0.3521465955072332,-0.0688236219614823
6,Danau,7,112.534095377485,-7.178598846740517,0.0301543009100621,0.0629687779329148,0.0285023193919284,0.0671244864174058,0.0276519213342735,0.0264347454239208,0.017434518175734,0.0102503785701298,0.0044490972986197,0.0020399966539136,-0.2409351962671996,0.5663232901463039,0.8680142998471178,-0.5933855079361499,-0.5876366200515382,-0.028753773994444,-0.0304095651399124,-0.1817402453868519
3,Mangrove,15,112.83828265706802,-7.309365870411095,0.0543446017294407,0.0681377316530332,0.0790653918332188,0.0821127710982628,0.2496598212167398,0.3062819674230082,0.3059585107946849,0.3592520847626252,0.0999743797505069,0.0635737777804082,0.5892961886873936,-0.6357208427164767,-0.1893774793636064,-0.5074339511146659,0.5768160375787752,0.4132041828457748,0.3845542221307556,-0.3360818246525174
4,Lahan Hijau,1,112.47409631048272,-6.925695927188496,0.0359398936698445,0.0583206474865252,0.0384282001952828,0.0988244045781135,0.277180013477248,0.3537867397188858,0.351298180972418,0.3615460977860213,0.1642400415115027,0.0637722295577471,0.8027939474790441,-0.7152443013249182,-0.4759124085476008,-0.3628404858068675,0.5609000390962636,0.5960253878134647,0.5274711204469111,-0.3128799056855443
4,Lahan Hijau,21,112.32239221060772,-6.9398315,0.0558675215219336,0.0640850010169249,0.0122080327740258,0.0854980971825094,0.2884706500481974,0.3503179796526854,0.2995899607346127,0.3986424557580236,0.1820498475938075,0.0777138800399993,0.9216926760977764,-0.6475699012543366,-0.479269176077449,-0.2440415241105143,0.5559556018281511,0.7532301403694143,0.5310100485439215,-0.2932419440233448
5,Perairan Terbuka (Laut),14,114.06985504631837,-4.735189087888433,0.0608959476979843,0.0486193619206845,0.0235206093651912,0.0156525627963545,0.0508964884900961,0.0171687694720343,0.0517344474509375,0.0409027926441509,0.001,0.001,0.3749095264092598,-0.0310410289227431,0.9596931342468672,-0.9620741079360916,0.5354427208853682,0.0958170175945497,0.0735686833643022,-0.6424290179532367
6,Danau,27,112.4140333369175,-7.303795266569028,0.0274172225805731,0.0577217635544361,0.0122441800835207,0.0153064946654502,0.0598911420125298,0.0203635998043734,0.0179397051962071,0.0240330689126164,0.0282213155612321,0.0365918488463656,0.1886942277711803,0.5257901873878248,0.3432556519210182,0.222733595869073,0.0792033514359747,0.0160749658480119,0.0161138199523399,-0.0569948025238974
3,Mangrove,16,112.83259969580124,-7.326613734596183,0.023349451807093,0.07644213549533,0.0191645946169892,0.09107908984339,0.2601537002602535,0.3000040515613227,0.3038941702185482,0.3613750363409323,0.1150437236952855,0.0143291905587379,0.8813553622826286,-0.5980287201303848,-0.2015897579149149,-0.4507838723018957,0.5388088292432162,0.5723157626050136,0.5189111417672345,-0.4183215767901795
2,Bangunan,6,112.71462348945312,-7.14468995,0.0918432579347091,0.1411697547881506,0.1386824648209445,0.1630706002903079,0.1876843186788747,0.16653760543718,0.1651072978824909,0.1970525236940284,0.2724075919943183,0.2200368412107976,0.0869839481732595,-0.0781565017929215,-0.3173235621095848,0.2452494677307792,0.006206077853861,0.0504916012115037,0.0493129564862896,0.2307337276395983
5,Perairan Terbuka (Laut),5,112.93701947388742,-9.035686122173132,0.0426046361692637,0.0166195521935302,0.0136401003844607,0.0188629565936463,0.0211124926490903,0.0058192598096027,0.0122982201942633,0.001620039776261,0.012566708477969,0.0163857189187736,-0.0517335011876033,0.14943515675695,0.1388613506305553,0.0107978702230364,-0.210670355403897,-0.004330858417484,-0.0038271033057283,-0.3537931893487923
3,Mangrove,11,112.80980713984326,-7.247871281460523,0.0141560188756399,0.0713287766396415,0.0352696451398187,0.1164877599067796,0.2659473022611638,0.3031297437281005,0.3179959467051625,0.3370459100960257,0.1110215144515657,0.0722067955089602,0.8003222144801648,-0.6335769465467114,-0.2176730147055148,-0.4824382467163657,0.4637876709024019,0.4965533697203287,0.4970192826257347,-0.3884700099600312
3,Mangrove,6,112.77225271119228,-7.2020637,0.0228467396545008,0.0832308833769429,0.0243781627092261,0.1108330256344968,0.2378428555233136,0.2974315088386151,0.2751060474251039,0.3141684932856644,0.1225880203272839,0.0492514191336993,0.8371990088099063,-0.5354601968690098,-0.1912221669185316,-0.3835059134180366,0.4256449601297387,0.5014459506098898,0.4704180799400972,-0.3393575321464326
1,Sawah,24,112.03768271060216,-7.760464916460724,0.060891475421695,0.0660338976808684,0.0550128266300348,0.1305520824864543,0.2325951070947834,0.2421553264932831,0.267295394657257,0.2902110812431026,0.206772762513433,0.1077991438147998,0.6586321829481673,-0.6037918088772088,-0.5158923327474249,-0.1276665203108463,0.3437078772217526,0.4652518622259445,0.3872317505744415,-0.1125497975116513
1,Sawah,27,112.61188642329196,-7.413735257930034,0.0615030093999359,0.0616294283352419,0.0873842437356535,0.1728615763470979,0.2354967671985732,0.2787466220348661,0.2626071034665666,0.2628468001836977,0.2009592095545466,0.1036065713835187,0.5006491178452553,-0.6198489522282595,-0.5306009498673819,-0.1329861382231759,0.2060895101612839,0.330449557084608,0.3092199590754648,-0.0583989733986659
1,Sawah,18,112.57472482897808,-7.210692499999999,0.044119403061939,0.0820988646805867,0.0577513733881663,0.1127975187674883,0.2158966818661142,0.2604778025404282,0.252547893003116,0.2924308933859431,0.2209457351067556,0.0961935254880263,0.6277698341108692,-0.5093401441955462,-0.4581730546112019,-0.0667425197584385,0.3825157490710716,0.3840138978107997,0.3606010662254846,-0.0312327064317497
2,Bangunan,0,112.71414118538868,-7.145311625779122,0.0967428458038553,0.1241601626958032,0.1325787735421143,0.1683093025899298,0.161255091745039,0.1893055859089703,0.1866333309305489,0.199086154179381,0.2533792653145107,0.242273111936479,0.1693374294448985,-0.2010118271936592,-0.3422665096396525,0.1516909624903044,0.0516253235269258,0.1075468915773616,0.0989753882297006,0.1532595519241166
1,Sawah,21,112.61628036887628,-7.1931285,0.0317018638273771,0.0675384517759199,0.0721890744121716,0.129744431659938,0.2342460288201498,0.2862677274139495,0.2435216952704572,0.3046072860757596,0.2101242286493689,0.1169432720831317,0.5426885515746921,-0.5657531014493674,-0.5135215728002493,-0.0736201182166263,0.3048153987112802,0.2976814824269462,0.3150613438479178,0.0127161887081884
4,Lahan Hijau,21,112.31769706673512,-6.934462191137193,0.0483905510096103,0.0379913700976985,0.0234679445610471,0.0874960617539515,0.2671774762460083,0.3486456538083977,0.3492196607212273,0.3988273762505708,0.1846226263308762,0.0833148066592018,0.8740610384383297,-0.8037691724885325,-0.6586794088733082,-0.3083252077892456,0.5992996929091587,0.7225451106573969,0.5599112113918723,-0.3128931742590412
6,Danau,17,112.42894234232422,-7.244779599999999,0.0379340332043684,0.0396187076505744,0.0263381584237107,0.039698581774363,0.0062367549169222,0.012580346929161,0.0031765090808351,0.0414616233552566,0.0236803242285862,0.0191659180011091,-0.7847504483849532,0.8515483855803021,0.2517950543164687,0.7634486965784497,-0.8518249434164187,-0.0660478036365459,-0.0656119200211109,0.0977508568258233
5,Perairan Terbuka (Laut),16,115.1894400469986,-7.841570710580084,0.0783825324559941,0.0569973922512426,0.0385859266204402,0.0432509935339864,0.031565543251397,0.0138033507080492,0.024088289344572,0.01596454273609,0.0165769543716499,0.0151253632893724,-0.231317405751739,0.40585590270864,0.549382212490267,-0.1847114169689415,-0.284569468008792,-0.0542791691689331,-0.0386483959932413,-0.3001131082392284
5,Perairan Terbuka (Laut),3,111.5381285263976,-6.358343794190686,0.0753473393066152,0.0701327344215982,0.0394925869852741,0.0356770040893947,0.0186806142352823,0.0010831440297929,0.0167574166501705,0.0215210005010788,0.0134418471166699,0.0170430455052373,-0.4041807726497069,0.6142850081254465,0.6783268977618883,-0.1097897435284967,-0.3608238026004235,-0.0825403344234491,-0.0613083240984672,-0.2700671561176917
5,Perairan Terbuka (Laut),15,114.88262214250572,-9.102371391990332,0.0472688160597722,0.0069556996271756,0.0227294695207268,0.0461848296021356,0.001,0.0216903680062331,0.0437789182127793,0.0085908057048427,0.0100322362064152,0.001,0.3164931385782914,-0.7258006352972601,-0.1811012490437492,-0.6271317116957218,-0.0267431206574785,0.0637367936096617,0.0557346964700752,-0.4707720838958767
6,Danau,6,112.54106030334889,-7.2132724,0.0599769881211889,0.0650256383002225,0.0441648352817739,0.0360345145972989,0.0257052988981977,0.008224418793519,0.0317261034207172,0.0373658190721317,0.0392899604701742,0.0068375542996574,-0.1639027255403504,0.3441750395706138,0.2467097719487178,0.1065090984846603,-0.0635828190329284,-0.0367189528178676,-0.0323986653334442,-0.0470906327445568
4,Lahan Hijau,16,112.37487449761043,-6.9374483,0.0452869374578307,0.0650849176571223,0.0344544888218683,0.0910544249854483,0.2472039033997427,0.3645311079788533,0.3467246455863457,0.3773125101017988,0.1779415994724561,0.1010421639339158,0.8192215359061025,-0.6839076903097705,-0.4643801124417215,-0.3216960255815145,0.5840165444248936,0.6431666525705962,0.5315664169253049,-0.2971760667016441
6,Danau,29,112.4235046341139,-6.98302375,0.002405175152963,0.0277464997092259,0.0399482316038474,0.001,0.048369440363997,0.0026502428471581,0.0326501733788746,0.0166712306286455,0.0357335557275737,0.0581224137087474,-0.1005264251491919,-0.0811911209298665,-0.1258199262361973,0.0450894144542769,0.9405649142414078,-0.0145460692515873,-0.0191182637642685,0.3668727578693863
4,Lahan Hijau,17,112.38047735944691,-6.921930628387069,0.001,0.0464028907578992,0.0392373007433607,0.0946508278516104,0.2837065384724563,0.3669422346942187,0.3351769632301911,0.364135178058157,0.1848727748776656,0.0851006499964829,0.7904070174990129,-0.7567854243282965,-0.5987222353917664,-0.2890188707918048,0.559587210993573,0.4733214719805173,0.5076649730220689,-0.200016919254323
4,Lahan Hijau,18,112.40070838469704,-6.917661908291447,0.040082967079439,0.0476355118767359,0.045641102975437,0.0728764366749397,0.2480935368457621,0.3705858115121536,0.3535570019410215,0.3642605474612929,0.1799550053479419,0.1052926059030198,0.7713360719953493,-0.76253040314885,-0.5813928212096247,-0.3253947313198102,0.6582048666700667,0.5801933662437894,0.5136508250217986,-0.2713728520898179
1,Sawah,22,112.81863330609325,-7.437470407414465,0.0310318701207812,0.1066577426038658,0.0798819605254929,0.1298470582656243,0.2538532820843267,0.2723894667574446,0.2695787538734395,0.2800954982596702,0.2187277565896061,0.1271490445098597,0.5428272334742841,-0.4330281946647163,-0.3444222742534753,-0.1041374548364622,0.3498314105181938,0.3127973966290783,0.334971571019927,-0.0033391838335767
5,Perairan Terbuka (Laut),5,112.96060000068236,-8.927472232959747,0.0271121452590099,0.055743067030572,0.0150778914428287,0.0436239211390098,0.0244764685426259,0.0256901652377092,0.0058266557359661,0.0085161813006751,0.0239087576101882,0.0365619658259134,-0.4425465514842793,0.8107298237016693,0.3996682959152809,0.608099879279493,-0.7643442610237067,-0.0259006817492075,-0.0266399163444638,0.0840849514312464
2,Bangunan,20,112.7135992310456,-7.144588409970466,0.0768205008170686,0.1154519757493425,0.1564328361724371,0.1682565026640217,0.1503635742141802,0.1891611323369429,0.1479374910587911,0.1966576673636418,0.2770693515410007,0.2402759132335697,-0.0279112131692158,-0.1233364248760043,-0.4117416408825352,0.3038347791966538,-0.0642612192019743,-0.0140615952344985,-0.0158422274406025,0.3171150283626498
3,Mangrove,1,112.77376979409668,-7.204242116584078,0.0259843375942878,0.0534985952282773,0.0372357935599867,0.0724523469643739,0.2481419832541562,0.3147160919803775,0.2739386710640683,0.3467636129539974,0.132667048495387,0.0444581699326437,0.7606757740529189,-0.673228425275659,-0.4252581263563619,-0.3474413059764712,0.5816730603028433,0.4543342914978807,0.4377040103458814,-0.2767411927817992
3,Mangrove,13,112.82570911496408,-7.255564009201686,0.0450480880442662,0.0723290580166301,0.0386443378757731,0.0849502391445747,0.2791629528761041,0.2873530101298237,0.3042493019722597,0.3054091514180315,0.0793871172402872,0.0547743680397967,0.7745986873352372,-0.6158618443890669,-0.0465214679000668,-0.5861335704451407,0.5634617698544291,0.5541496540577691,0.472666333342555,-0.4948676650592479
3,Mangrove,2,112.76775499411144,-7.199902053966726,0.0433412018478678,0.0585118239716092,0.0359865480794737,0.0918759954784912,0.2685814358539772,0.3056359544641853,0.3129872550476972,0.3407019069366673,0.1188310343432171,0.0485237388701332,0.793757880082255,-0.6849961272121134,-0.3401276521910971,-0.4496248191078595,0.5461381311731711,0.5752404273429532,0.4894156438300554,-0.3942334647597132
3,Mangrove,29,112.83601962531102,-7.333956748262316,0.0641480803431463,0.0609241551928421,0.0185196672731954,0.0822255218757368,0.268279323444584,0.273530759214236,0.3082551765210733,0.3422656740939437,0.1165441917984929,0.0467050749209216,0.8866518150449734,-0.6699481780576622,-0.3134082062248445,-0.4512977150358263,0.5788497485138007,0.7720000673828453,0.5256609669898975,-0.4676941418896048
2,Bangunan,30,112.71411158820688,-7.144395822599458,0.0851941726819467,0.0975294033691343,0.1293191875072555,0.1684737592190937,0.1803513712276309,0.159480865839272,0.1652835094879767,0.1891514647108874,0.2546404240959978,0.2195692375372102,0.1220773680127777,-0.2578035649940693,-0.4461228873910158,0.2127930971511504,-0.0095585924882382,0.0690430668934181,0.0678911400314633,0.2103942037030659
6,Danau,25,112.42097074578908,-7.2660288,0.027873312806994,0.0525506829284095,0.0433784636326064,0.0179467656685378,0.0410408420060756,0.0296925665674075,0.0041204409806945,0.001,0.0179528943218247,0.031715694749111,-0.826503729823168,0.8545840941995272,0.4907238677133369,0.62665893146164,-0.6265552446697633,-0.0929983972906035,-0.1075564416324445,0.3143591612668023
1,Sawah,11,112.34425977075792,-7.4489127,0.0441705022839977,0.10216090497462,0.0775987473128538,0.1103229525133418,0.2400684201742055,0.2583802221560691,0.261345054429337,0.2947072853016068,0.2026237887040479,0.1333928372448443,0.5421143730314646,-0.4379134506565414,-0.3296191885073005,-0.1265629502234582,0.4063360275530812,0.3291390254395661,0.3285314941267344,-0.0431814508347168
2,Bangunan,26,112.7137234426923,-7.145173320737159,0.0913949546371237,0.1374524372145971,0.1354069688154268,0.1765674253780835,0.176434480866908,0.1748573302063524,0.1871953579589629,0.2048067427076906,0.2753132423150371,0.2317748169320247,0.1605332159281692,-0.1532211871777893,-0.3339928962203106,0.1905216121675351,0.0292166572241542,0.0985188211371636,0.0944351616654371,0.1916841449458401
6,Danau,1,112.52588012158166,-7.197479183869569,0.0094233666331354,0.0462113894301319,0.0315403465643169,0.0324549623092186,0.0341973039752868,0.0684676997743913,0.0181760211448018,0.0234689155885891,0.0352299773657277,0.0135937546621828,-0.2688113747346931,0.4354169176796717,0.134838256792667,0.3193265995810738,-0.2820198208348868,-0.0293917076547241,-0.0364669660698191,0.4150795316429338
4,Lahan Hijau,17,112.37976424160996,-6.91387245,0.0511390743885293,0.0606620834499838,0.0391888723594313,0.1083609483579043,0.2782649073628083,0.3528446074853358,0.3241318560320369,0.3994558579473674,0.1628972290927698,0.0835183235932048,0.7842739503189403,-0.6847035383457744,-0.4573065824127894,-0.331057490266503,0.4989005712582679,0.6058893510767377,0.4950819104103561,-0.2999614088125777
1,Sawah,5,112.5963683598948,-7.4253547,0.0491759770069562,0.0969903473077938,0.0889680971400705,0.1086735452598314,0.2253146683751619,0.2903718164380089,0.277621186577986,0.2929289454721965,0.2067347295984801,0.1142429861143838,0.5146170313816139,-0.4821817334729616,-0.3613280241697794,-0.1463519995641546,0.4373542452340033,0.3269301769712326,0.3265441189657501,-0.0499507426181358
5,Perairan Terbuka (Laut),17,115.07402560897268,-6.3656863440057,0.0743674676893513,0.0530504678704356,0.0386153142491885,0.0276967451674494,0.0279202801954178,0.0247094772874882,0.0208739658087723,0.0220663053841569,0.0167788342509047,0.0055877134773165,-0.298227649164741,0.4352620645838139,0.5194328454990126,-0.1087603429922009,-0.1404710592263353,-0.0638352658751608,-0.0475648481734403,-0.2645277045762956
6,Danau,9,112.50222112533557,-7.18127745473015,0.0267686016977181,0.0400741460271778,0.0248772927842789,0.0658584074218579,0.039932179222359,0.0215954883465277,0.0189747831745705,0.0295752999652159,0.0084806684938977,0.001,-0.134600457242819,0.35731998497718,0.6506765023042198,-0.3822233349197324,-0.552656611934676,-0.0152523722706858,-0.0162797290034295,-0.1565766455349058
4,Lahan Hijau,10,112.46372155806353,-6.927597005526825,0.0425686123690085,0.0386605702687537,0.035078955648616,0.0987565446477767,0.2723431319945728,0.3722260339181319,0.3471975855535332,0.4005976237683297,0.1839513789247824,0.0912208175463761,0.8164734045853844,-0.7996125255604769,-0.6526640125550965,-0.3073454289452352,0.5570999874729421,0.6300810210031992,0.5306476178313188,-0.2804481529628846
1,Sawah,1,112.72161221435285,-7.141268943732111,0.0558608753913334,0.0881798489295059,0.0734749066635477,0.14447755739093,0.2313180145562109,0.2758801640604864,0.2745575613845634,0.2886268997087268,0.2020376725780552,0.1532122892368786,0.5777698134630607,-0.5138089059517654,-0.3923189153597125,-0.1521624294296525,0.3104274507189909,0.3877561554766238,0.3556750401028414,-0.0906140401997412
1,Sawah,5,112.59583167528136,-7.427588313649608,0.081817151039505,0.0835164667472314,0.042062728710628,0.1149643638135067,0.2038924551645827,0.2702600194372696,0.2681729216392,0.2829736145315081,0.2401638916860077,0.1282347431111536,0.7288336847966109,-0.5250555190593782,-0.4839571520899945,-0.0550993537431927,0.3998790074549553,0.6232909961844354,0.4186007974919637,-0.1071839021605999
5,Perairan Terbuka (Laut),24,115.39434551469964,-6.099302576381181,0.0629686767692881,0.0448459835839943,0.0065427796301711,0.0393179633917935,0.0368719394775685,0.0187611280738225,0.0260786013695964,0.0128826315585939,0.001,0.0253963852082082,0.5988655459037425,0.2646103880913482,0.9563756560547674,-0.9261409073961078,-0.2024473589408812,0.0823503761783003,0.0550179426784047,-0.8438187070947806
1,Sawah,37,112.62578734337016,-7.4174704358160595,0.0364683329272842,0.0567123879004991,0.0739113157621175,0.1294959484006578,0.2226268876076425,0.2712699192109915,0.3115115383804839,0.3025178832105358,0.2257424790879497,0.1326590533733003,0.6164663549349128,-0.6919679347332401,-0.5984322111041227,-0.1596434020857369,0.4127267563995527,0.400954312318513,0.4025199171899279,-0.0746194629902143
2,Bangunan,19,112.71330480586995,-7.1450141,0.084875366705886,0.1094987395553116,0.134789257496022,0.1385677684866058,0.1636615852580188,0.1817819480985435,0.1740067658761735,0.1959293526060241,0.2597014749364012,0.2301638480635152,0.1270013383750115,-0.2275371195883687,-0.4068327402817049,0.197586074689492,0.1133777495611938,0.072831259589082,0.0727331253743768,0.2075516246604549
6,Danau,10,112.48493679080954,-7.203582769777782,0.0294603195571275,0.0596134123781318,0.001,0.0430740898548036,0.0292652026790857,0.0522905834027272,0.0344701909124542,0.0129946247167979,0.0386320792794137,0.006065282116285,0.9436145988458056,0.267243391186634,0.2135602614549738,0.056932408516227,-0.1109546538605281,0.1021033074203679,0.0937592553623393,-0.2346255632891628
4,Lahan Hijau,2,112.46711417338123,-6.926324019759846,0.0445700424868274,0.0671970348007736,0.0198968742245342,0.0999824501648968,0.2876387197661963,0.3462086346419836,0.3561355843723959,0.4146774668846424,0.1657940575935907,0.0746686913103495,0.8941746957384381,-0.6825331566781419,-0.4231793643112795,-0.3646880941598664,0.5615939608828637,0.7365634418456377,0.5757298833762183,-0.3666711400206805
3,Mangrove,30,112.83765845939404,-7.342277161765805,0.0192621383432815,0.0615021436869011,0.0075650962368694,0.1017470262257713,0.2460016167396599,0.2933629058572498,0.3156759699865668,0.3370801435256711,0.1185261428686222,0.023431927424122,0.9531922301714206,-0.6738827530322377,-0.3167502171798089,-0.4540508229393283,0.5124991799432946,0.6331389623368384,0.5613985132504423,-0.453001245871113
4,Lahan Hijau,24,112.2869900097571,-6.92683999565688,0.0328275261322576,0.0592673462139898,0.0687067906010263,0.0958399268680949,0.2985827482701019,0.3505856762834684,0.3462312824544024,0.3810493788411706,0.1927177743945018,0.0797170258072042,0.6688335180740811,-0.707681642414144,-0.5295964592221178,-0.2848386240299142,0.5664050264744527,0.4587892753612458,0.4549889768931329,-0.1836647885948158
4,Lahan Hijau,20,112.39819151480938,-6.9033744,0.0176791488410222,0.0762841410446108,0.0203849965242259,0.1119541553504232,0.2694843876401829,0.3740235706684314,0.3512432580838922,0.3648792819368895,0.1662437617168454,0.0990828780783646,0.8902936107973345,-0.6431379999425442,-0.3709248266983593,-0.3574959157058401,0.5166028463818245,0.6168311416645833,0.5693796520658099,-0.3281311601628032
5,Perairan Terbuka (Laut),3,111.02615738480436,-6.346915856620332,0.045825236604325,0.0269383557631003,0.0122419820604003,0.0222329999595304,0.0191609450890936,0.0465362498865517,0.0280398920738783,0.006318822347153,0.001,0.0306212302484598,0.3921840768538202,-0.0200358566174824,0.9284137926593626,-0.9311291885644366,0.1155074188885242,0.0521175035943156,0.0438601888286325,-0.6959609314073525
2,Bangunan,5,112.71482142559566,-7.14557345,0.1246399044015435,0.1389773991823249,0.1403667308287968,0.1555989536340404,0.1680184818078031,0.183407441975812,0.2040007092197941,0.2063370113635584,0.2708904354955871,0.2575390516360525,0.1847851184689043,-0.1895844319359568,-0.3218428596503091,0.1408527551614583,0.134599001197697,0.1431390019136699,0.1130443490111402,0.1116594140848045
4,Lahan Hijau,18,112.40179206617896,-6.912669136151919,0.0160606426059067,0.0689292909050705,0.0499943092376971,0.1076256298752692,0.2669443948856338,0.3512976618618094,0.3265083964064637,0.3750110500884273,0.2123020189075631,0.0914354306639438,0.7344278866768008,-0.6513772286127334,-0.5098035762383959,-0.2119602257880986,0.5041824707952453,0.4590148062508938,0.4732114665274485,-0.1327116993185013
6,Danau,19,112.41974535013544,-7.25536678124602,0.0535581540107852,0.0392374936665766,0.0264298241568018,0.0238063491949412,0.0448614260185178,0.0614626592106685,0.001,0.0248075689704795,0.0389716977057505,0.001,-0.927086629660705,0.950295091268162,0.0033985258351819,0.9499645733166634,-0.919375442808678,-0.0838833160079999,-0.0723219175104184,0.0903917727555765
2,Bangunan,15,112.7134545508412,-7.1450392,0.0904850350971168,0.1145335737290363,0.1336923748484466,0.1519930609051119,0.1701081059056455,0.1719711665005413,0.1580631392271877,0.2116980441878416,0.2712930825072332,0.25264761465034,0.0835314608274781,-0.1596848504385921,-0.4062951738510945,0.2637202800018206,0.0195773485578046,0.0475404803213832,0.0461710034451613,0.2393714343206234
2,Bangunan,42,112.71261087345036,-7.1456532500000005,0.1187353404531024,0.1303153827767667,0.1694919120706338,0.1367825075089013,0.1660195983752861,0.1730621792408576,0.1503947598538709,0.2159049080716954,0.2559440516629496,0.2510944680747984,-0.0596997431689501,-0.071530643023449,-0.3252442720089613,0.259756854520781,0.0474001734976257,-0.0373916938524387,-0.0349386437248757,0.2250410310752558
6,Danau,27,112.41349356537772,-7.30397385,0.0206174302215635,0.068196848756982,0.0449082690521688,0.0431299884844597,0.0414172582470947,0.025671708296154,0.0198744855842166,0.0200756341130427,0.0335609742395038,0.001,-0.3864266535443867,0.5486729931544568,0.3403755422155472,0.2561311991008725,-0.3691087478293253,-0.0551553927660871,-0.0664869366029136,0.3192414016035274
5,Perairan Terbuka (Laut),10,114.2005045169943,-8.968243151790997,0.0638199529681652,0.039617688924607,0.0197538658918648,0.0517628501961473,0.0315647238378972,0.0141384358680001,0.0183918324657164,0.0184592907998765,0.0104736118342207,0.0170902463835791,-0.0357060808711501,0.365902968758647,0.5818191196288905,-0.2743148615660861,-0.4756776880539404,-0.0051728127681522,-0.0037964628268105,-0.4623323364499976
2,Bangunan,37,112.71367037939636,-7.14416615,0.0986540384513257,0.1431784822754483,0.1370656650378847,0.1638893146230236,0.150179538925321,0.173293911121982,0.1831580200618387,0.223790057464398,0.263329741665144,0.260755805417895,0.1439379940483228,-0.1225101616813894,-0.2955690734357336,0.1795608486863021,0.0555218365263927,0.0910450646026378,0.0842922897642551,0.1738229996918342
5,Perairan Terbuka (Laut),10,114.029058296991,-9.064171679469904,0.0485441131118878,0.0713949046535005,0.055643019234394,0.0521749365066034,0.0317778846009442,0.0011650969055664,0.027307427267385,0.001378964329205,0.001,0.0135873802686585,-0.3415966136457703,0.4466710773842963,0.9723737329036316,-0.929347131745474,-0.3128682609020279,-0.0710461010183264,-0.0729108077806125,-0.1449759224523027
2,Bangunan,13,112.7155255865468,-7.145707099999999,0.1145158808016921,0.128650625423151,0.1363350671723071,0.1575435384381669,0.1635865345311181,0.2195211113162249,0.1883386804694916,0.1930429933797285,0.2669824516124942,0.2248369662321552,0.1601719064591154,-0.1882967461314259,-0.3496467658269967,0.1727215484391801,0.0890336081442582,0.1132996093990855,0.0945894302672271,0.1422641310930741
1,Sawah,14,112.38400300329756,-7.324297952923033,0.0562919733927987,0.0988666842630416,0.0871037992141642,0.1301757462657904,0.1942491694556395,0.277750542279727,0.2367078861206542,0.3120490584641184,0.2125421080678989,0.1349951102980798,0.4620095358504161,-0.4107617609082931,-0.3650360113115111,-0.0537913818844067,0.2903703794893779,0.2797089092046925,0.2723997903337952,0.0112141993240441
6,Danau,7,112.53476155484196,-7.177438856496635,0.0422910918129719,0.0428837810695123,0.0174444952016416,0.0235922928805384,0.036345539620956,0.0506236156720195,0.0139538920849078,0.0267665493800612,0.036074477598336,0.001,-0.1111714106111972,0.5089914289245187,0.0862392800933147,0.4421608221759885,-0.2567078532157915,-0.0108885669682656,-0.0098530684329632,-0.0248352114398591
2,Bangunan,25,112.71332955034208,-7.14537125,0.097673045657014,0.1414637852823652,0.1605270409064769,0.1636509837460081,0.1576716234268544,0.2036306497415331,0.1790847397345738,0.2018924779464646,0.2549059246159015,0.226653145105542,0.0546438605233998,-0.1173643033698446,-0.2862028460157808,0.1747069486393149,0.0450310687978492,0.032910743621419,0.0331540705883044,0.2003424341445503
3,Mangrove,21,114.23376375630338,-8.595024931933482,0.0178635109920763,0.0301624864305409,0.0381091425442061,0.1318012115657618,0.2808434038787009,0.2961402317210149,0.3001326796004542,0.3433155938517587,0.1268319202975236,0.0448469642176145,0.7746633299814761,-0.8173604100739962,-0.6157508109105848,-0.4058902282260641,0.3897158132011444,0.4696397917522372,0.4688805726476192,-0.3169254936235933
3,Mangrove,13,112.82667670085972,-7.259136849999999,0.020501186965896,0.0684231173192946,0.0320516117597504,0.0932756533953365,0.2442474182047893,0.3040166129623876,0.2818092180143611,0.3364122156318126,0.1493972736355535,0.0702525507689301,0.7957590809869594,-0.6092701288774772,-0.3717473629973262,-0.3070731694346482,0.5026424110570187,0.4728968024642275,0.4603199904409908,-0.249838135906983
6,Danau,8,112.4869389970035,-7.181433660598094,0.056371663743215,0.0510938733757569,0.014965383500241,0.0352784207512301,0.0060385856825015,0.0147876046178968,0.0404050960856968,0.0278627636342009,0.048360952641518,0.0085697824225591,0.4594453997192969,0.116818552560251,0.0274790155108731,0.0896272457800056,0.0677383330081587,0.0899044242302573,0.0687101138444267,-0.208930522395082
5,Perairan Terbuka (Laut),19,114.67839311448624,-4.616107473310611,0.0560354802262973,0.0501854169785788,0.006883905052479,0.0207006950416072,0.0138903999152227,0.0139505703061906,0.0211247182698475,0.0413831205855652,0.0221814431902689,0.001,0.5084438654852684,0.4075254969011873,0.3869723425335588,0.0244012597836314,0.0101379325278836,0.0554408863245365,0.0404561949985664,-0.4527616122217232
1,Sawah,36,112.6267239471589,-7.41485645,0.043229233235534,0.0810802646287557,0.0505698822330094,0.1555913763719145,0.2467925102120437,0.2744537380610417,0.2497979617683065,0.2931600031658692,0.1931785343097411,0.1419353289521004,0.6632803172870391,-0.5099087312780034,-0.4087317151031202,-0.1278158724718743,0.232385453441356,0.4052652619835307,0.3733809666926776,-0.091805173911124
2,Bangunan,38,112.71278778077252,-7.14524595,0.122193855604764,0.1183719505097226,0.1282130559592584,0.1522555360470773,0.1865055602104583,0.1901340994974671,0.1884049376734838,0.1961371820163531,0.2686004370525942,0.2303465831257402,0.19010884641615,-0.2282863854256558,-0.3882150018532373,0.1754804289811642,0.106115632158557,0.1445211886906527,0.1105631069549311,0.1218733421550666
1,Sawah,12,112.22105884722896,-7.38662854222155,0.056108958406032,0.0858058809409361,0.0526948762540036,0.132376720757496,0.2453361083804071,0.2816560943848635,0.268570713194791,0.2829803553001356,0.2005598327349824,0.1270172967436448,0.6719544307226238,-0.5157361822494384,-0.4007251773275786,-0.1449721850450924,0.3396804183408782,0.4636816122047908,0.3942862815286268,-0.1235866300519408
2,Bangunan,10,112.71518662089038,-7.145711758124073,0.0932668356957942,0.1426480602468047,0.1238706742966793,0.1730464178074743,0.1627290385767651,0.1881869063977493,0.196459912608043,0.2111192265047753,0.2736373940332081,0.2227260969988806,0.2266072646579545,-0.1586864848665339,-0.3146622879204221,0.1641734172280394,0.063364258768924,0.1463277121537786,0.1327316806238894,0.1568333228475837
6,Danau,13,112.45280821222676,-7.2270077,0.0187443703751028,0.0724763041347548,0.0269010110914875,0.0505661750283414,0.001,0.0385246696344881,0.0175797094344632,0.0227783996566423,0.0227143993613169,0.0025626211928195,-0.2095582386537062,0.6095827687122148,0.5227601270194546,0.127430285788108,-0.4840565996003202,-0.0224414357273869,-0.0256794262100414,0.1546591729599655
1,Sawah,30,112.61076594377144,-7.418328332559274,0.0242125829918593,0.0739461182222099,0.0570522150648358,0.1494026495268905,0.2097485132281037,0.2940634365702752,0.2695005789072459,0.2725709839042987,0.1998408872398608,0.1079757173884732,0.6505789174475541,-0.5693880935530942,-0.4598274061449725,-0.1484200662916313,0.2866961172454703,0.3713562224351439,0.3855440911792246,-0.0668718500338531
6,Danau,26,112.41744397656976,-7.297077954191554,0.024144535131005,0.0365786901894785,0.0409156936804914,0.0224336502144489,0.0376784386807386,0.0611167709221418,0.0422828223296644,0.0074230808599402,0.0119489290948504,0.01632176110833,0.0164321276184066,-0.0723310000739629,0.5075410858871591,-0.5593382451919786,0.3067097298137787,0.0030883196267708,0.0035162863372647,-0.1136935990567097
3,Mangrove,27,112.82732867815942,-7.33977585,0.0061876076440304,0.0486358241318662,0.0043740016056997,0.1094770704881789,0.3019954583275596,0.2944998180952421,0.2749986310051464,0.343499994966446,0.0990961256160476,0.0694902039583031,0.9686869680171136,-0.6994397616842379,-0.3415666091777637,-0.470208421277094,0.4305124080496113,0.5391635226939148,0.5208509089410907,-0.4620126604769396
3,Mangrove,1,112.77292044924371,-7.202645226527277,0.0343771915113946,0.0767863062727653,0.0229981621793472,0.1130166328078927,0.2499327680730399,0.2928359656000023,0.2880099530351254,0.3351397079879221,0.1273695357884832,0.0472383060182425,0.8521057073411706,-0.579018125306673,-0.2477677286000696,-0.3867317024123127,0.4363633882851109,0.5671515986013559,0.4901525383362446,-0.3638660691447108
2,Bangunan,8,112.71512425690968,-7.1449531,0.0891700819039493,0.1233643409912538,0.120905713568904,0.1503331635267592,0.1598562995395457,0.1934783292021392,0.1920107868250448,0.2041522959399623,0.2397436787291692,0.2353254084907542,0.2272333767614973,-0.2176660096547324,-0.3205088598897193,0.1105556412307103,0.1217419590260446,0.1423616815296983,0.1312036474010844,0.1238154824892437
2,Bangunan,30,112.71409710582492,-7.1443708,0.0749794810016635,0.1323558139056568,0.1309553253114949,0.1541166098061957,0.1421478439708975,0.1698153102847202,0.1798864905505327,0.2139556678643434,0.2484315475064804,0.2648606418034874,0.1574150020515312,-0.1522236923514672,-0.3048308453976247,0.1600330845435713,0.0771546151507549,0.0871733234202891,0.0905191942777724,0.1963269099614435
5,Perairan Terbuka (Laut),11,113.69249839295776,-8.536337199999998,0.0630181415009766,0.026203150331717,0.0218763620730858,0.0606723487271496,0.0106087930464141,0.0164197441540478,0.0067612859997488,0.0250376850932873,0.001,0.0072158359778942,-0.5278043611364365,0.589782987541247,0.9264790694426592,-0.7423106502742758,-0.7994684276810585,-0.05679085222661,-0.0428887616927383,-0.5062076005954084
6,Danau,24,112.424721611132,-7.271338307678095,0.0493324858846648,0.0645484654048312,0.02585627422179,0.0513373225628255,0.0311694209619006,0.0114638103215107,0.0300909406774661,0.0321919746143542,0.0589032200310396,0.0318590629491784,0.0756903875842801,0.364092778998511,0.0457283779328856,0.3237547137973617,-0.2609214636168852,0.0129860308917384,0.0114255445720061,0.0325007475303221
1,Sawah,39,112.63073519308062,-7.42120455,0.0264941262464684,0.0691348622088769,0.0612741797619663,0.1245179560882866,0.2093612961709767,0.2605744333782078,0.2590708427211071,0.3015729988964287,0.2221368196648536,0.1178128431286677,0.6174488394060914,-0.5787101719454841,-0.5252895027296719,-0.0767527740443108,0.350773762684625,0.3462802545131018,0.3616709875811223,-0.003785695102463
1,Sawah,27,112.61261163607088,-7.4138023,0.0274899589582724,0.0646188480833314,0.0619328298046429,0.1484263121842022,0.2204074491366879,0.2796032048899314,0.2619252569570763,0.2937192134127781,0.2078790674678429,0.1330958490013911,0.61753105668795,-0.6042259076920208,-0.5257295952852088,-0.1150397869162884,0.2765895223303224,0.3502868450810443,0.3641265960109637,-0.0350543064624696
6,Danau,4,112.5317296141722,-7.223322270373244,0.0384509825649412,0.0885789521786251,0.0393366157013919,0.0226809713009237,0.0342274443662792,0.0107896912298839,0.0384920553390328,0.0156617611795811,0.0211136545203803,0.001,-0.0108515324779074,0.3941646282962495,0.6150396008760074,-0.291555969521804,0.2584649583010297,-0.0021410992797245,-0.0021924155152384,-0.1200405448209061
3,Mangrove,19,112.88096851233618,-7.5775704215464,0.0459227815562063,0.0691058015215582,0.0311048489248829,0.0888070786966442,0.2439363950623322,0.2923368436750628,0.3061490337747085,0.3350493555994102,0.0785014702141231,0.0382148445759874,0.8155404522926737,-0.6316860152763032,-0.0636531555554826,-0.5918296235362931,0.5502939381487219,0.5987774734319171,0.4927612589200354,-0.525182973945938
1,Sawah,5,112.5946170937085,-7.422862990342423,0.0562455222220843,0.0636432912117428,0.0794691209518236,0.1436258994590095,0.2319030046444376,0.224043302005314,0.2508286745593229,0.3182928373783412,0.2018019331045743,0.090237851653065,0.518803199468866,-0.5952371057730886,-0.5204789113392229,-0.108315126101323,0.2717747033237757,0.3280733904509505,0.309574867958081,-0.0438571444987589
3,Mangrove,16,112.8337224874681,-7.32466865,0.0326557402126486,0.0652800443090644,0.027689500251362,0.1060681778962923,0.2560040438721124,0.2902641037043808,0.3240822507419094,0.3457342929954216,0.0985870288242773,0.0585266645839192,0.8425712093454755,-0.6646822485322602,-0.2032561128668859,-0.5335027462028229,0.506832163410805,0.5950222129686379,0.5219580541587286,-0.477131539207929
2,Bangunan,22,112.7133518,-7.1452564,0.0888082527558591,0.1330451363504173,0.1576727727922577,0.1758457837904632,0.1586717087087447,0.1389070031656578,0.1534955715280491,0.2213244046712331,0.2539811759102026,0.2287391307260233,-0.0134242487291202,-0.0713700864972232,-0.3124749801658784,0.2466045112200575,-0.0678633637519812,-0.0072851199418898,-0.0077244161957073,0.2589618644430735
2,Bangunan,32,112.71378965,-7.14552585,0.0877366240250505,0.1263242524486474,0.1385897723887227,0.1500523937404485,0.1600663277101311,0.1618440190832581,0.194682620118558,0.2011792650429768,0.2470579997064009,0.2521282162440302,0.1683093134103527,-0.2129498565257331,-0.323351595416128,0.1185659120278116,0.1294624115753452,0.1024941312984392,0.1009745100777688,0.1545182224055624
6,Danau,10,112.48692648167471,-7.2029215,0.0178139826216519,0.0169572592623555,0.0354318746391404,0.0234811476878315,0.0139049976885246,0.009412286742384,0.0316603259410679,0.0406719547735132,0.0471805083661817,0.001,-0.0562144125433661,-0.3024228026704675,-0.4712238942840108,0.1968546168318778,0.1483307856433305,-0.0084895329093035,-0.0099760198453101,0.250881249263864
5,Perairan Terbuka (Laut),8,113.1213541915211,-6.035668540828026,0.0455428289415478,0.042825842929877,0.037105078362252,0.0242029069092463,0.0240377868324148,0.0040821171599686,0.0067755847628554,0.0295311395152743,0.0233003511310914,0.001,-0.6911812800491024,0.726798786187051,0.2952762030354701,0.5494347998702486,-0.5625619790754158,-0.0854029722239704,-0.0836474680634672,0.0717418381753676
2,Bangunan,36,112.71359241381154,-7.144029296236764,0.112885690872666,0.1231162589642118,0.1164335338614407,0.1715604817314214,0.1890143534120585,0.1671423539433385,0.1798659919816204,0.1741196860698844,0.2411179031047349,0.2557204436642588,0.2140822119968402,-0.1873038194578948,-0.323971928240532,0.1454970408429829,0.0236337067575254,0.1536900347001402,0.1194885644061301,0.0996454607662561
2,Bangunan,27,112.71297579359616,-7.14435415,0.1184929561496351,0.1166760574500284,0.1549345220917675,0.1496482668827208,0.1477169126071659,0.1821175352824895,0.1536528491888052,0.1964034348065961,0.2793026339396826,0.2113535564138057,-0.0041533549914573,-0.1367844529160705,-0.4106952712738432,0.2902140967305274,0.0132033219816334,-0.0026823053831302,-0.0023776148660331,0.2294666764741872
6,Danau,27,112.41399181513788,-7.303726565338084,0.0164332016055593,0.052956548763068,0.0269584596650427,0.0630769797104278,0.0351093304273681,0.03308488381329,0.0335097062428315,0.0463930742713906,0.0317540764144594,0.0312919520922243,0.1083420734048372,0.2249067256816297,0.2502929479493477,-0.0269005216980853,-0.3061216240070907,0.0152779304838509,0.0175333238610711,0.0807104350539549
2,Bangunan,4,112.7147104731383,-7.1456027,0.0992405783041451,0.1305979876934674,0.1388784661765291,0.1428968971502326,0.1678789599376193,0.1810133322612123,0.1817240086737152,0.202428790509276,0.2755905356737783,0.2237094817044878,0.1336407099900237,-0.1636965100480618,-0.3569587501423829,0.2052559402604132,0.1196075505529276,0.0842957894958257,0.078318449816408,0.1919729170767179
1,Sawah,26,112.6087895093624,-7.412888527509244,0.0372377056642596,0.0638362512859443,0.0655052040391695,0.1117509442706589,0.2350256355130612,0.2707754748214292,0.2772154299714549,0.2976159267745737,0.2190451028014001,0.1143988659476417,0.6177341084983758,-0.6256505678938966,-0.5486711963308166,-0.1172173147193689,0.4253953458002684,0.3805099322814285,0.3768334677971399,-0.049920963094311
3,Mangrove,33,112.83759815757146,-7.34774356695705,0.0396347571975074,0.0699378919467192,0.0071652865408791,0.0965341048015076,0.2357265909572241,0.3366947678836548,0.2760768710397659,0.3142823967169527,0.0943909871773774,0.0275500928491568,0.9494052221831304,-0.5957519751992382,-0.1488058289704884,-0.4904227973954859,0.4818504483155382,0.6579308633356044,0.5149970195607075,-0.513232273563683
1,Sawah,10,112.36742554143146,-7.4511258,0.0486601939594889,0.0560292143708492,0.0720268517780212,0.1367503101013275,0.2265887088103417,0.2457742366412282,0.2848279779427719,0.295467875569892,0.1991097735344853,0.115790993297429,0.5963240731109745,-0.671245225449609,-0.5607945683939504,-0.1771265084600212,0.3512459528625173,0.3934822537975509,0.372527151829369,-0.1031243620404841
2,Bangunan,41,112.71264494481584,-7.145134218059157,0.0985024812925682,0.1285778877395506,0.121557389039606,0.1653569301440698,0.1863737542906621,0.1873022782072392,0.1820866760964238,0.1985617459615104,0.2474772327084274,0.2389200211134031,0.1993428945510867,-0.17223975442814,-0.3161753109785126,0.1522254433378963,0.0481509678224531,0.1290424401426049,0.1129777901985232,0.1361487480344169
6,Danau,10,112.48878902473834,-7.202863884949108,0.001,0.0432980389079169,0.0324313771283826,0.0462349895489967,0.0278742285668425,0.024513649214287,0.0326685628957471,0.0342780888954863,0.0102947506707281,0.0105658434502335,0.0036434098654047,0.1399230137964924,0.6158158192706532,-0.520765505426753,-0.1719368274427605,0.0004861333061921,0.0006295853633105,0.1185627522333882
2,Bangunan,2,112.71473354035828,-7.145322272446168,0.1033878975447483,0.1248732707823687,0.1681756869798969,0.1499663598999487,0.168897820076144,0.1863918592022914,0.1796486556119877,0.1924907278101702,0.2367611423548363,0.2323374816142047,0.0329849501435484,-0.1798733683919081,-0.3093949779072105,0.1371545215423684,0.0900514061105105,0.0202947375393587,0.0202983708813138,0.1771874887940469
6,Danau,12,112.48366228879271,-7.214019585354072,0.0432502745663818,0.0454148320804774,0.0396256597352078,0.0433434874450575,0.0407974197139706,0.0098353931471155,0.0178150839020384,0.029129422081413,0.0293546314941747,0.001,-0.3797056596481986,0.4364982510742614,0.2147962497480187,0.2446389012646826,-0.4174133332958882,-0.0585555294445576,-0.0586894017403288,0.060862725654353
5,Perairan Terbuka (Laut),2,110.80576985090944,-8.239289639392197,0.0651366785938258,0.0660951392894248,0.0397284875694905,0.0081805860444584,0.0073780977035802,0.0158771884395427,0.0316943153110384,0.0196798037139416,0.0270530295017584,0.0297285494311642,-0.1124874944967301,0.3517845944345698,0.4191398486431865,-0.0790041787431531,0.5896874444217555,-0.0256998064825986,-0.0210899150802662,-0.1836624624283161
1,Sawah,10,112.37273247690425,-7.447840751799625,0.051390191690435,0.0684746651067813,0.0712899022112143,0.1180893468745172,0.2135051248123348,0.2735144754056535,0.2722638229020974,0.298689229569814,0.2427879564962643,0.1241593429681627,0.5849854197901997,-0.5980808284619878,-0.5600199919017754,-0.0572289379973315,0.394961505553669,0.3822026999897649,0.3573701022964842,-0.0150159593254842
2,Bangunan,15,112.71341318573012,-7.144995533370893,0.1172406526143672,0.1193290059871819,0.1189225345898456,0.1744919452150616,0.1644444408550834,0.1851300518613153,0.1702881085728072,0.2246645256535053,0.246851527637252,0.2349385536884073,0.1776060979072176,-0.1759533530575127,-0.3482504109096379,0.1835438597408803,-0.0121928069326424,0.1278363165954906,0.0976271184910554,0.1197688087604321
2,Bangunan,1,112.71439016155236,-7.145333818235955,0.092407460999615,0.1297142096582934,0.137387381566682,0.1620733513821145,0.1863118193022269,0.192947261080562,0.1775741849543813,0.1899500735468266,0.2770291209747978,0.251608367713648,0.1275927209278056,-0.1557493741365148,-0.362181503320605,0.2187730148560275,0.0456379978309978,0.0767601962614094,0.0739669299239167,0.2110392272304621
2,Bangunan,48,112.71279944556572,-7.1457263,0.1172238463677398,0.1281329292858638,0.1436702288823102,0.1621827220800339,0.1673754794492873,0.1956846018031389,0.1670198575184724,0.1756711230975468,0.2692166018433871,0.2494685749210072,0.0751540830655525,-0.1317518581541831,-0.3550618816675269,0.2342691489843423,0.0146934918603748,0.0507661372792727,0.0432032456567233,0.1845323368694041
5,Perairan Terbuka (Laut),20,115.46208588618926,-8.6582776921085,0.0607793243808658,0.0476296815687973,0.0384079241290926,0.0205073481772182,0.017406003307401,0.0224622104011463,0.0236941713724078,0.0274058407169037,0.0013120752321265,0.001,-0.2369284385806406,0.3355891314583251,0.9463821574425862,-0.8950601663331056,0.0720975920186207,-0.0460785796230967,-0.0392644491306086,-0.3603529797631002
4,Lahan Hijau,12,112.45662189294936,-6.9291006500000005,0.0234102257599117,0.0593712302673784,0.0410118184910179,0.112691878688584,0.3075925300423385,0.3558282752191882,0.3319031754548056,0.391806266631473,0.169526209547057,0.0744999375601645,0.7800473590665022,-0.6965238219144054,-0.4812416376860238,-0.3238281808779858,0.493058333038639,0.5185608558136703,0.4998620008499502,-0.2558540377143951
5,Perairan Terbuka (Laut),21,116.21950160553146,-7.328925073292697,0.0492013880204138,0.0277968100831278,0.0542442263034558,0.0326518145664472,0.0064223741488463,0.0095205137800631,0.001,0.0035080716982924,0.0252448480381104,0.0434767921823858,-0.963797104283602,0.930547830652964,0.0481124098924641,0.9237945321348286,-0.9405678128702776,-0.139025409062743,-0.1438400179086864,0.2258276018291909
4,Lahan Hijau,26,112.29599108234032,-6.9441121,0.0347035550287329,0.0720176755842259,0.0422309226388041,0.1193209910539327,0.2755717493931901,0.3570142223985153,0.3475882759680304,0.4025240280894679,0.1544004404049858,0.0831238758817026,0.7833307175152092,-0.6567366328042875,-0.3638523538497815,-0.3848449753492989,0.488890027566041,0.5694003182179235,0.5147517953208628,-0.3206996533278788
6,Danau,17,112.4294134664705,-7.244770590600448,0.0357475353398428,0.0757735586217707,0.0417948550243736,0.0582183528393091,0.0208408890555055,0.0221372564061749,0.0164693001078051,0.0278464103004275,0.0048796256329566,0.0289890043983522,-0.4346678403633728,0.6429143533475126,0.8789973113263836,-0.5428691856776191,-0.5589819806238144,-0.0633688968672534,-0.0680472353913863,-0.056044908214077
6,Danau,21,112.4174085199824,-7.243672675931845,0.0357451972567752,0.0377472814643681,0.0610559791336593,0.0313057004848566,0.0533402449042496,0.0271669672604328,0.0321064567348244,0.041013352485392,0.0372027763272506,0.001,-0.3107424340960785,0.0807519367497071,0.0072649060707391,0.0735301675367218,0.0126278031287583,-0.0640275944348969,-0.0732080809107075,0.1830535568871138
5,Perairan Terbuka (Laut),6,113.35774956206896,-7.648783773097836,0.0680567322953817,0.0587770918619161,0.0291847790229889,0.0466558645853619,0.0580772484414192,0.0247611567319913,0.0217514013180884,0.0225594062542862,0.0296564425124727,0.0010120339745061,-0.1459351193825318,0.45978371905309,0.329294189428923,0.1537711067335938,-0.3640616617884097,-0.0270724184299086,-0.0202383995736997,-0.2083218715524253
2,Bangunan,2,112.71476326385722,-7.145320550383749,0.1015273091965494,0.0988103846609816,0.1202745634169337,0.1392825410276384,0.1773717888490938,0.21095841803485,0.2004368736600031,0.171560222012809,0.2813161390710467,0.2540460062552196,0.2499515163030729,-0.33960708355231,-0.4801184409289069,0.1678853335750927,0.180014240600819,0.1726699061146082,0.1465112583210316,0.1416044740291098
2,Bangunan,29,112.71328524198654,-7.144178699999999,0.1026355068424727,0.1393489454792736,0.113980827545942,0.1626947002117008,0.1612193224704043,0.1744393442329034,0.1664278874517836,0.1974567392644933,0.2876188342164035,0.2210335445823417,0.187037909000899,-0.0885578597449127,-0.3472624760949113,0.2669129424664628,0.0113428472206747,0.1213438232657758,0.1008069084146396,0.1976197526814177
5,Perairan Terbuka (Laut),8,113.01476949306785,-5.937199111427436,0.0583717551792448,0.0475831472381544,0.0140527693476686,0.0278988683816255,0.0053714553237104,0.0272923296511457,0.0321016974582215,0.0421521294679731,0.0155765146082929,0.0238686303489277,0.3910548418944067,0.1942834882170953,0.5067574965951834,-0.3465982004584523,0.0700464895242421,0.0664902971026796,0.0495709434075754,-0.5066010142705868
4,Lahan Hijau,2,112.4668141352533,-6.92798445,0.0536288020241972,0.0643519999063313,0.0669134766899288,0.0775165708058478,0.2798841057834148,0.3554950545340108,0.3262816742980912,0.3845107181272659,0.1634012625931818,0.1003583597741138,0.6596424098740283,-0.6705250750711377,-0.4348972267835899,-0.3326242331544632,0.6160628628094891,0.4891721901878326,0.4355736772438677,-0.245148402537933
3,Mangrove,32,112.83535095611737,-7.345647850000001,0.0396752503397259,0.0908181764193116,0.0311767519616686,0.0990750202119019,0.2646350353412855,0.330485055370655,0.2846452835745016,0.3330481040009085,0.0980051386655353,0.041794929187325,0.8025675927898838,-0.5162342738815369,-0.0380618368284256,-0.4877562745876979,0.4836081412629355,0.5396891033971443,0.466036440373144,-0.4302923916097023
3,Mangrove,14,112.83077098428464,-7.264250274569114,0.034911166427963,0.056165404424283,0.0246370483716819,0.0794836915180441,0.2479112333207346,0.2906698871414747,0.2831404235635585,0.336598859500315,0.1279494180348051,0.0363790635150627,0.8399034949717333,-0.6689393454169297,-0.3898872033325066,-0.3775111653156937,0.5616193822026021,0.552769161490165,0.4800270820364016,-0.3515761655566756
4,Lahan Hijau,7,112.45742540906016,-6.925267239234976,0.0566073892816494,0.0643961497990037,0.0439797652011697,0.0888531938866832,0.2781845737633004,0.3554150165544716,0.3507429360956901,0.3785916226022245,0.1961868566898631,0.0901198396336191,0.7771612048394733,-0.6897610833000709,-0.5057532651912844,-0.2825885171405147,0.5957507897618596,0.6444246435390922,0.5142875615817298,-0.2581920117047115
3,Mangrove,22,114.36023907184403,-8.545189500477912,0.024061230533841,0.0818177706143855,0.0356410439448115,0.0874171583573122,0.2497213578923146,0.2916044959327528,0.3054179682608099,0.3500729419940798,0.1257863451919875,0.0568401827316369,0.7909977859267194,-0.5774265508614721,-0.2117904753238122,-0.4165812285453976,0.5549422507740138,0.5037644087944443,0.4811379232627083,-0.3423295051379285
3,Mangrove,33,112.83501046639056,-7.355192054799892,0.0065444232218527,0.0632910400463085,0.0335189337134015,0.1255118913764247,0.2499749244746794,0.304441508844349,0.304690688689122,0.326192436583117,0.1211650038312451,0.0616284378027607,0.801786040999143,-0.6560098753173793,-0.3137547691828406,-0.4309574526073572,0.4164986571417085,0.465380352916072,0.4852695812507009,-0.3360050940463519
4,Lahan Hijau,14,112.3977170036882,-6.93366015,0.0384612108068713,0.084632425378956,0.0446705969368249,0.1065650995028966,0.2956673784107586,0.3554388949954489,0.3265297336987869,0.3434249387933056,0.1728431864697287,0.1014141828882167,0.7593181167700264,-0.5883258037998744,-0.3425985090969101,-0.3077590728576889,0.5078902282483869,0.5395076583426739,0.485294472781575,-0.2531776203336721
4,Lahan Hijau,10,112.46257719046464,-6.92852415,0.0360643280393475,0.0574598623946795,0.0590835829265814,0.0887696668994506,0.2813694065826318,0.3643194169047846,0.352136762325784,0.3776058099871899,0.1756664117872101,0.063917768062186,0.7126427037716566,-0.7194319518935977,-0.5070494490606157,-0.3343487854175838,0.5973310375441648,0.5101347282147778,0.4824077638181583,-0.2463292850442175
5,Perairan Terbuka (Laut),24,115.32098771919428,-6.269549105902986,0.0614854328883816,0.0669847391382101,0.0387528763775001,0.0398052406321697,0.027810813480526,0.0330270848225179,0.001,0.001,0.001,0.0080526974249117,-0.9496891512780912,0.9705816188171922,0.9705816188171922,0.0,-0.950986664457753,-0.1221971273413967,-0.1049171149328789,-0.2223487110825975
1,Sawah,11,112.34469223321727,-7.447466632439934,0.0271670108721285,0.0954137160583073,0.0547252670145811,0.1315370855065473,0.2263607142889959,0.2556298259894816,0.2552534710851259,0.2941462154638063,0.2249330899224402,0.1180539569521724,0.6469095417735837,-0.4558161140569541,-0.404309863690687,-0.0631429189436749,0.3198536860591705,0.3633145667502185,0.3713582739363094,-0.0049141238278115
3,Mangrove,8,112.7739563554057,-7.206484683327393,0.0329307137390819,0.0654271941690747,0.0096510022359132,0.0768627308829766,0.2466891496699632,0.2855289233548299,0.2903426397904124,0.3395206596313501,0.1074660626551289,0.0529459190751528,0.9356586183723472,-0.6321936924386793,-0.2431492645525769,-0.4597098443330531,0.5813637963262575,0.6372008472254455,0.5263010031745895,-0.4681216474003034
2,Bangunan,39,112.71281033054056,-7.144799000000001,0.0816191230079633,0.1425185379574081,0.1460289242461822,0.1485670610344412,0.1674438551414752,0.180198550092025,0.1910360004042024,0.1796260490771181,0.2473857629199431,0.2440943363229508,0.1335264298745315,-0.1454558602010087,-0.2689563168644446,0.1285286614422696,0.1250546419245971,0.0773282317494957,0.0806515865722452,0.1813016618600573
5,Perairan Terbuka (Laut),15,114.65642004861247,-8.539743160209914,0.0429498692147697,0.0290882623436987,0.0405155404030816,0.0467675160082458,0.0153363999189114,0.0143414648885559,0.0055765191331725,0.0177509659929865,0.0015644742561521,0.001,-0.758026889304014,0.6782602263900971,0.8979226732323089,-0.5618328006276208,-0.786928175805686,-0.0942722514105612,-0.0959701409124485,-0.0711469984858692
2,Bangunan,43,112.71296172995116,-7.1459844378303,0.0818144756041041,0.1056703273677028,0.1357697827709718,0.1636217823940364,0.1916121889700639,0.1793730415818673,0.1950521443631649,0.2161897348464818,0.2565282980346681,0.2489203531705527,0.1791971950787861,-0.2972236034899012,-0.4165061921007266,0.1361355536323435,0.0876293467040202,0.1061599519914529,0.1070308082684159,0.1725008215952554
4,Lahan Hijau,28,112.30053881525032,-6.95145605,0.0414638989127772,0.0898648031983295,0.033659755227215,0.090009762790594,0.2717377462399931,0.3748834575141697,0.2978147950974097,0.3649589298177712,0.2209693306373932,0.0988632311023745,0.7969089597213096,-0.5363965302193955,-0.4217829148923846,-0.1481260904100465,0.5358222617532216,0.5555105028045539,0.4765420176126793,-0.1425298857356172
1,Sawah,8,112.69468971061374,-7.981586999999999,0.0335939440742499,0.0954035861948092,0.0411774320417704,0.1469348665144302,0.2291734685143656,0.2521140700433635,0.2612532739154596,0.2747416348834753,0.2229933780128779,0.1309864171464425,0.7276901346688068,-0.4650119086574195,-0.4007255274397576,-0.0790091075926212,0.2800630292702039,0.437922383586239,0.4113922365629526,-0.0548755251910257
5,Perairan Terbuka (Laut),23,116.52715459677243,-6.636248345459482,0.0616582480468419,0.0693075536376213,0.0219745581853743,0.0439083972853318,0.0404135238121557,0.001,0.0291851738014767,0.0343776688067015,0.0061191042041884,0.001,0.1409431831467067,0.4073638782476597,0.8377468974988838,-0.6533505355990121,-0.2014297983189172,0.0258039664519754,0.0196239362138517,-0.5275878363191133
6,Danau,15,112.43247425874864,-7.2407478158345375,0.0420062753687282,0.0547337188129604,0.0251719093471508,0.0449754486807189,0.0296743731016844,0.020034927306405,0.0219356349288085,0.0339813606845941,0.0143690739961965,0.0235573853291427,-0.0686997040364548,0.4277860951695702,0.5841246437624508,-0.2084181624985381,-0.3443347822915092,-0.0094305830416047,-0.0088728654508644,-0.2357967182776218
5,Perairan Terbuka (Laut),5,113.30915727112756,-9.125289775143491,0.0463625481188295,0.0756104302050733,0.0706582015326957,0.0119344957719893,0.0011079319343591,0.0056427075828777,0.0184506737744216,0.0334367076655588,0.018868794130724,0.012580467051707,-0.5858847055633231,0.6076874861624503,0.6005726218931041,0.0112038131454961,0.2144525729246564,-0.1192300282645517,-0.1329317803887871,0.1601252998167434
5,Perairan Terbuka (Laut),13,114.029058296991,-5.836756072214596,0.0556962828274804,0.0611033459540853,0.021758594703369,0.0234445903858499,0.0280614465520861,0.0092900735414798,0.0082589913260405,0.0379474771727943,0.0232628160806918,0.0190232500351587,-0.44972313611025,0.7618594750169491,0.4485273302970412,0.4759823599285229,-0.4789868450455595,-0.0468028700071891,-0.0382051569603373,-0.1737423303577508
2,Bangunan,31,112.71375937772248,-7.14537307797529,0.1002848677996016,0.1194798112497211,0.1117164064333479,0.1540377499760585,0.1708430847963372,0.1757794501214144,0.1762976430673262,0.2073198705620688,0.2438156421942705,0.2155793667907318,0.2242294656170848,-0.1920965604248009,-0.3422443893079809,0.1607137915769274,0.0673857342950787,0.1475185521172358,0.1229316342930056,0.1248975149360947
4,Lahan Hijau,22,112.30713307925252,-6.93445735,0.028470357925578,0.0562967121625907,0.019836454044749,0.1060920588205816,0.2888477536947291,0.3870379405503922,0.3306724601409339,0.3759830813948722,0.1713636221334267,0.0931817055169683,0.8868134093865165,-0.7090377397145604,-0.5054324013940293,-0.3173254738354046,0.5141910367173156,0.6286304483677396,0.5482059051558451,-0.3051601889285174
1,Sawah,0,112.7155369630735,-7.1405499,0.0207077670492762,0.0503924919521155,0.0741070576798528,0.1298932471730722,0.2325526541478789,0.2630680938724133,0.2799653051135989,0.3039895826448667,0.2172597344092729,0.1160875731239312,0.5814016243126888,-0.6949217318485001,-0.623447987346096,-0.1261110475015219,0.366155730402826,0.3279461007467943,0.3615470826624747,-0.0157190091748101
2,Bangunan,36,112.71361743389554,-7.14403665,0.0862716141827001,0.1347100994149113,0.1545574697129559,0.1450646465973729,0.1773990169075865,0.178386993836009,0.1883149500694858,0.2034600845357094,0.2779450922805537,0.2411309931471909,0.098454930494248,-0.1659464198649314,-0.3471057565761644,0.1922320891300973,0.129732904397264,0.0574645231047429,0.0600757829374281,0.2233325215400347
1,Sawah,22,112.8185960027416,-7.416055218689314,0.0502202020983456,0.0681502046919859,0.0719489478124911,0.1289530182135679,0.209997885218987,0.2479228147301372,0.2784773006821465,0.2509716752742246,0.2130811579044189,0.1128287541336926,0.5893632488076946,-0.6067813203581829,-0.5153442040000323,-0.1330383833343653,0.3669935082564565,0.3871866088836724,0.3642791245600135,-0.0711511041508179
3,Mangrove,9,112.77595662345804,-7.207782861673751,0.0384741098032022,0.0625640755669245,0.0183281423720911,0.1277561848356254,0.2547248093058423,0.3116362845067486,0.2637207857595642,0.3491470632417139,0.1320314561698187,0.0504475068068995,0.870035720904752,-0.6165064133173218,-0.356983429300366,-0.3327570012363615,0.3473118747442807,0.5653511107647992,0.4706725523690547,-0.335507212199355
2,Bangunan,21,112.7133222470255,-7.144331149999999,0.0927251541360741,0.148318859572942,0.1399832041700316,0.12647446753152,0.1753604745823351,0.2091689668839034,0.2036388043281808,0.2274643143313485,0.244703597219278,0.2536822859396517,0.1852489025691478,-0.1571778377685853,-0.2452397712532039,0.0915924807864907,0.233751088310393,0.1180469359632848,0.1131826804841188,0.1296861379530055
5,Perairan Terbuka (Laut),15,114.81867114709046,-8.697709095627346,0.0861686605945952,0.0584961301609621,0.0210644508687989,0.0589105463284534,0.014788532442707,0.0219877907874208,0.0126932628440355,0.04477987756165,0.0084252294054117,0.0122422615110926,-0.2479785167916191,0.643394538710514,0.7482050623565705,-0.2020993348441409,-0.645458438218348,-0.042466177946045,-0.0235252469698276,-0.540485982388964
6,Danau,11,112.4945196480258,-7.214073453832221,0.0461345310191829,0.0776965977636716,0.0261196053113721,0.0405205910071318,0.0221483003627976,0.0248034562172235,0.0456713419839873,0.0149364821080469,0.0058682176722384,0.0341635140462156,0.2723426439803556,0.259591394535715,0.8595528974388629,-0.7722829571101685,0.0597590834588561,0.0570766974746449,0.0512907823176388,-0.4832075580225002
2,Bangunan,26,112.71372398251496,-7.1451708,0.0779704085452706,0.1294930248533593,0.1282489841915507,0.2058929684349523,0.1537088962608128,0.1611392628752794,0.1876520807342016,0.2229397021845094,0.2609688448541483,0.2485836363028091,0.188043355816383,-0.183383109727361,-0.336718716638216,0.1634269820569949,-0.0463501896235524,0.1082127751590813,0.1092101097111387,0.1887411879182924
1,Sawah,6,112.6058616425108,-7.4207596,0.0657097292911063,0.0590347075532239,0.060059478874671,0.1588441929109986,0.2469103214246363,0.2714640598874316,0.2558920467674818,0.2820609153995015,0.2110991297187854,0.1205628484850939,0.6198183942140307,-0.6250892815181363,-0.5629225243985955,-0.0959181226716291,0.2339989717265108,0.4357932265916163,0.3600077242432216,-0.085098749319497
2,Bangunan,4,112.71473171658457,-7.14563044256317,0.0947774531374498,0.1314617160825268,0.1653132955922996,0.1717319235864211,0.1479760436019673,0.1765144914093484,0.1838495157162229,0.2026638667538539,0.2680895682941431,0.2262442658030885,0.0530876126279582,-0.1661463157169952,-0.3419532290649815,0.1863969180182501,0.0340782469396834,0.0316339690198077,0.0327432264055932,0.2173727668400782
2,Bangunan,7,112.7148768252564,-7.14496775,0.0974818889586053,0.1364409634958577,0.148705939472879,0.1709772009148133,0.160031199916121,0.1643210582790228,0.1714841678512094,0.1906876792147911,0.2717929890297937,0.2546397607544107,0.0711397004034704,-0.1138043007020745,-0.3315550418209668,0.2262891723500716,0.0014803624033347,0.0427325004062735,0.0416578330589334,0.2197832735543418
4,Lahan Hijau,2,112.46515872261192,-6.929275378295266,0.0569495559116133,0.047552724266887,0.0388384169855169,0.0726706265564788,0.2968465316539134,0.3809753638655128,0.3412012393693463,0.3481248481264548,0.1891333577486554,0.0764386625077638,0.7956086069762373,-0.7553582517858908,-0.5981789536500598,-0.2867395077755328,0.6488254802324943,0.65896645356592,0.5153679499561765,-0.2717982523308113
1,Sawah,5,112.59628459688624,-7.423868830398664,0.0684406357647515,0.067910095867523,0.0490949127345074,0.1441389043134968,0.2373844536790705,0.2606922206902701,0.2462674947580962,0.2788306496534215,0.2091794334472609,0.1374850813482573,0.6675615323895435,-0.5676961172428481,-0.5098328234172206,-0.0814322348721175,0.2615955845648814,0.4797236073513022,0.3718542267640851,-0.0984912916833945
1,Sawah,13,112.22796782198104,-7.385995664060281,0.0529265595971433,0.089441060091533,0.0719781071968172,0.1422814592552116,0.2314188879943655,0.2817703307419753,0.2830623415554996,0.2779321005466277,0.1828778392969388,0.1431523928402183,0.5945357339028235,-0.5197839270408848,-0.3431152926664846,-0.2150158028016756,0.3309813889399028,0.4003929271241717,0.3703056995725144,-0.1373168520378218
3,Mangrove,21,114.23321766296452,-8.597264299999999,0.0408856197497808,0.0717743143303187,0.0354489461887129,0.0989138149175418,0.2508744875614397,0.2715309672224775,0.3050946265007002,0.3327907926547828,0.1183636376423722,0.0299368446006065,0.7918096277391887,-0.6191019908321284,-0.24502905697499,-0.4409666884060884,0.5103378789538106,0.5565919502888705,0.4811987547223025,-0.3844946355143578
5,Perairan Terbuka (Laut),20,116.63411673955656,-7.608176012529339,0.0600592146575963,0.0420089649044708,0.0302475776430046,0.0512541662368597,0.0321123085103442,0.0319380798203328,0.0486318553768544,0.009441809884253,0.001,0.001,0.2330680736023196,-0.0730674146456362,0.9534980449322522,-0.9597032803928588,-0.026253031118742,0.0589486642202568,0.0476375822456085,-0.5534103203322024
4,Lahan Hijau,8,112.45710184208416,-6.921795953544788,0.025830581002126,0.0748784150955089,0.0464026072003213,0.0932790589878662,0.2821823957055296,0.3487426621774705,0.3269861359410509,0.3810574434353174,0.1706848236778893,0.0758259924656985,0.751451491624223,-0.6273450085804193,-0.3901496358770515,-0.3140655666723526,0.5560942928824241,0.4968991467888506,0.4818877005413485,-0.2381616037462902
3,Mangrove,1,112.77387472906862,-7.203525750000001,0.0349241094312154,0.0505863413818345,0.0167486226586854,0.1157811232903561,0.2590419412231326,0.3303316342628021,0.3006946494719121,0.3161088293947426,0.128404113146539,0.0594620024621903,0.8944780086627002,-0.7119893016989897,-0.4347593369433534,-0.401517205205866,0.4439958764254745,0.6230955450511957,0.5210380398748865,-0.3961674616696586
2,Bangunan,26,112.7137530569658,-7.145213119059769,0.105003235174543,0.1227826995987711,0.1503147872676352,0.1681916774633867,0.1736396640698579,0.1883492499851633,0.1793597535565878,0.206193370928336,0.2491078339597046,0.2455455888845869,0.088101938743086,-0.1872529106046291,-0.339683650488475,0.1627849626727708,0.0321335925111633,0.0561266574227366,0.0525114937119171,0.1682685781219181
4,Lahan Hijau,3,112.46816965527456,-6.923123001026642,0.0015889392151206,0.0533081158747067,0.048373278633213,0.1022727545762196,0.2841320891645167,0.369813650040048,0.3457308636169375,0.3919836939138653,0.1659065588722086,0.0735690946617594,0.7545152469888702,-0.7328174991374157,-0.5136446390455055,-0.3514682399860527,0.5434288889879495,0.4577398259603892,0.4988640096813191,-0.236894676445652
5,Perairan Terbuka (Laut),6,113.20170039295778,-7.325075,0.0638846693209114,0.0203408191194895,0.0503075332018966,0.0358809317487561,0.035161720760086,0.0258074266867454,0.0207338723702023,0.0158703618145691,0.015507165653293,0.0053237813664317,-0.4162876589680183,-0.0095692317309843,0.1348375190961607,-0.144220664134953,-0.2675459068829599,-0.0876574467890687,-0.0776834933766296,-0.1249979236147497
4,Lahan Hijau,21,112.3250906244786,-6.944280895648842,0.0376590474876714,0.0556233942127038,0.0736275670001647,0.0663894360850308,0.2741749914530103,0.349944664615274,0.3282828626157583,0.3934973874819242,0.1921988651807946,0.0892836807226718,0.6336120593469972,-0.7102240790377656,-0.5511025149687232,-0.2614577801791704,0.6635718461348196,0.4279617668897711,0.4235264732286741,-0.1584686522942851
5,Perairan Terbuka (Laut),19,114.96914954454697,-5.008486143096516,0.0453185701993056,0.060972414647073,0.0101486185985519,0.030074350455136,0.0235440615588352,0.0373362655624762,0.001,0.0204612882280235,0.001,0.0175824406631241,-0.8206055034598385,0.9677275610589424,0.9677275610589424,0.0,-0.9356382062265232,-0.0316779353982681,-0.0268472365932493,-0.612000547172482
2,Bangunan,8,112.71516209512367,-7.144965066374587,0.0925159367505708,0.1333401938065852,0.1546212772262987,0.1796505953930042,0.1831151364266958,0.1962206219090572,0.190993628361563,0.2039829297367471,0.2613426349964572,0.2364411042135389,0.1052395323290771,-0.1777595503047112,-0.3243172277186436,0.1555236937165258,0.0306035605332036,0.0638177809104195,0.0645193531267852,0.1893629297081174
5,Perairan Terbuka (Laut),24,115.31528066797624,-5.5953914557228135,0.0273877820033183,0.0547301302667986,0.0137019746064856,0.0452821686481011,0.0059218317903615,0.0098802767272651,0.01116093711404,0.0188570159192029,0.0148479639528806,0.0172555209041277,-0.1022019230412935,0.6612306375264153,0.573200030670542,0.1417601876985759,-0.6045243341733919,-0.0071541084191857,-0.0072620033794612,-0.149016101889092
6,Danau,3,112.5226506132719,-7.215040849999999,0.0221890231290257,0.0369420204090587,0.0323319636655371,0.0474853390107661,0.0546427225327977,0.0353062571755874,0.0296598901779685,0.0407891285538048,0.0027047692710105,0.001,-0.0431036221502663,0.1093381564818127,0.8635566851886323,-0.8328565952190692,-0.231063525109562,-0.0063185479535406,-0.0071319721165728,-0.1934977859268485
6,Danau,8,112.49166144186252,-7.1789887,0.0238612454008472,0.0289596398389536,0.0539240523501104,0.0389898602078627,0.0586145395566303,0.0483203419397001,0.0080278144282034,0.0287251529859487,0.0218155690949536,0.0328945479997965,-0.7408370331325641,0.5659168834287586,0.140699974521017,0.4620037199886453,-0.6585192772887513,-0.0995482576604264,-0.1225093481360728,0.4074244958637721
4,Lahan Hijau,15,112.38646352750168,-6.9248395,0.0663932090417395,0.0464477619416423,0.028971051073595,0.0854527290510726,0.2848519757642592,0.3294042401064703,0.3328220725786335,0.3477145126571857,0.1836063203119213,0.082496777118656,0.8398474177670275,-0.7550674580912761,-0.5962013646117462,-0.2889379322127959,0.5914038856090361,0.7530763085914222,0.5288700034249562,-0.3050672625975336
1,Sawah,33,112.62570185301402,-7.4131722,0.0653676901314003,0.0682523020742724,0.0529461612788434,0.0976596543617502,0.2260037969888723,0.2612760909857759,0.2467347088147791,0.2967952813446826,0.2032504442720302,0.1038639606203215,0.6466497071659759,-0.5666341785653491,-0.4972256948308781,-0.0966348870575408,0.4328614807895523,0.451025987533698,0.3634985306949657,-0.0983739067894526
2,Bangunan,45,112.71342961576832,-7.145466124455012,0.0991608185193209,0.0861117918363358,0.1432326195395263,0.1460751380381646,0.1772853343878577,0.16077223128407,0.180450098077964,0.1957525500667024,0.2645465282742549,0.2418704591647702,0.1149813579711655,-0.3539077019526327,-0.5088564157633216,0.1889821743069701,0.1052750480893886,0.0717852389204457,0.0677763617150234,0.1864563334063466
4,Lahan Hijau,21,112.32247572813756,-6.939575876023883,0.0141154776228305,0.0133426790232099,0.0509958038950656,0.098556797756077,0.2971189895426556,0.3367892311893283,0.3452531874678779,0.3926926019454179,0.1732880454269027,0.083608716446534,0.7426072728111511,-0.9255837518900488,-0.8570151887795507,-0.3316325314176834,0.5558603847803308,0.4760331190289915,0.4924815309281339,-0.2314473290211505
2,Bangunan,26,112.7136842975391,-7.145176791948731,0.1159631423328701,0.1303291755146833,0.1546499805496719,0.1605896959903644,0.1816521154829772,0.1535806589303618,0.1929463127706803,0.2026567974500754,0.2694066440022375,0.2457003494857292,0.1101747425008898,-0.1936959012711391,-0.3479234568163176,0.1653722117402573,0.0915228318670726,0.0765239380745457,0.067773418529806,0.1570975417380677
5,Perairan Terbuka (Laut),16,114.88262214250572,-7.626651909244325,0.0630874775321458,0.0666252136682005,0.020710240130652,0.0388546664183294,0.0100826490707953,0.001,0.0218496410666368,0.0129368918042635,0.003398664841193,0.0396301467676828,0.0267717126354598,0.5060824595832947,0.9029283905717592,-0.7307807328546815,-0.2801288042990221,0.0042328273635541,0.0031500696295599,-0.5578214691131628
3,Mangrove,17,112.83457260671072,-7.373530760827335,0.0511267326636953,0.021911881237565,0.041967888004189,0.0930438259330369,0.2538448890282258,0.3253847273417671,0.2892880336169992,0.3197989626895738,0.108044086416207,0.0562077107871835,0.7466135055210352,-0.8591780998565223,-0.6627799097717081,-0.4561522655895345,0.5132823809180809,0.534101935607909,0.446288812831188,-0.3882390083376545
3,Mangrove,31,112.8341592791142,-7.354122244831013,0.011635448849366,0.0530753669561858,0.0388088649261726,0.108924286872652,0.2491313925771814,0.3024249357956933,0.332982717802235,0.3297360310611654,0.0996021958078633,0.0473935641595676,0.7912332224576534,-0.7250394724829144,-0.3047391358928215,-0.5395022205171544,0.5070262024640173,0.4973958702005209,0.5061539799834948,-0.4269039921388259
5,Perairan Terbuka (Laut),18,115.0145818729097,-6.098559775263658,0.0683774218264978,0.0399927422934744,0.0199711821382876,0.0356903837950066,0.0429129809713588,0.0371898546246884,0.0012222168173013,0.016038860450122,0.001,0.0059873121712711,-0.8846605717003883,0.9406905980733063,0.9512108524749946,-0.0999977660026085,-0.9337777743146776,-0.0770650712777565,-0.0539597163698458,-0.5369108455536759
4,Lahan Hijau,28,112.30133012480395,-6.952449510838334,0.0410077166448097,0.0541997453626757,0.0397384915457648,0.0994035665285774,0.2826222899053121,0.3146376881151902,0.3682131446051178,0.3777906752969816,0.1887093392917047,0.0693284798769896,0.8051803771481499,-0.7433802470445526,-0.5537445977645065,-0.3223138052087599,0.5748502376016144,0.6321263520545437,0.5426632432513739,-0.2834905216017585
6,Danau,5,112.53861239994951,-7.2144908,0.0053889808456976,0.0605686462558632,0.041450082712974,0.0407046429444924,0.0169856455465942,0.0153093299371606,0.0353889819737034,0.0073316597025614,0.0359670569122876,0.0075220126130434,-0.0788804585936224,0.2624039848037581,0.2548444594211823,0.0081012755123165,-0.0698568494620513,-0.0121838799642141,-0.0157611570808648,0.30998895671693
1,Sawah,3,112.7389278236456,-7.140478011982289,0.0558568239808082,0.0874451455151109,0.0836685706685342,0.1329786793102227,0.2373407590840761,0.2661118611102738,0.2709404745485507,0.2916130127008045,0.2132264720372855,0.1315880971137414,0.5281080837553483,-0.51200527657566,-0.4183345509222224,-0.1192026898966152,0.3415579419266833,0.3457687348422475,0.3286974990402418,-0.0479439201006958
1,Sawah,3,112.73279335081112,-7.140221,0.0494044057647953,0.0866368190745456,0.06543359855715,0.1238552660744799,0.2313853105738169,0.2411862611115723,0.2771555269083969,0.2899915535431556,0.2105954028989634,0.1344110146139169,0.6180053947875053,-0.5237018024537614,-0.4170428851365338,-0.1364633459525303,0.3822846245890898,0.4074007179030076,0.3769131156913515,-0.0838563874496562
4,Lahan Hijau,6,112.45944861855682,-6.92537745,0.0675534275474352,0.0421217803358718,0.0629284122144079,0.1153231579897223,0.2886599911267702,0.3371752282863742,0.3422738476722928,0.3729361788403271,0.1804355935725793,0.0862519161137166,0.6893975242058016,-0.7808415202610058,-0.6214748592069921,-0.3096141776292948,0.4959619192837031,0.5756406729993917,0.4629000299217917,-0.2548461285664087
6,Danau,9,112.50389663255618,-7.17748745,0.0342989032094089,0.0404514600893024,0.0310885962088652,0.0328387206788843,0.0542136914156234,0.0382043927252405,0.0300473513137465,0.001,0.0189981698175678,0.0412481643858855,-0.0170316306572653,0.1475784970117586,0.3608649867875863,-0.2252842056935527,-0.0443877194472757,-0.0027134487865878,-0.0027834027557379,-0.1246099098287212
4,Lahan Hijau,24,112.28374646823283,-6.9260516,0.0427358382208581,0.0792141631317063,0.0238687036507177,0.0861525231395771,0.2625714966760028,0.3537544650899725,0.3409897495287737,0.3730338227115323,0.1647889621067208,0.0710010559540373,0.869161841380956,-0.6229727470091556,-0.3507118957623322,-0.348375253881113,0.596609706177342,0.6812873341014286,0.5500108914566644,-0.3407994913481239
4,Lahan Hijau,4,112.46090509475724,-6.918280789570099,0.0165944878908535,0.0590125681698911,0.0315418798517131,0.0898405308689945,0.2864312168118032,0.3661621781407952,0.334851163572447,0.3917102163488866,0.1807461099816689,0.0766090168614298,0.8278248955228624,-0.7003401747147072,-0.507733618831065,-0.298886478257758,0.5769141128337314,0.541761566935947,0.5251241674136621,-0.2468500213380601
5,Perairan Terbuka (Laut),1,109.99266463985214,-8.519416152225995,0.0416716108374469,0.0557922035148828,0.0304238305726506,0.0254409798521978,0.0150778575178,0.0123781851137646,0.001,0.0257434264274253,0.0134732023791748,0.0227450537867274,-0.9363540058641138,0.964783881571706,0.6109687798475726,0.861813522023897,-0.924359803020176,-0.0844535912438995,-0.0830518755837808,0.0141554961078749
3,Mangrove,7,112.77185692651148,-7.20357125,0.0302232881281139,0.0660366113001528,0.0235579103115824,0.1047211945838438,0.2574673612219555,0.2762707122384315,0.3001432842938527,0.3134915200045477,0.0839842135632664,0.0520530998103407,0.854446562870916,-0.6393214787901392,-0.1196340718684843,-0.5627274052852673,0.4826851932504499,0.5691918664712263,0.5036754392132914,-0.5088376867657568
2,Bangunan,28,112.71274711173838,-7.144398346770553,0.096347079374127,0.1398320384111771,0.149537650073989,0.1421427436796746,0.1724228697823077,0.2047216824273582,0.1772815344817994,0.206715725451426,0.2681881825660872,0.224450656512531,0.0848906234211104,-0.1180949008611698,-0.3145828006584984,0.2040691979752381,0.1100066372361181,0.051305191489387,0.0503324395334077,0.2084274127490627
5,Perairan Terbuka (Laut),6,113.25850219205428,-7.286444566190593,0.0461824841989007,0.0146817407856216,0.0268885764495478,0.0218314390215763,0.0317563965109669,0.0252862906851506,0.0109895505834599,0.0288494126804435,0.0208489458973565,0.001,-0.4197415947333289,0.1438256457477194,-0.1735740430008478,0.3096689886147151,-0.3303339795128768,-0.0481233128375038,-0.0443381829461683,-0.0899299606603197
6,Danau,21,112.41842886978516,-7.243429183336735,0.0487666422346826,0.0717340103712628,0.0720012890387148,0.0513723439266189,0.0324460531189905,0.0446061044014699,0.011611453499075,0.0316152947924245,0.0102840853538252,0.0159697683634432,-0.7222563569193939,0.7213656671748307,0.7492239819147243,-0.0606227640043307,-0.6312875917519056,-0.1400676120085494,-0.1552138031043662,0.1535591310503597
5,Perairan Terbuka (Laut),4,111.97902510345966,-5.513900760843958,0.0352631711199861,0.0344954650172163,0.0373789530203446,0.02734088007774,0.0196035506788895,0.0360880004706529,0.0313855571747755,0.0399480987262764,0.001,0.013800968758318,-0.0871582701804243,0.0472049110921947,0.9436547473688628,-0.9382440472630864,0.0688731892719933,-0.0151167362077173,-0.015806355015487,-0.2691649920408739
1,Sawah,9,112.3201666900811,-7.441549950000001,0.0323569952503485,0.068335911083776,0.0605487623461649,0.1141426768879259,0.2142216909065238,0.2678357343221962,0.2517492237242039,0.3026319043870644,0.1962336969387372,0.1621435345514458,0.612237251900559,-0.5730141519300607,-0.4834182819693319,-0.1239233106909287,0.3760852487578429,0.3483048501068574,0.3530732526551076,-0.0505164199906345
4,Lahan Hijau,0,112.48461166557048,-6.9305516,0.0457253580171942,0.0591993773335723,0.0562948887530954,0.0907453074436783,0.2947926107183607,0.3580774678046162,0.3398195512015158,0.3752759503886428,0.2164000163809705,0.0777448702388688,0.7157645193776411,-0.7032753413350702,-0.5703954437571302,-0.2218899546002621,0.5784825170430454,0.5310848142056253,0.474590046438903,-0.1714420815218588
5,Perairan Terbuka (Laut),7,113.23189955021944,-6.625931730442652,0.0679875570301581,0.0680831084672043,0.0144450914301192,0.0372395324918366,0.0108870643856687,0.001,0.0156879330191624,0.0398710544844087,0.0169111301517769,0.0402671405740883,0.0412451644171978,0.6254568869256801,0.6020640756929535,0.0375224615713023,-0.4071912164583854,0.0052444839433225,0.0035165935672494,-0.4548247372023064
6,Danau,9,112.50569395497826,-7.173990307801645,0.0194221318660601,0.0687815813676288,0.0523123586688374,0.0227780005779331,0.0231258349752407,0.0288570649196407,0.0287840846271467,0.0036028460469526,0.001,0.017344392158086,-0.2901270733377372,0.4099546282261764,0.9713391280028096,-0.932850011746639,0.1164825648311705,-0.0491404060635865,-0.0607341715298706,0.050297614177332
4,Lahan Hijau,9,112.45366527282444,-6.921422240208974,0.0502544309421958,0.0463303276689949,0.0659714312654851,0.1080445214831241,0.2742124183808257,0.3399759499204205,0.3438517567227079,0.3549341137274232,0.1904950991302929,0.0756964377795895,0.6780492976575525,-0.7625194497462177,-0.608738566635164,-0.2869983338081157,0.5218171648901254,0.5097703478070936,0.4581335073548854,-0.2115669059530413
2,Bangunan,31,112.71378336499518,-7.1453337,0.089731659637303,0.1097536229762223,0.163060363278467,0.1631719022854587,0.1617196290648263,0.177673003032291,0.2002961036631309,0.2219930422943852,0.2477481023109461,0.2393634928488133,0.1024771640796792,-0.2920256739984194,-0.3859966797024015,0.1059091891139232,0.1021388421207678,0.0618258312059855,0.0646935683181417,0.1723379830234559
2,Bangunan,41,112.71265655745832,-7.14515615,0.1154208034809877,0.1192004569651326,0.139538842516092,0.1512395600016698,0.1717868589404941,0.1847699804162107,0.1682361223662723,0.1981243337621017,0.2508485170091433,0.2744949610442225,0.0932411113032134,-0.1705964680786388,-0.3557584777884121,0.1971257991437406,0.0532014273681899,0.0629429477455464,0.053289494780937,0.1583433549334963
4,Lahan Hijau,27,112.29584075056164,-6.954138383025368,0.046288009124359,0.0622233464427521,0.0564273112196889,0.0890393128719817,0.2804676767299695,0.3497322704256141,0.3359085692849344,0.3741529173286887,0.1810930235674273,0.0905161124397829,0.7123520209097978,-0.6874234678084773,-0.4885395776336894,-0.299448875126132,0.580940078060805,0.5264044560409216,0.4698027909185885,-0.2334553734260741
1,Sawah,37,112.6257404978809,-7.416880301664448,0.0344512703769551,0.0787322017773279,0.0801271698984234,0.0942809898981711,0.2455067925190835,0.2522632414169035,0.274979932401854,0.2937002472441611,0.2262687958719576,0.1282638657134031,0.5487154739866288,-0.554823290202107,-0.4837249541739339,-0.0971795711092715,0.489353005156369,0.3253275224301858,0.3418041353754418,-0.0049287156502854
5,Perairan Terbuka (Laut),2,110.0773857591523,-8.094052939259699,0.0630077272116801,0.0030214277188372,0.0357426856329771,0.0685548297141689,0.001,0.0163794581794795,0.0198813351481291,0.0130612577891513,0.0255456136383846,0.0170867652153295,-0.2851528885715285,-0.7361516508323941,-0.7884675507491978,0.1246898265649608,-0.5503799728476272,-0.0520536145692546,-0.0428203692378613,-0.1498207672428135
4,Lahan Hijau,11,112.45890571215271,-6.928941829387013,0.0347742347340651,0.0784093671996328,0.0272468893729141,0.1046974841099852,0.2810195495674544,0.3266492607179587,0.3202145472449723,0.3801786652437294,0.2097179999803044,0.0986890471784821,0.843165963626281,-0.606599781590229,-0.4557312053003882,-0.2085105880639272,0.5072039545233475,0.5989252262683996,0.5185504234409576,-0.1993802862322199
4,Lahan Hijau,2,112.46877338523964,-6.925067151326951,0.0329349960812612,0.0499152620051937,0.0620458564676281,0.0912127958974617,0.2913711998041014,0.340243693209902,0.3332107159051908,0.3763167475219897,0.1992576769024395,0.0616522101145482,0.6860476908040971,-0.7394315955960312,-0.5993524615979807,-0.2515699345924854,0.5701802862186212,0.4648094068658906,0.4543359989843883,-0.1670926839504284
6,Danau,26,112.41651617900644,-7.29737085,0.0551202700011209,0.0553306431600514,0.0594300849576337,0.0393558837556488,0.0442995532746417,0.0232315366664035,0.0122810174107377,0.0198373632467904,0.001,0.0293063838992036,-0.6574862933665481,0.636718943879834,0.9644953287891148,-0.849409063511049,-0.524331731939869,-0.1233675196093921,-0.1237051388845943,-0.0545343625001582
4,Lahan Hijau,23,112.2922415948835,-6.908834949999999,0.0527277415808275,0.0831884471966797,0.0436010726896312,0.0956094375336777,0.2913567755301167,0.3630305401284752,0.3346050748199904,0.3849546096826632,0.1977079089361795,0.1183568848991167,0.769432234978475,-0.6017724396681924,-0.4076929402303855,-0.257174199773687,0.5555266730154234,0.6058779226245291,0.4970427552043028,-0.2322846412712397
2,Bangunan,33,112.7137202509322,-7.1458955,0.1058724405602216,0.1140954379305443,0.1157139226982275,0.1617081279121301,0.1861851445885417,0.1620361756644876,0.1895813907251396,0.2049731254270054,0.271252223948485,0.2530796324957851,0.2419541491045508,-0.248573303666872,-0.4078311643147977,0.1772241226455731,0.0793455575953148,0.1694485282899719,0.1375907697380535,0.134099701337232
3,Mangrove,1,112.77406663981408,-7.202582826483254,0.0480676132740923,0.061188225717062,0.0087448663034552,0.1353373177239722,0.2595658740152785,0.3057650093897011,0.305992871340677,0.3244860680075972,0.099086394772679,0.0818251247759891,0.9444307705766236,-0.6667136378167252,-0.236457704303752,-0.5107802185049818,0.3866845220620548,0.7446428298129076,0.5472583224696341,-0.5330885977129416
3,Mangrove,29,112.83621117504742,-7.33439180779378,0.0342516215361695,0.0444883329070543,0.0254261674359125,0.0896450563123333,0.2690284347290966,0.2898181773923673,0.3151749062055997,0.326314188395067,0.1002559443560775,0.0312004210648225,0.8506982518321528,-0.7526111737573199,-0.3852837025284189,-0.5173399159971007,0.557111482184291,0.5982367659793719,0.5170384880330079,-0.4709331653038642
2,Bangunan,11,112.71541316315422,-7.14542515,0.1353965790149441,0.1147013446225858,0.1336827052601427,0.1617799625458599,0.1848087102947511,0.1714993046203477,0.170535576043018,0.2158578390536205,0.2656795898575705,0.2093290760549276,0.1211395663136069,-0.1957468587670748,-0.3969132812726385,0.2181125761641282,0.0263472888086727,0.0962560292605337,0.0687366943272391,0.1324696939044531
2,Bangunan,35,112.71302378669355,-7.14487835,0.1013523524150136,0.105206398342251,0.1391647242102501,0.1600798429067755,0.187103142184051,0.198111375424668,0.1750618590246148,0.1967907028420878,0.2699643845308345,0.2312221732660948,0.1142396493974993,-0.2492449950965347,-0.4391546284273525,0.2132515254263729,0.0447035268568366,0.0717995792838105,0.0661311032214423,0.1935908252637936
1,Sawah,7,112.69349234194992,-7.969897916606007,0.0308807239697674,0.0814224028959556,0.0515812667396223,0.0972945068689271,0.2243048529372774,0.2429571570537317,0.2587175869789872,0.2763634566709496,0.1969317589196128,0.1500144465238523,0.6675381397304985,-0.5212418087828331,-0.4149726192533761,-0.1355995097544257,0.4534202136559959,0.3874314637849461,0.3834443044478807,-0.0763509006744805
3,Mangrove,1,112.77319356909764,-7.20428559142651,0.0109312626013139,0.0437593976656977,0.0359189913205581,0.127661746200914,0.2659058749897159,0.2941965517402312,0.3114927595027542,0.3264075204661988,0.1043257217395369,0.035623113414571,0.7932194772799402,-0.7536431677639627,-0.408996689931436,-0.4982150784786526,0.4186021331801685,0.4767638880415764,0.4877919758272045,-0.3937575522270272
4,Lahan Hijau,18,112.40299168297663,-6.9145954144752295,0.0642117088453673,0.061513523027206,0.0306515622483079,0.0906790825967932,0.2702631531754261,0.3393656146843123,0.3207527829609451,0.3574936939666924,0.1770749343351837,0.081106111945194,0.825548186418527,-0.6781640317093772,-0.4843545748237854,-0.2886095798713557,0.5592024319581099,0.7088957501399484,0.5110989079601264,-0.2990394630518905
5,Perairan Terbuka (Laut),20,115.28315222780724,-9.2859024202844,0.0624306710919346,0.0755891041806316,0.05997433475012,0.0478033701689862,0.0203851168048699,0.0167496011891611,0.0286410425534208,0.0451096174290656,0.0165065368332167,0.0168179780780321,-0.3535875239325942,0.4504268932535782,0.6415348875957736,-0.2687742203742893,-0.2506700840842287,-0.0851210357227295,-0.0798483018067866,-0.087082165608018
3,Mangrove,26,112.82645557442038,-7.337960835227461,0.0354240078276537,0.063846883662878,0.0403043050165622,0.1258424482505359,0.2625643302828125,0.2983043944369292,0.3226307943498386,0.344513256239867,0.1051853023942441,0.0500777967298853,0.7778980017315875,-0.669596007065768,-0.2445594501915567,-0.5082686067733457,0.4387961799448104,0.5434469961583093,0.4907550223775305,-0.4221379292411225
3,Mangrove,24,114.42889527601804,-7.790092396123267,0.0203160509631349,0.0709895934969823,0.015000228287844,0.1053506895855393,0.2712027021595144,0.2986763182456035,0.3151509554529739,0.3254353474576531,0.1067921659850912,0.0353413065330221,0.9091311527497936,-0.6323121515925607,-0.2013849586764499,-0.4938077631505096,0.4989285246417781,0.5989684175539429,0.5423422860386599,-0.4672940815517257
3,Mangrove,17,112.8358434629485,-7.372158672651639,0.049642884547716,0.0801038160142774,0.0377548570824171,0.09317323998942,0.2564079340232552,0.2879377505763756,0.2850784032145703,0.3143337526753735,0.1007291838982218,0.0344791851397288,0.766103050034334,-0.5612939947400561,-0.1140575435892067,-0.4778268364759412,0.507347862635215,0.5427161514368103,0.4508633001348646,-0.414697879434823
4,Lahan Hijau,5,112.4628701756082,-6.9239201,0.0392727414929401,0.053016198306171,0.029715895114626,0.1232063422919741,0.278765114827109,0.3690506440089038,0.3320012172597595,0.3836716442569798,0.1791678597561549,0.0645356653572281,0.8356953845096654,-0.7246036333678818,-0.543326109292114,-0.2989878771556803,0.4586805955391335,0.6216020293092012,0.5261912252947134,-0.2799069973365933
6,Danau,12,112.48279956451972,-7.2119985,0.001,0.0604306572179097,0.0028775592960939,0.0464015338332625,0.0268984175467215,0.0319467348369276,0.0063247058550764,0.0417081166424475,0.001,0.0286245589434811,0.3745975722017268,0.8105109172002595,0.9674429501812352,-0.7269513934726434,-0.7600926494091879,0.0084814001463785,0.0101545499546015,-0.3077186805298679
6,Danau,27,112.41399961131236,-7.303673703483836,0.0263371962134749,0.0373421738719349,0.039333881224053,0.0279325327068638,0.0152193299389517,0.0478252488090802,0.0253193174116253,0.0264760585762759,0.0296214947710057,0.0101339780966604,-0.2167652009707174,0.1918699351413928,0.1152965353018567,0.0783056731446504,-0.0490727597323124,-0.0329353442614262,-0.0372296584335922,0.1434258453375673
1,Sawah,22,112.81787609331776,-7.439611488851891,0.068528710824654,0.080200333873155,0.0865741073343658,0.1341543801282904,0.2368783870431825,0.2754451387157177,0.280462324678815,0.3241614567283414,0.2245650950393878,0.0962949102323169,0.528253328294214,-0.5552612268052189,-0.4736913934354707,-0.1106815736063111,0.3528751796571174,0.3769382133884622,0.3354326476701644,-0.0573399473323558
4,Lahan Hijau,28,112.30127739796032,-6.950241342436843,0.0202650466708835,0.0307904225146527,0.0236874682035782,0.0878259992321184,0.2557827811886441,0.3389877838007799,0.3097792827859988,0.3647301691434848,0.198006305998653,0.0960538210542165,0.8579320513229538,-0.8191828430713607,-0.7308490984101927,-0.2201184496683884,0.5582251872235987,0.5502120162518466,0.514882832895391,-0.1963804100889397
2,Bangunan,45,112.7134601553407,-7.1454924,0.0723467887381193,0.1098373268146234,0.1238957640629365,0.1315743122507817,0.1717547035103583,0.1463575856758435,0.1601670605086882,0.1919420930897987,0.2475307124607338,0.245946127533106,0.1276875859161168,-0.186403391465617,-0.3852985441563705,0.2142853297957863,0.098007176320079,0.066629089099024,0.0693910525580051,0.2300105177935157
4,Lahan Hijau,8,112.45728280146952,-6.92327935,0.0614250745939586,0.0579726958945137,0.0511962732944944,0.0887195691630766,0.2775273342763035,0.3369972146011497,0.3585399772414509,0.3846711402117601,0.1855058029002133,0.1103727622065746,0.7501013219963865,-0.7216281760703906,-0.523796175486627,-0.3180507603204466,0.603274786741071,0.6376268989013022,0.5067573768208539,-0.2790804770620652
6,Danau,18,112.42937844236276,-7.254968016737195,0.0406672523540178,0.0537375575193226,0.0324558338258702,0.0249446589455033,0.0039151915920013,0.0169116133637765,0.0192842447274435,0.001,0.0118351731159087,0.0062858045031336,-0.2545722622025447,0.4718222675965606,0.6390214858900322,-0.2393705245278397,-0.1279799773454957,-0.0362249005766462,-0.0358092232477379,-0.1502313296883159
2,Bangunan,2,112.7146564692768,-7.1453583,0.1045837028785372,0.1334069811890318,0.1512857559906902,0.1771121918404207,0.1699712239998642,0.18455200351225,0.1876727055287878,0.2021248504608654,0.2540420853512439,0.2350133619849034,0.1073492877789021,-0.1690101442587901,-0.3113573222102848,0.1502539218575268,0.028949975000551,0.0693872744132809,0.0650573619679492,0.1620900024809356
2,Bangunan,46,112.71256713005698,-7.1447489,0.0875010611269413,0.1523798851605725,0.1470473738480745,0.1706949613801764,0.1458772128318269,0.1676594696538134,0.1985682553187809,0.2043033667743891,0.2312933039775661,0.2555743489347573,0.149069882764947,-0.1316102429364931,-0.2056787412969393,0.0761292743557355,0.0754835374947315,0.0904132369346435,0.0913906029411982,0.1388771421812104
1,Sawah,33,112.6254588387752,-7.413215428345939,0.0525593761780968,0.0715932579679538,0.0704657080073283,0.1262190577689496,0.2182103508810297,0.2656518657678769,0.2729757174093966,0.2784917439720403,0.1979057726897297,0.0995963484361173,0.5896493370498255,-0.5844474495605816,-0.4686937609565046,-0.159424284323513,0.3676317136346524,0.3889711787128301,0.3601495076590756,-0.0962501768279755
1,Sawah,2,112.7241733635152,-7.139326603598021,0.0467713331513576,0.1067344068905706,0.0667930470722506,0.1029928196239872,0.2583957332813381,0.2802358876471919,0.268949807117808,0.2844287339587689,0.226235278946876,0.1118702489966071,0.6021178319077546,-0.4317865743271101,-0.3588941479668231,-0.0862597224486939,0.4461897484066521,0.3831852695541526,0.3628330634812421,-0.0372777562354598
2,Bangunan,47,112.71292678609038,-7.1452564,0.1128581553033492,0.1033193361846119,0.1525306549085335,0.1777921375317824,0.1731629690313213,0.1773568041155703,0.186004648624645,0.1570772244484899,0.2645338732772819,0.2382996900324029,0.0988788857997259,-0.2857879626148422,-0.4382577955218641,0.174300799289767,0.0225744464569208,0.0666944198737493,0.0598793996658253,0.1651029633743999
2,Bangunan,46,112.71255602838325,-7.14469669210622,0.121404771508397,0.1212805707240388,0.1150774262039223,0.1323381932324871,0.1738262306580164,0.1711203178840503,0.1662813558250897,0.1990587997404699,0.2692337793179193,0.2182086367985677,0.1819880263552587,-0.15649076177987,-0.3788675325224704,0.2363922971876305,0.1136669135897432,0.1352868886476017,0.0982978577809076,0.1437878892078416
1,Sawah,29,112.61359210789858,-7.4173312,0.0486369360556105,0.0795375122887372,0.0667843733544232,0.1083703189653998,0.2222523388675875,0.2837193608098027,0.2494749855367332,0.2871566673269108,0.1977036910684373,0.1216702564409716,0.5776607283502521,-0.5165076520030378,-0.4262215605854337,-0.1157731731431224,0.3943175008914357,0.3553174391305947,0.3357216248591963,-0.0597651225480289
2,Bangunan,34,112.71308298258514,-7.145216864222925,0.0971613145514741,0.1654764362266595,0.1365870587695517,0.1638279002763402,0.1640333312908969,0.1855848834009045,0.1925342239182936,0.1982912541042037,0.2866507977067643,0.2435872392695019,0.1699895081893426,-0.0755781618488698,-0.2680094276956084,0.1964096733927197,0.0805538007897862,0.1089868474166279,0.1012164920565766,0.1873138763956114
6,Danau,29,112.42796898763622,-6.9796207055246615,0.018220386110464,0.0760253449966081,0.0101241055076196,0.0642314540976789,0.0147523406713995,0.0299848015119507,0.0126470582978297,0.0248440699269321,0.0320203585453332,0.0324974019584321,0.1107959479352694,0.7147464558232799,0.4072812208299587,0.4337233084645147,-0.670985864860166,0.0067333412534247,0.0072391697311051,0.1544545229384097
1,Sawah,18,112.57560338009566,-7.210923431350655,0.0524648098907287,0.0703926489221686,0.0659365955939359,0.1264580486233302,0.2189841836391305,0.2772764080274567,0.2735758256225614,0.2886707908212024,0.2035431249980706,0.1319481604577999,0.6115806563808727,-0.5907029019988508,-0.4860645752263314,-0.1467824750758912,0.3677632973177615,0.4069093679073323,0.3709996864508783,-0.0949772988386403
2,Bangunan,9,112.71511815,-7.1452998,0.105384346609772,0.1206908720786567,0.1599223493134369,0.1852357537801015,0.1870035305431344,0.1658769359665529,0.1830201727982238,0.2065927421643714,0.2328557454662415,0.2470404098943116,0.0673518794788428,-0.2052256628981297,-0.3172562471371525,0.1198327923294017,-0.0060164163451419,0.0427050499809424,0.0411021324922446,0.1532240739040681
3,Mangrove,26,112.8283185431868,-7.336337,0.0252134138917053,0.0487687556402862,0.0266901589013807,0.1045166975065104,0.2747437430969264,0.2606227997385479,0.2875235823860578,0.3323864436328351,0.1085170532605657,0.0560506436379008,0.8301146270237604,-0.7099621342461456,-0.3798708711100062,-0.4519903074623497,0.4668063303671013,0.5181171510924443,0.4805250948090965,-0.3963211944136339
4,Lahan Hijau,25,112.28358586856626,-6.936258649999999,0.0549243339634999,0.0498368998063965,0.0296732182359367,0.1053752897652105,0.3067155768886344,0.3743538076695932,0.3453956724835616,0.3869357848827548,0.1918724839812723,0.0711452448694597,0.8417719016903785,-0.7478097521590954,-0.5876295796278158,-0.2857477897568084,0.5324663793525855,0.710125394975848,0.5411958834258725,-0.2874805628475126
5,Perairan Terbuka (Laut),11,114.3867223821686,-7.044348723563557,0.0333586845434113,0.0531296285973051,0.0330347727083753,0.0178305549781987,0.0173760517699423,0.001,0.0338956512174987,0.0084398111049174,0.0094801547288053,0.001,0.0128622896100958,0.2210159760442224,0.6971669737935269,-0.5628828189621449,0.310579435652808,0.0021918375097999,0.0022777358723191,-0.2253764612932492
3,Mangrove,0,112.76483569297125,-7.196946726137879,0.0383815655210663,0.0683777277241134,0.0203582464553891,0.1082068345815901,0.2478705429519117,0.2908686461453201,0.3169041471481845,0.344619865360503,0.0994043674682631,0.0389963548474843,0.8792735432047281,-0.6450508964674097,-0.1849222321586385,-0.5224485484229388,0.4909243022292242,0.6439975487420008,0.5312777146536998,-0.4957876600450475
2,Bangunan,16,112.7135859696352,-7.14489379993884,0.0847597520588766,0.1121664228068624,0.1517177180783561,0.1757896662642334,0.168939266124133,0.180669874214452,0.1913752954896609,0.2019769764051623,0.2405974271099243,0.2278053896303973,0.1155884140084783,-0.2609488832914632,-0.3640707628326619,0.1139473141037709,0.0424485743643093,0.0676296465789088,0.0705572993247893,0.1738051671288544
3,Mangrove,13,112.82294228368,-7.260329887645581,0.0190950844138897,0.0957579155697281,0.0290071105096685,0.0938840384259335,0.2603894317015026,0.2699577939221125,0.2886019811198262,0.3447485995416811,0.1005658196760083,0.0375668725579959,0.8173408023711293,-0.5017278511866432,-0.0244896730177459,-0.4831750226409159,0.509085122682535,0.4918687867301973,0.4762573091490185,-0.4073550362119763
6,Danau,23,112.42401145965526,-7.272506835682088,0.0451578603049006,0.0437032343372477,0.0135795541945369,0.0393528948389583,0.0317701462969368,0.001,0.0193888046327421,0.0430196990152239,0.0267684407828274,0.0434469267279245,0.1762068379694892,0.3853803065500968,0.2403063824615923,0.1598803378270008,-0.3398623132443059,0.0190546650446457,0.0163497054055542,-0.2306949633965239
1,Sawah,9,112.31078491758544,-7.438215076546957,0.0721919321577829,0.0771489249064888,0.0391785803848706,0.1271712080049098,0.2421760356499475,0.2554529940732739,0.2673545107426601,0.2796234538549653,0.2325304387776469,0.1312418552310984,0.7443761741158396,-0.5521152058343077,-0.5017496533217279,-0.0696641735838744,0.3553210747006404,0.5935981668684508,0.424364355662333,-0.1109804784369478
2,Bangunan,23,112.71320597457384,-7.14530235,0.0841391988300508,0.0915327825015033,0.1592988519693085,0.1475978634191039,0.1696894045384065,0.1712112268432262,0.1840224417143297,0.1857419568922138,0.2573008986817504,0.246747229898348,0.0720129806332094,-0.3356483592005281,-0.4752067379008534,0.166042559035314,0.1098382023704233,0.0409664232192537,0.0439753921729432,0.2167734802202637
4,Lahan Hijau,7,112.45771979803328,-6.925145065471844,0.0156584900460021,0.0546208896969205,0.0485045598937558,0.0895801096993171,0.3178106303823695,0.3632852848047909,0.3595649519899072,0.3919286451811063,0.2077929746240785,0.0781949702479118,0.7622730497507954,-0.7362493616749705,-0.5837042365874588,-0.2675065773807076,0.6011083383040545,0.5072231262259561,0.5138269505121367,-0.1883166383146061
1,Sawah,37,112.62781269278196,-7.418648292559721,0.0426466677494183,0.0666496887535459,0.0285598674148938,0.1234795078941529,0.2355403708954985,0.2626016723174114,0.2990307177529366,0.2902006371907379,0.229365435827762,0.1239213061909495,0.8256368215644503,-0.6354757439261253,-0.5496872727522908,-0.1318429010530111,0.4154957650419582,0.5877041878736644,0.4902258227415544,-0.1396792971280963
1,Sawah,17,112.38894023453446,-7.3278500000000015,0.0612090807671518,0.0808611510715723,0.0532400859692308,0.1362192442754005,0.2386799245072275,0.271319443444965,0.2732937739076991,0.286119411474714,0.2321741840357409,0.1064896172443098,0.6739077146471067,-0.5433571827471623,-0.4833736499073578,-0.0813495477693758,0.3347256942056106,0.4852700271255492,0.3993551237657112,-0.0791857211817578
1,Sawah,23,112.18768520566522,-8.127413140445265,0.0419069722711829,0.077347112096408,0.0713620003541507,0.1390718737382585,0.246212843074263,0.2655847841470912,0.2631576570582696,0.2965648351030145,0.2191626737461628,0.1134869935011167,0.5733464443146691,-0.5456914594102611,-0.4782829031038034,-0.0912152783348672,0.308494959994089,0.3482059639474902,0.3447414120216464,-0.0244127205122664
6,Danau,13,112.45267134880744,-7.227218209066463,0.0527403768682428,0.0668286660361118,0.0212222388521,0.0190469063607582,0.0368974545969724,0.001,0.0366523117382401,0.0267961881317513,0.047469504808661,0.001,0.2666123963319929,0.2916125712694842,0.1693741983357558,0.1285896261619626,0.3160799318602753,0.0501998044263008,0.0414880178791417,-0.1309486615340977
2,Bangunan,34,112.71305184244696,-7.145323805701488,0.089089483890113,0.1206050460833203,0.1353159770809002,0.1362159493809961,0.1561931636562605,0.2035230967059574,0.1857708497187785,0.1801461754789791,0.2368946843622738,0.2383175414983412,0.1571377841427874,-0.2126988588712365,-0.3252859458347619,0.1209557685693289,0.153903515058464,0.0948759689049735,0.0921733323280824,0.1504476764191875
1,Sawah,32,112.6216807960833,-7.40990431095617,0.0514700287114907,0.1150676767875824,0.0643294106240278,0.1348613383348007,0.2180179138266053,0.2647271289728506,0.2737340086559499,0.3026945609346159,0.2147864225103536,0.138886722740021,0.6194240058817871,-0.4080906472390297,-0.3023116754731912,-0.120665549001089,0.3398782462993015,0.411021084036561,0.3748008680748146,-0.0762645850425591
5,Perairan Terbuka (Laut),7,112.85114134196148,-6.731541516906486,0.039213717816673,0.0591519575569566,0.0293482404823661,0.0324967326592234,0.025357128866433,0.0026812157836051,0.0065857546717692,0.001,0.0184711338773561,0.001,-0.6334526700832117,0.7996354041444996,0.524081460861998,0.4743357782810585,-0.662981787853734,-0.064042299803498,-0.0637088317304364,0.021575803566349
5,Perairan Terbuka (Laut),18,114.6216108939734,-6.081810952462813,0.042028146465398,0.07843075438215,0.0243039607822555,0.0168733553670795,0.00509472620236,0.001,0.0429894183858969,0.0405660108615299,0.0190111774432713,0.001,0.2776715563544328,0.2918900121487051,0.609794728162215,-0.386742098768716,0.4362654943173816,0.0534724502530046,0.0494068632469518,-0.324955567061101
1,Sawah,1,112.72189266944076,-7.1415694,0.0416814139153932,0.0960695680839442,0.0790440541563283,0.1280496090775226,0.2392865752769728,0.2525863206541989,0.2704855515109055,0.292209834957297,0.202952452372519,0.1265318750393612,0.5477118209812685,-0.4758247085565659,-0.3574415147351836,-0.1426440176787564,0.3573986843862927,0.3341879890565301,0.3380250012668175,-0.0507780438730014
1,Sawah,35,112.62479346918238,-7.416207549999999,0.0424009595604319,0.0990932415313199,0.0780444545377134,0.1242155502771525,0.2264533037005323,0.2464923436412183,0.2758271130127731,0.263602764384568,0.2212769469875318,0.1219293238873689,0.5589108480379152,-0.4713904403109105,-0.3813828797233399,-0.1097359090478398,0.3789884836526886,0.3467227243372129,0.3474456803423756,-0.0306156377915238
1,Sawah,22,112.82036538985469,-7.425402500000001,0.0621379209777975,0.081431585577316,0.0334543650512901,0.1152487603201145,0.240316416973998,0.2881932553758473,0.286637547172382,0.2661198049663781,0.2145232846021935,0.1352327282472439,0.7909702546723627,-0.5575201579782952,-0.4497026810014947,-0.14389445035228,0.4264608752041309,0.6197393305172685,0.4630880606441803,-0.1689104175924033
5,Perairan Terbuka (Laut),24,115.53724379449396,-5.338154574633323,0.0559012370777078,0.0285462007513644,0.0416569268891329,0.0390165591603002,0.0117776131273444,0.0174121702102402,0.001,0.0150160676556938,0.0101107746119548,0.0125312139284228,-0.953114274773887,0.9323093703606882,0.4768977781951541,0.8199944747468347,-0.9500206666443016,-0.1222129162417615,-0.1123829574668987,-0.0472401368460738
2,Bangunan,7,112.71487244991384,-7.144973051580735,0.1016117305404597,0.1036172650936956,0.1449577929288139,0.1841786571620123,0.1626430675895943,0.1859271422854758,0.1387584692094216,0.1994160619927274,0.2553043657111069,0.2277225359638442,-0.0218504348352133,-0.1449864775934692,-0.422618998622812,0.2957546002262169,-0.1406471542070464,-0.0124342866136686,-0.0118652451509908,0.249584580838744
4,Lahan Hijau,11,112.45888997337588,-6.9299734,0.0432354807082892,0.059371204331365,0.0464658173889947,0.1034408149223869,0.2808863999953753,0.3403847612601865,0.3654064936114374,0.3642437008497718,0.1864145432831961,0.0851963888654785,0.7743678487960802,-0.720459878288669,-0.516886514649225,-0.3243659411956281,0.5587441227923936,0.6040839236637205,0.5246469363772986,-0.2739758287227432
1,Sawah,16,112.3908269368798,-7.318007969306784,0.0623961096483988,0.0841886233090034,0.0905317694785534,0.130839090251986,0.2374418106213318,0.2754949940047507,0.2656757181280902,0.2960747347838701,0.2435157936929652,0.1159440458685683,0.4916908101360733,-0.5187356149382915,-0.4861917070126427,-0.0435198228508428,0.3400544561927259,0.3265428719072509,0.3068367501768465,0.0090251629354163
3,Mangrove,4,112.77183531620815,-7.201416427717601,0.0304670227941746,0.0472721253697103,0.0142711253275861,0.0887194561952156,0.2633319836382418,0.2995956624534718,0.3032301568993312,0.3375121970031917,0.1005901861112468,0.0719849025251802,0.9101035077241776,-0.730260668040072,-0.3605926340993965,-0.5018072362960898,0.5472915216402557,0.6225664157795785,0.5301992263264809,-0.4878647313405662
2,Bangunan,33,112.71375558352416,-7.145833455648915,0.078669223507898,0.1076724705538866,0.1412938075433751,0.1422910849036976,0.1682629473504235,0.1958782922421272,0.1604733039387973,0.1969033136238419,0.2753713510062616,0.2337259741445428,0.0635572784511278,-0.1969109276023303,-0.4378059913132828,0.2636215575898856,0.0600540210312001,0.0338091715901928,0.0358822957204488,0.2706931233392729
3,Mangrove,14,112.83085783722797,-7.262743400971543,0.0317277132472918,0.0554348909262311,0.0174326511183352,0.1105453818856811,0.278555758127637,0.2992411889784985,0.3196187343566976,0.3004497745204263,0.1091681993778812,0.0493985763184334,0.8965578999650453,-0.7043895190368706,-0.3264416726680735,-0.4908044483890027,0.4860315960599117,0.6368479517875799,0.5415188753320136,-0.4702309177829519
4,Lahan Hijau,3,112.46131960252848,-6.917011229210185,0.0518927067777651,0.0526522168711627,0.0128111745014703,0.1040253848202778,0.2908798609471994,0.3586302099771135,0.3463327999215616,0.3747711955106751,0.1678988062283161,0.0982759240356567,0.9286571632650652,-0.7360692004805256,-0.5225393526405562,-0.3469914941289076,0.5380326654930229,0.8063833633008921,0.5823033775754608,-0.3757163454597474
4,Lahan Hijau,5,112.46433688395328,-6.92611291226127,0.0529959610053639,0.0637548493978569,0.0475790127389915,0.0785575264245479,0.3067742218432021,0.3408672363778196,0.3425230871066688,0.3928157699101756,0.1651953036630589,0.08180513462231,0.7560689207474138,-0.686151552853412,-0.4430678576359992,-0.3492640532983405,0.626876544711017,0.5992228635969261,0.4970397346868734,-0.3004220365868045
4,Lahan Hijau,18,112.40142213188489,-6.9151002,0.0573451194534853,0.0714801380420442,0.018674089794438,0.0895648132072497,0.2649416779598297,0.360913005404387,0.3425597791262508,0.3591423134955411,0.1771688368048316,0.0675883149642183,0.8966094165060541,-0.6547186133246712,-0.4250518161308373,-0.3182255833785473,0.5854676401714245,0.7903383499939992,0.5641075572266644,-0.3425307873790739
6,Danau,24,112.42464378909403,-7.2710817,0.033282290565702,0.0306599720389707,0.0249744146589702,0.0322173203007823,0.0369667493624313,0.0452553270962728,0.0348660003624725,0.0173578159167358,0.0349770185693449,0.009338722943383,0.1652994140274325,-0.0641887194522642,-0.0657715477902452,0.0015895390402773,0.0394834363597261,0.0264453944093212,0.0265028714561186,-0.063988097475196
2,Bangunan,34,112.7130680748163,-7.1453107,0.0851334052661897,0.1345199820683079,0.1386956003659097,0.1650971286173564,0.1769032795915259,0.1949152570218647,0.1812407730279478,0.221152429929529,0.2646411925963989,0.2493627640870429,0.1329801050057,-0.1479626269497455,-0.3259866401370458,0.1870459579243658,0.0466124102712621,0.0773597071258332,0.0778325746532069,0.2045100354361899
6,Danau,28,112.40445144810248,-7.15922975,0.0352002112311556,0.0742915273710993,0.0515991470865099,0.0458471008080778,0.0254747883580373,0.0204629616517855,0.0154561130914153,0.0381571087187685,0.0078913429181087,0.0213613572707557,-0.5390037017258372,0.6555650189900314,0.8079564927747902,-0.3240083136343591,-0.495748677561015,-0.0851586966817023,-0.0956071741149723,0.0802035506501564
4,Lahan Hijau,10,112.46117173367492,-6.928340342156925,0.0517139736716378,0.0409357074389166,0.0188269411813572,0.1251164752359294,0.2852735617444369,0.3437113901499009,0.325990893210306,0.3723433872663908,0.1621414149583003,0.1032511826113588,0.8908006503783508,-0.7768724984510627,-0.5968456982833389,-0.3356661199728335,0.4452918120600942,0.7305789485457529,0.5453790264444374,-0.3521495254884086
3,Mangrove,24,114.42703541355002,-7.789986716584338,0.0466151600922564,0.0729092628350544,0.0311678508640095,0.094440804196902,0.275392845021603,0.2997036321024622,0.2877259494162231,0.3042562698377317,0.1033802825915647,0.0613196542575891,0.8045251978001268,-0.5956619838770214,-0.1728464357311959,-0.471344231481444,0.505761275375686,0.5700686279660037,0.4699475654799507,-0.4260984414226013
4,Lahan Hijau,9,112.4561108610785,-6.92033815,0.0392026526789536,0.0351694124401922,0.0479324124007691,0.1056694393905111,0.3086192274002032,0.3627180993424601,0.3336562861626624,0.3922710513991173,0.1590350417858223,0.0755629109447837,0.7487744634177702,-0.8092897920179528,-0.6378104415857796,-0.3544232141237832,0.5189471797175917,0.5381955038764282,0.4861516615868943,-0.2861054383925721
1,Sawah,21,112.61713115769868,-7.194924914145121,0.0572762265059619,0.0638365800669901,0.0506963883919543,0.1537424417016,0.2161478033010004,0.2543408389279704,0.2694135161817517,0.2886471137993391,0.1964624024033506,0.1154254017193034,0.683256356587307,-0.6168848495828541,-0.509513408650988,-0.1565891489806332,0.2733532922126187,0.4779573336669531,0.4000386897597951,-0.1385922366501437
1,Sawah,33,112.62547902469076,-7.412289881001679,0.0364844895611757,0.1036351638825599,0.0444583208216003,0.1083797380039892,0.2466495446465855,0.2903514473619594,0.2588252559191153,0.2805187126578663,0.2192435309482996,0.0850935030458203,0.706820120939032,-0.4281573466512904,-0.3580551103511065,-0.0827950411642289,0.4097044430090896,0.4280689903092755,0.4002950041017242,-0.0565424649673273
4,Lahan Hijau,10,112.46493179420654,-6.9272650295860005,0.0242735853619821,0.0720269386485067,0.0253542218835061,0.0967264983317924,0.2755707929091993,0.3553715541898882,0.30821344089674,0.3933636472239419,0.1698451447858175,0.1082994494216558,0.8479815333646402,-0.6211504993487358,-0.4044212310241676,-0.2894379474932481,0.5222674316729354,0.5531998000606397,0.5090034648233545,-0.2601690344286549
3,Mangrove,9,112.77620294431046,-7.2079847,0.0445236838855694,0.0962670830417466,0.0091571497167281,0.1218725621121866,0.2610520327754919,0.312091503252002,0.2752833428834329,0.3520212273399795,0.1217977512699774,0.0494163494782067,0.9356128932218748,-0.4818087852116379,-0.1170783367787594,-0.3865346234983991,0.3862734469141654,0.6677872225006114,0.5088840944797185,-0.4189620146129197
5,Perairan Terbuka (Laut),2,110.20487127418149,-8.1350053,0.0744084671249535,0.0487500105950507,0.0306994026419102,0.0503145069825843,0.0299221759196822,0.0068655690125489,0.0102908311386902,0.0274239695678494,0.001,0.001,-0.4978886218255763,0.6513995680888481,0.9597989842438758,-0.8228650487906378,-0.6603985131376711,-0.0801689586142869,-0.0565867095989853,-0.4553306416143513
3,Mangrove,7,112.77235294649871,-7.20261274640406,0.0100253285991377,0.0400810122900983,0.0379987803182064,0.0798179335310066,0.2566164946839709,0.3045622566927926,0.2829360900695596,0.314636064984617,0.1085881840314827,0.0575547543128608,0.7631994263889458,-0.7518334950488932,-0.4608027283096101,-0.4453054819987398,0.5599335714116733,0.4265004687384042,0.447545813778731,-0.3330110168551666
1,Sawah,7,112.69548802473084,-7.96921,0.0460865026549872,0.0925988390769919,0.0735543308307887,0.1284256276599974,0.2504577548739903,0.2664501176302215,0.2432889283865479,0.2779513986207244,0.2182678759305254,0.1259326365954376,0.5357052488329114,-0.4486322618976617,-0.4042537537228478,-0.0542101257478675,0.3090094228194771,0.3169135350900162,0.311690025547358,0.0042098858571048
2,Bangunan,26,112.71374260644494,-7.145139152440149,0.1076606192382027,0.0990924727194806,0.130615638403979,0.1761358445124128,0.1753513443546253,0.1754328328838021,0.1866969153186778,0.199098616283673,0.2601886775352775,0.249852277900802,0.1767382855800202,-0.3065349728134948,-0.4483847935055385,0.1644531916609897,0.0291072690957512,0.1205596697111802,0.1029250254249656,0.1407649611136002
6,Danau,8,112.49071906284964,-7.178414718729996,0.0300831126418769,0.0337164464762674,0.0261251946409332,0.0381088669544513,0.0201347083681129,0.03096703389154,0.0294222391663672,0.0264560033245349,0.0132020789904689,0.0075135262501919,0.0593554776538599,0.0680123001956866,0.4372338398210876,-0.380537695305259,-0.1286315027020524,0.0085811366194954,0.0089021503605151,-0.2041641399580128
5,Perairan Terbuka (Laut),12,114.029058296991,-6.473338522214597,0.0537851874701217,0.042825008577509,0.0159640020122347,0.0121770196631949,0.001,0.0164757394433814,0.001,0.0049921147376391,0.0040914719073354,0.001,-0.882103239515015,0.9543639346738124,0.8255848572678182,0.607186164711094,-0.8482205461219127,-0.0539519311635065,-0.0434188897698545,-0.464048719527835
4,Lahan Hijau,7,112.45760863088046,-6.925725826751854,0.0349378539531007,0.0724190740117081,0.0428071298015532,0.0802741808644363,0.2587724983977623,0.3668383980522402,0.3579397626757266,0.3848436384560708,0.2024356008177004,0.1058491477356241,0.786363258214601,-0.6634479500834354,-0.4730373475133763,-0.2774999968076758,0.6336301828611522,0.582393181358264,0.5247855454835036,-0.2313590005629752
1,Sawah,4,112.60818113105104,-7.4320077,0.0503769306682405,0.0767009630710049,0.075122630283052,0.1298059184784462,0.2081960108010255,0.2510641605171425,0.2704413536337746,0.3054317137961826,0.1767871894343549,0.1251858986970237,0.5652172444930381,-0.5581007577633689,-0.3948359123663492,-0.2094100777815125,0.3513713761540037,0.3634918315548087,0.3464883682355402,-0.1203161918905154
6,Danau,0,112.52314784911972,-7.18254775,0.0285624825053571,0.0243786844188001,0.0277992505480712,0.0492037827401706,0.0099538486822202,0.0374795380087776,0.0213351838051853,0.0203436657925153,0.0328200962973695,0.001,-0.1315587875674536,0.0665771824892456,-0.1475802740075338,0.2120737305459651,-0.3950809021561879,-0.0165930450840041,-0.0176570608356556,0.0970138454859606
